uses,0.00015946420028703555
africa,0.04608515388295328
disambiguation,0.00015946420028703555
area,0.002232498804018498
km,0.0017541062031573912
sq,0.0006378568011481422
mi,0.0014351778025833198
population,0.0036676766066018177
nd,0.00015946420028703555
pop,0.00015946420028703555
density,0.0006378568011481422
demonym,0.00015946420028703555
african,0.018497847233296123
countries,0.004624461808324031
list,0.002073034603731462
dependencies,0.0003189284005740711
mayotte,0.00047839260086110665
r,0.0006378568011481422
union,0.005102854409185138
canary,0.0006378568011481422
islands,0.0015946420028703555
ceuta,0.0006378568011481422
madeira,0.0006378568011481422
melilla,0.0006378568011481422
saint,0.0009567852017222133
helena,0.00047839260086110665
languages,0.0036676766066018177
time,0.0007973210014351777
zones,0.0003189284005740711
utc,0.0003189284005740711
largest,0.0023919630043055333
cities,0.0007973210014351777
metropolitan,0.0006378568011481422
areas,0.0019135704034444266
africalist,0.00015946420028703555
map,0.0017541062031573912
world,0.008451602615212885
s,0.009886780417796203
second,0.0007973210014351777
populous,0.00015946420028703555
continent,0.0030298198054536755
million,0.003189284005740711
including,0.0014351778025833198
adjacent,0.00015946420028703555
covers,0.00047839260086110665
percent,0.0003189284005740711
earth,0.0007973210014351777
total,0.0007973210014351777
surface,0.00047839260086110665
land,0.0017541062031573912
billion,0.0007973210014351777
people,0.004943390208898102
table,0.0003189284005740711
accounts,0.00015946420028703555
human,0.002232498804018498
surrounded,0.00047839260086110665
mediterranean,0.0006378568011481422
sea,0.0007973210014351777
north,0.004943390208898102
suez,0.0009567852017222133
canal,0.0006378568011481422
red,0.00047839260086110665
sinai,0.0003189284005740711
peninsula,0.0009567852017222133
northeast,0.0006378568011481422
indian,0.0015946420028703555
ocean,0.0006378568011481422
southeast,0.0003189284005740711
atlantic,0.001116249402009249
west,0.004464997608036996
includes,0.00047839260086110665
madagascar,0.0009567852017222133
various,0.0006378568011481422
archipelagoes,0.00015946420028703555
fully,0.00047839260086110665
recognized,0.00047839260086110665
sovereign,0.0009567852017222133
states,0.006059639610907351
territories,0.0015946420028703555
facto,0.0003189284005740711
independent,0.0017541062031573912
limited,0.0003189284005740711
recognition,0.0006378568011481422
particularly,0.00047839260086110665
central,0.004146069207462924
eastern,0.0019135704034444266
widely,0.0003189284005740711
accepted,0.0003189284005740711
origin,0.0012757136022962844
humans,0.0009567852017222133
hominidae,0.00015946420028703555
clade,0.00015946420028703555
great,0.0014351778025833198
apes,0.00015946420028703555
evidenced,0.00015946420028703555
discovery,0.00015946420028703555
earliest,0.0006378568011481422
hominids,0.00015946420028703555
ancestors,0.00015946420028703555
later,0.0003189284005740711
ones,0.00047839260086110665
dated,0.0006378568011481422
seven,0.00015946420028703555
years,0.0028703556051666397
ago,0.0006378568011481422
sahelanthropus,0.00015946420028703555
tchadensis,0.00015946420028703555
australopithecus,0.0006378568011481422
africanus,0.00047839260086110665
afarensis,0.0006378568011481422
homo,0.0006378568011481422
erectus,0.00015946420028703555
h,0.0006378568011481422
habilis,0.00015946420028703555
ergaster,0.0003189284005740711
sapiens,0.0003189284005740711
modern,0.002551427204592569
ethiopia,0.002232498804018498
circa,0.00015946420028703555
straddles,0.00015946420028703555
equator,0.00015946420028703555
encompasses,0.00015946420028703555
numerous,0.0003189284005740711
climate,0.0014351778025833198
stretch,0.00015946420028703555
northern,0.0033487482060277464
temperate,0.0003189284005740711
southern,0.004624461808324031
contents,0.00015946420028703555
etymology,0.00047839260086110665
history,0.003986605007175889
prehistory,0.0006378568011481422
early,0.0017541062031573912
civilizations,0.00047839260086110665
th,0.0052623186094721735
centuries,0.0012757136022962844
height,0.0003189284005740711
slave,0.002232498804018498
trade,0.0030298198054536755
colonialism,0.0007973210014351777
scramble,0.0009567852017222133
berlin,0.00047839260086110665
conference,0.00047839260086110665
independence,0.0014351778025833198
struggles,0.0003189284005740711
post,0.0007973210014351777
colonial,0.002073034603731462
geography,0.0007973210014351777
fauna,0.00047839260086110665
ecology,0.0003189284005740711
biodiversity,0.00047839260086110665
politics,0.0006378568011481422
economy,0.0009567852017222133
demographics,0.0006378568011481422
culture,0.0015946420028703555
visual,0.00047839260086110665
art,0.0014351778025833198
architecture,0.0007973210014351777
music,0.0014351778025833198
dance,0.0009567852017222133
sports,0.0003189284005740711
religion,0.0012757136022962844
regions,0.0023919630043055333
references,0.00047839260086110665
reading,0.00047839260086110665
external,0.00047839260086110665
links,0.00047839260086110665
afri,0.00015946420028703555
latin,0.0009567852017222133
used,0.001116249402009249
refer,0.0003189284005740711
carthaginians,0.00015946420028703555
dwelt,0.00015946420028703555
day,0.0019135704034444266
tunisia,0.0014351778025833198
originally,0.0006378568011481422
referred,0.00015946420028703555
native,0.0003189284005740711
libyan,0.00015946420028703555
tribe,0.0003189284005740711
terence,0.00015946420028703555
biography,0.00015946420028703555
discussion,0.00015946420028703555
usually,0.00015946420028703555
connected,0.00015946420028703555
phoenician,0.00015946420028703555
afar,0.0003189284005740711
dust,0.00015946420028703555
hypothesis,0.0003189284005740711
asserted,0.0003189284005740711
stems,0.00015946420028703555
berber,0.0012757136022962844
ifri,0.00015946420028703555
plural,0.00015946420028703555
ifran,0.0003189284005740711
cave,0.0003189284005740711
reference,0.00015946420028703555
dwellers,0.00015946420028703555
word,0.0006378568011481422
banu,0.00047839260086110665
algeria,0.001116249402009249
tripolitania,0.00015946420028703555
yafran,0.00015946420028703555
known,0.0012757136022962844
ifrane,0.00015946420028703555
northwestern,0.0003189284005740711
libya,0.0015946420028703555
roman,0.0009567852017222133
rule,0.0007973210014351777
carthage,0.00047839260086110665
capital,0.001116249402009249
province,0.00015946420028703555
included,0.00047839260086110665
coastal,0.0006378568011481422
suffix,0.00015946420028703555
ica,0.00015946420028703555
denote,0.00015946420028703555
e,0.0017541062031573912
g,0.0006378568011481422
celtica,0.00015946420028703555
celtae,0.00015946420028703555
julius,0.00015946420028703555
caesar,0.00015946420028703555
muslim,0.001116249402009249
kingdom,0.0014351778025833198
ifriqiya,0.00015946420028703555
preserved,0.00015946420028703555
form,0.00047839260086110665
according,0.0014351778025833198
ancient,0.001116249402009249
romans,0.00047839260086110665
lay,0.00015946420028703555
egypt,0.0033487482060277464
asia,0.0012757136022962844
anatolia,0.00015946420028703555
lands,0.00047839260086110665
east,0.0033487482060277464
definite,0.00015946420028703555
line,0.00047839260086110665
drawn,0.0003189284005740711
continents,0.0012757136022962844
geographer,0.00015946420028703555
ptolemy,0.00015946420028703555
ad,0.0007973210014351777
indicating,0.0003189284005740711
alexandria,0.0003189284005740711
prime,0.00015946420028703555
meridian,0.00015946420028703555
making,0.00047839260086110665
isthmus,0.0003189284005740711
boundary,0.0003189284005740711
europeans,0.0007973210014351777
came,0.0003189284005740711
understand,0.00015946420028703555
real,0.00015946420028703555
extent,0.0003189284005740711
idea,0.00015946420028703555
expanded,0.0006378568011481422
knowledge,0.00015946420028703555
etymological,0.00015946420028703555
hypotheses,0.00015946420028703555
postulated,0.00015946420028703555
st,0.00047839260086110665
century,0.003827140806888853
jewish,0.00015946420028703555
historian,0.00015946420028703555
flavius,0.00015946420028703555
josephus,0.00015946420028703555
ant,0.00015946420028703555
named,0.0003189284005740711
epher,0.00015946420028703555
grandson,0.00015946420028703555
abraham,0.00015946420028703555
gen,0.00015946420028703555
descendants,0.00015946420028703555
claimed,0.00047839260086110665
invaded,0.00015946420028703555
isidore,0.00015946420028703555
seville,0.00015946420028703555
etymologiae,0.00015946420028703555
xiv,0.00015946420028703555
suggests,0.00015946420028703555
aprica,0.00015946420028703555
sunny,0.00015946420028703555
leo,0.00015946420028703555
proposed,0.0003189284005740711
greek,0.00047839260086110665
aphrike,0.00015946420028703555
cold,0.0006378568011481422
suggested,0.00015946420028703555
phrike,0.00015946420028703555
horror,0.0003189284005740711
combined,0.00015946420028703555
privative,0.00015946420028703555
prefix,0.00015946420028703555
indicated,0.0003189284005740711
free,0.0003189284005740711
theory,0.00015946420028703555
aphrik,0.0003189284005740711
comes,0.00015946420028703555
aphr,0.00015946420028703555
foam,0.0003189284005740711
meaning,0.0003189284005740711
big,0.00015946420028703555
waves,0.00015946420028703555
like,0.00047839260086110665
attica,0.00015946420028703555
akt,0.00015946420028703555
aktik,0.00015946420028703555
coasts,0.00015946420028703555
citation,0.0014351778025833198
needed,0.0014351778025833198
massey,0.00047839260086110665
derived,0.00015946420028703555
egyptian,0.00047839260086110665
af,0.00015946420028703555
rui,0.00015946420028703555
ka,0.0006378568011481422
turn,0.0003189284005740711
opening,0.00047839260086110665
energetic,0.00015946420028703555
double,0.00015946420028703555
person,0.00047839260086110665
refers,0.00015946420028703555
womb,0.00015946420028703555
birthplace,0.0003189284005740711
egyptians,0.00047839260086110665
mich,0.00015946420028703555
le,0.00015946420028703555
fruyt,0.00015946420028703555
revue,0.00015946420028703555
philologie,0.00015946420028703555
linking,0.00015946420028703555
africus,0.00015946420028703555
south,0.004783926008611067
wind,0.0003189284005740711
umbrian,0.00015946420028703555
mean,0.0003189284005740711
rainy,0.00015946420028703555
irish,0.00015946420028703555
female,0.00015946420028703555
aifric,0.00015946420028703555
anglicised,0.00015946420028703555
given,0.00015946420028703555
unrelated,0.00015946420028703555
toponym,0.00015946420028703555
main,0.002551427204592569
article,0.002551427204592569
information,0.0009567852017222133
recent,0.0009567852017222133
lucy,0.00015946420028703555
skeleton,0.00015946420028703555
discovered,0.00047839260086110665
november,0.0006378568011481422
awash,0.00015946420028703555
valley,0.00047839260086110665
depression,0.00015946420028703555
considered,0.0009567852017222133
paleoanthropologists,0.00015946420028703555
oldest,0.0006378568011481422
inhabited,0.00047839260086110665
territory,0.0007973210014351777
species,0.0006378568011481422
originating,0.00015946420028703555
middle,0.0014351778025833198
anthropologists,0.00015946420028703555
fossils,0.00015946420028703555
evidence,0.0003189284005740711
occupation,0.0003189284005740711
fossil,0.00015946420028703555
remains,0.0003189284005740711
apelike,0.00015946420028703555
thought,0.00047839260086110665
evolved,0.00015946420028703555
man,0.00047839260086110665
radiometrically,0.00015946420028703555
approximately,0.0007973210014351777
bc,0.0027108914048796042
paranthropus,0.00015946420028703555
boisei,0.00015946420028703555
c,0.0023919630043055333
humanity,0.0003189284005740711
nation,0.0003189284005740711
instead,0.0003189284005740711
groups,0.0028703556051666397
hunter,0.00047839260086110665
gatherers,0.0003189284005740711
khoi,0.0003189284005740711
san,0.001116249402009249
end,0.0009567852017222133
ice,0.00015946420028703555
ages,0.0003189284005740711
estimated,0.0009567852017222133
sahara,0.0023919630043055333
green,0.0003189284005740711
fertile,0.00015946420028703555
populations,0.0006378568011481422
returned,0.00047839260086110665
interior,0.0003189284005740711
highlands,0.00015946420028703555
sub,0.002232498804018498
saharan,0.003986605007175889
warming,0.00015946420028703555
drying,0.00015946420028703555
meant,0.00015946420028703555
region,0.0012757136022962844
increasingly,0.00047839260086110665
dry,0.0003189284005740711
hostile,0.00015946420028703555
trekked,0.00015946420028703555
nile,0.00047839260086110665
cataract,0.00015946420028703555
permanent,0.0006378568011481422
semi,0.00015946420028703555
settlements,0.0003189284005740711
major,0.0014351778025833198
climatic,0.00015946420028703555
recession,0.00015946420028703555
occurred,0.0003189284005740711
lessening,0.00015946420028703555
heavy,0.00015946420028703555
persistent,0.00015946420028703555
rains,0.00015946420028703555
conditions,0.00015946420028703555
prevailed,0.00015946420028703555
domestication,0.00015946420028703555
cattle,0.0003189284005740711
preceded,0.00015946420028703555
agriculture,0.00047839260086110665
existed,0.00015946420028703555
alongside,0.00015946420028703555
gatherer,0.00015946420028703555
cultures,0.0006378568011481422
speculated,0.00015946420028703555
domesticated,0.0003189284005740711
complex,0.0003189284005740711
animals,0.0003189284005740711
donkey,0.00015946420028703555
small,0.0012757136022962844
screw,0.00015946420028703555
horned,0.00015946420028703555
goat,0.00015946420028703555
common,0.00047839260086110665
nubia,0.0006378568011481422
year,0.001116249402009249
started,0.00015946420028703555
drier,0.00015946420028703555
exceedingly,0.00015946420028703555
fast,0.00015946420028703555
pace,0.00015946420028703555
change,0.00015946420028703555
caused,0.00047839260086110665
lakes,0.00015946420028703555
rivers,0.0003189284005740711
shrink,0.00015946420028703555
significantly,0.00015946420028703555
increasing,0.0009567852017222133
desertification,0.00015946420028703555
decreased,0.00015946420028703555
conducive,0.00015946420028703555
helped,0.00015946420028703555
cause,0.00015946420028703555
migrations,0.00015946420028703555
farming,0.0003189284005740711
communities,0.0009567852017222133
tropical,0.00047839260086110665
millennium,0.00015946420028703555
ironworking,0.00047839260086110665
introduced,0.0003189284005740711
quickly,0.00015946420028703555
spread,0.0009567852017222133
parts,0.0006378568011481422
metalworking,0.00015946420028703555
began,0.00047839260086110665
commonplace,0.00015946420028703555
established,0.001116249402009249
roughly,0.0003189284005740711
didn,0.00015946420028703555
t,0.0009567852017222133
begin,0.00015946420028703555
copper,0.00015946420028703555
objects,0.00015946420028703555
dating,0.00015946420028703555
excavated,0.00015946420028703555
suggesting,0.00015946420028703555
trans,0.00047839260086110665
networks,0.00015946420028703555
date,0.00047839260086110665
colossal,0.00015946420028703555
statues,0.00015946420028703555
ramesses,0.00015946420028703555
ii,0.0009567852017222133
abu,0.00015946420028703555
simbel,0.00015946420028703555
origins,0.00047839260086110665
bantu,0.0012757136022962844
historical,0.00047839260086110665
record,0.0006378568011481422
opens,0.00015946420028703555
rise,0.00015946420028703555
literacy,0.00015946420028703555
pharaonic,0.00015946420028703555
civilisation,0.0003189284005740711
longest,0.00015946420028703555
lasting,0.00015946420028703555
state,0.0017541062031573912
continued,0.00015946420028703555
varying,0.00015946420028703555
levels,0.0006378568011481422
influence,0.0009567852017222133
reached,0.0003189284005740711
deep,0.0003189284005740711
crete,0.00015946420028703555
canaan,0.00015946420028703555
kingdoms,0.0014351778025833198
aksum,0.00015946420028703555
centre,0.00047839260086110665
trading,0.00047839260086110665
phoenicia,0.0003189284005740711
phoenicians,0.0003189284005740711
tyre,0.00015946420028703555
coast,0.0014351778025833198
european,0.002551427204592569
exploration,0.0003189284005740711
greeks,0.0003189284005740711
alexander,0.00015946420028703555
welcomed,0.00015946420028703555
liberator,0.00015946420028703555
persian,0.00015946420028703555
occupied,0.0003189284005740711
founded,0.0006378568011481422
prosperous,0.00015946420028703555
ptolemaic,0.0003189284005740711
dynasty,0.0003189284005740711
death,0.0003189284005740711
following,0.0006378568011481422
conquest,0.00015946420028703555
coastline,0.00047839260086110665
empire,0.0012757136022962844
integrated,0.0003189284005740711
economically,0.0003189284005740711
culturally,0.00015946420028703555
settlement,0.00015946420028703555
christianity,0.0003189284005740711
judaea,0.00015946420028703555
borders,0.0006378568011481422
latest,0.00015946420028703555
aksumite,0.00015946420028703555
thanks,0.00015946420028703555
syro,0.00015946420028703555
missionaries,0.00015946420028703555
arrived,0.0003189284005740711
way,0.0003189284005740711
newly,0.0003189284005740711
formed,0.00047839260086110665
arabian,0.0009567852017222133
islamic,0.0007973210014351777
caliphate,0.00015946420028703555
short,0.00015946420028703555
local,0.0006378568011481422
elite,0.00015946420028703555
arab,0.002551427204592569
tribes,0.0006378568011481422
umayyad,0.00015946420028703555
damascus,0.00015946420028703555
fell,0.00015946420028703555
center,0.0006378568011481422
shifted,0.00015946420028703555
syria,0.00015946420028703555
qayrawan,0.00015946420028703555
diverse,0.00015946420028703555
hub,0.00015946420028703555
mystics,0.00015946420028703555
scholars,0.00047839260086110665
jurists,0.00015946420028703555
philosophers,0.00015946420028703555
mentioned,0.00015946420028703555
period,0.0003189284005740711
islam,0.001116249402009249
mainly,0.0006378568011481422
routes,0.0003189284005740711
migration,0.0009567852017222133
horseman,0.00015946420028703555
baguirmi,0.00015946420028703555
padded,0.00015946420028703555
armour,0.00015946420028703555
suit,0.0003189284005740711
bronzes,0.00047839260086110665
igbo,0.0014351778025833198
town,0.0006378568011481422
ukwu,0.0006378568011481422
british,0.0012757136022962844
museum,0.00047839260086110665
pre,0.00047839260086110665
possessed,0.00015946420028703555
different,0.0006378568011481422
polities,0.0003189284005740711
characterised,0.00015946420028703555
sorts,0.00015946420028703555
political,0.0019135704034444266
organisation,0.0003189284005740711
family,0.0014351778025833198
larger,0.0003189284005740711
structured,0.0003189284005740711
clan,0.0003189284005740711
groupings,0.00015946420028703555
speaking,0.0019135704034444266
heavily,0.00015946420028703555
horn,0.0007973210014351777
large,0.0009567852017222133
sahelian,0.00015946420028703555
autonomous,0.00015946420028703555
city,0.0006378568011481422
akan,0.0003189284005740711
edo,0.00015946420028703555
yoruba,0.0012757136022962844
misspelled,0.00015946420028703555
ibo,0.00015946420028703555
swahili,0.0007973210014351777
towns,0.0003189284005740711
string,0.00015946420028703555
dynastic,0.00015946420028703555
hausa,0.0006378568011481422
stretched,0.00015946420028703555
savannah,0.00015946420028703555
western,0.0027108914048796042
sudan,0.0023919630043055333
powerful,0.00015946420028703555
ghana,0.001116249402009249
gao,0.0003189284005740711
kanem,0.00047839260086110665
bornu,0.00015946420028703555
declined,0.0003189284005740711
succeeded,0.00015946420028703555
mali,0.0006378568011481422
consolidated,0.00015946420028703555
forested,0.00015946420028703555
grew,0.0003189284005740711
little,0.00015946420028703555
nri,0.00047839260086110665
nigeria,0.0009567852017222133
ruled,0.0003189284005740711
eze,0.00015946420028703555
famous,0.00015946420028703555
elaborate,0.00015946420028703555
far,0.0003189284005740711
ashanti,0.00015946420028703555
yam,0.00015946420028703555
ceremony,0.00015946420028703555
thomas,0.0003189284005740711
bowdich,0.00015946420028703555
ife,0.0006378568011481422
historically,0.00015946420028703555
government,0.0014351778025833198
priestly,0.00015946420028703555
oba,0.00015946420028703555
king,0.00047839260086110665
ruler,0.00015946420028703555
language,0.0015946420028703555
called,0.0003189284005740711
ooni,0.00015946420028703555
noted,0.00015946420028703555
religious,0.0007973210014351777
cultural,0.0003189284005740711
unique,0.00015946420028703555
naturalistic,0.00015946420028703555
tradition,0.00047839260086110665
bronze,0.00015946420028703555
sculpture,0.00015946420028703555
model,0.00015946420028703555
adapted,0.00015946420028703555
oyo,0.0007973210014351777
obas,0.00015946420028703555
kings,0.00015946420028703555
alaafins,0.00015946420028703555
controlled,0.00015946420028703555
number,0.001116249402009249
non,0.0012757136022962844
fon,0.00015946420028703555
dahomey,0.00047839260086110665
domains,0.00015946420028703555
control,0.0006378568011481422
almoravids,0.00015946420028703555
wide,0.00047839260086110665
iberian,0.00015946420028703555
hilal,0.00015946420028703555
ma,0.00015946420028703555
qil,0.00015946420028703555
collection,0.00015946420028703555
bedouin,0.00015946420028703555
migrated,0.00015946420028703555
westwards,0.00015946420028703555
resulted,0.0003189284005740711
fusion,0.00015946420028703555
arabs,0.0003189284005740711
berbers,0.0007973210014351777
locals,0.00015946420028703555
arabized,0.00015946420028703555
absorbed,0.00015946420028703555
elements,0.0003189284005740711
unifying,0.00015946420028703555
framework,0.00015946420028703555
ruins,0.0003189284005740711
zimbabwe,0.0012757136022962844
breakup,0.00015946420028703555
leader,0.00015946420028703555
sonni,0.0003189284005740711
ali,0.0003189284005740711
songhai,0.0003189284005740711
niger,0.0012757136022962844
took,0.0006378568011481422
seized,0.0003189284005740711
timbuktu,0.00015946420028703555
jenne,0.00015946420028703555
building,0.00015946420028703555
regime,0.0003189284005740711
revenues,0.00015946420028703555
cooperation,0.00015946420028703555
merchants,0.00015946420028703555
successor,0.0003189284005740711
askia,0.00015946420028703555
mohammad,0.00015946420028703555
official,0.00047839260086110665
built,0.0003189284005740711
mosques,0.00015946420028703555
brought,0.0003189284005740711
al,0.0003189284005740711
maghili,0.00015946420028703555
d,0.0017541062031573912
founder,0.00015946420028703555
important,0.0007973210014351777
sudanic,0.0003189284005740711
scholarship,0.00015946420028703555
kano,0.00015946420028703555
jigawa,0.00015946420028703555
katsina,0.00015946420028703555
gobir,0.00015946420028703555
developed,0.00047839260086110665
walled,0.00015946420028703555
engaging,0.00015946420028703555
servicing,0.00015946420028703555
caravans,0.00015946420028703555
manufacture,0.00015946420028703555
goods,0.00015946420028703555
periphery,0.00015946420028703555
empires,0.0003189284005740711
era,0.00047839260086110665
paying,0.00015946420028703555
tribute,0.00015946420028703555
borno,0.00015946420028703555
point,0.0006378568011481422
return,0.00015946420028703555
ouidah,0.00015946420028703555
benin,0.0007973210014351777
gateway,0.00015946420028703555
slaves,0.0006378568011481422
ships,0.0003189284005740711
slavery,0.0012757136022962844
long,0.0006378568011481422
practiced,0.0003189284005740711
new,0.0017541062031573912
decline,0.00047839260086110665
dramatic,0.00015946420028703555
economic,0.0036676766066018177
shifts,0.00015946420028703555
gradual,0.00015946420028703555
prompted,0.00015946420028703555
lack,0.00047839260086110665
demand,0.00015946420028703555
anti,0.0003189284005740711
legislation,0.00015946420028703555
europe,0.0009567852017222133
america,0.0012757136022962844
royal,0.0003189284005740711
navy,0.00015946420028703555
presence,0.0003189284005740711
obliged,0.00015946420028703555
adopt,0.00015946420028703555
economies,0.00047839260086110665
squadron,0.0003189284005740711
freed,0.0003189284005740711
africans,0.0015946420028703555
aboard,0.00015946420028703555
action,0.00015946420028703555
taken,0.00015946420028703555
leaders,0.00047839260086110665
refused,0.00015946420028703555
agree,0.00015946420028703555
treaties,0.0006378568011481422
outlaw,0.00015946420028703555
example,0.0003189284005740711
usurping,0.00015946420028703555
lagos,0.00015946420028703555
deposed,0.00015946420028703555
signed,0.00015946420028703555
rulers,0.00015946420028703555
powers,0.001116249402009249
asante,0.0006378568011481422
confederacy,0.00015946420028703555
adopted,0.0003189284005740711
ways,0.00015946420028703555
adapting,0.00015946420028703555
shift,0.00015946420028703555
concentrated,0.00015946420028703555
development,0.001116249402009249
legitimate,0.00015946420028703555
commerce,0.00047839260086110665
palm,0.00015946420028703555
oil,0.0003189284005740711
cocoa,0.00015946420028703555
timber,0.00015946420028703555
gold,0.0003189284005740711
forming,0.00015946420028703555
bedrock,0.00015946420028703555
export,0.0003189284005740711
unable,0.00015946420028703555
adapt,0.00015946420028703555
collapsed,0.00015946420028703555
civil,0.0007973210014351777
wars,0.00015946420028703555
colonization,0.0003189284005740711
showing,0.0007973210014351777
location,0.00015946420028703555
resources,0.0007973210014351777
sovereignty,0.0003189284005740711
belgium,0.0003189284005740711
germany,0.00015946420028703555
spain,0.0009567852017222133
france,0.0012757136022962844
united,0.0023919630043055333
italy,0.0003189284005740711
portugal,0.0009567852017222133
late,0.0003189284005740711
imperial,0.0003189284005740711
engaged,0.00015946420028703555
territorial,0.0003189284005740711
creating,0.00015946420028703555
leaving,0.00015946420028703555
abyssinia,0.00015946420028703555
liberia,0.0006378568011481422
formally,0.00015946420028703555
incorporated,0.00015946420028703555
effectively,0.0003189284005740711
administration,0.00015946420028703555
held,0.00015946420028703555
event,0.0003189284005740711
future,0.00047839260086110665
ethnic,0.0007973210014351777
convened,0.00015946420028703555
leopold,0.00015946420028703555
attended,0.00015946420028703555
laid,0.0003189284005740711
claim,0.0003189284005740711
sought,0.0003189284005740711
bring,0.00015946420028703555
agreeing,0.00015946420028703555
division,0.0003189284005740711
spheres,0.00047839260086110665
set,0.0003189284005740711
divisions,0.00015946420028703555
exist,0.00015946420028703555
today,0.0007973210014351777
continue,0.00015946420028703555
conclusion,0.00015946420028703555
war,0.0017541062031573912
remaining,0.0003189284005740711
gradually,0.00015946420028703555
obtained,0.00015946420028703555
formal,0.00015946420028703555
movements,0.0006378568011481422
gained,0.00047839260086110665
momentum,0.00015946420028703555
left,0.0003189284005740711
weakened,0.00015946420028703555
italian,0.00047839260086110665
colony,0.00015946420028703555
morocco,0.0027108914048796042
won,0.0003189284005740711
followed,0.0003189284005740711
march,0.00047839260086110665
colonies,0.00047839260086110665
rest,0.0003189284005740711
decade,0.0003189284005740711
overseas,0.00015946420028703555
notably,0.00047839260086110665
angola,0.0012757136022962844
cape,0.0012757136022962844
verde,0.0006378568011481422
mozambique,0.0007973210014351777
guinea,0.0017541062031573912
bissau,0.0006378568011481422
o,0.0009567852017222133
tom,0.0006378568011481422
pr,0.00047839260086110665
ncipe,0.00047839260086110665
lasted,0.00015946420028703555
estado,0.00015946420028703555
novo,0.0003189284005740711
overthrown,0.00015946420028703555
military,0.001116249402009249
coup,0.00015946420028703555
lisbon,0.00015946420028703555
rhodesia,0.0003189284005740711
unilaterally,0.00015946420028703555
declared,0.00015946420028703555
white,0.0006378568011481422
minority,0.0006378568011481422
ian,0.00015946420028703555
smith,0.00015946420028703555
internationally,0.0003189284005740711
recognised,0.00015946420028703555
black,0.00047839260086110665
nationalists,0.00015946420028703555
power,0.0003189284005740711
bitter,0.00015946420028703555
guerrilla,0.0003189284005740711
gain,0.0003189284005740711
remained,0.0003189284005740711
country,0.002551427204592569
racial,0.00015946420028703555
segregation,0.00015946420028703555
apartheid,0.00015946420028703555
contains,0.00015946420028703555
frequently,0.00015946420028703555
hampered,0.00015946420028703555
instability,0.00047839260086110665
corruption,0.00015946420028703555
violence,0.00015946420028703555
authoritarianism,0.00015946420028703555
vast,0.00015946420028703555
majority,0.00047839260086110665
republics,0.00015946420028703555
operate,0.00015946420028703555
presidential,0.00047839260086110665
able,0.00015946420028703555
sustain,0.00015946420028703555
democratic,0.0014351778025833198
governments,0.0006378568011481422
basis,0.00015946420028703555
cycled,0.00015946420028703555
series,0.0003189284005740711
coups,0.0003189284005740711
producing,0.00015946420028703555
dictatorships,0.00015946420028703555
mobutu,0.00015946420028703555
sese,0.00015946420028703555
seko,0.00015946420028703555
zaire,0.0003189284005740711
longtime,0.00015946420028703555
dictator,0.0003189284005740711
embezzled,0.00015946420028703555
result,0.00047839260086110665
marginalization,0.00015946420028703555
graft,0.00015946420028703555
fanned,0.00015946420028703555
conflicts,0.0007973210014351777
exacerbated,0.0003189284005740711
created,0.00015946420028703555
perceived,0.00015946420028703555
group,0.0007973210014351777
maintain,0.00015946420028703555
order,0.00015946420028703555
nations,0.0023919630043055333
assassinations,0.00015946420028703555
border,0.00015946420028703555
disputes,0.00015946420028703555
imposed,0.00015946420028703555
contested,0.00015946420028703555
armed,0.0003189284005740711
soviet,0.0009567852017222133
policies,0.0006378568011481422
international,0.0012757136022962844
monetary,0.0006378568011481422
fund,0.0003189284005740711
played,0.0003189284005740711
role,0.00015946420028703555
expected,0.00015946420028703555
align,0.00015946420028703555
superpowers,0.00015946420028703555
received,0.00015946420028703555
aid,0.00047839260086110665
supported,0.00015946420028703555
saw,0.0003189284005740711
escalation,0.00015946420028703555
aligned,0.00015946420028703555
contain,0.0003189284005740711
funding,0.0003189284005740711
insurgency,0.00015946420028703555
famine,0.00047839260086110665
hundreds,0.0003189284005740711
thousands,0.00015946420028703555
starved,0.00015946420028703555
marxist,0.00015946420028703555
situation,0.00015946420028703555
worse,0.00015946420028703555
devastating,0.00015946420028703555
conflict,0.0007973210014351777
congo,0.0028703556051666397
aftermath,0.00015946420028703555
killed,0.00015946420028703555
ongoing,0.00015946420028703555
darfur,0.00015946420028703555
humanitarian,0.00015946420028703555
disaster,0.00015946420028703555
notable,0.00015946420028703555
tragic,0.00015946420028703555
rwandan,0.00015946420028703555
genocide,0.0003189284005740711
murdered,0.00015946420028703555
aids,0.00047839260086110665
prevalent,0.00015946420028703555
issue,0.00015946420028703555
steadily,0.00015946420028703555
instance,0.00015946420028703555
nearly,0.0003189284005740711
coincided,0.00015946420028703555
abandoning,0.00015946420028703555
communist,0.00015946420028703555
style,0.00015946420028703555
command,0.00015946420028703555
market,0.0003189284005740711
reforms,0.00047839260086110665
improved,0.00015946420028703555
stability,0.00015946420028703555
led,0.0007973210014351777
increase,0.00015946420028703555
foreign,0.00047839260086110665
investment,0.00015946420028703555
china,0.001116249402009249
spurred,0.00015946420028703555
quick,0.00015946420028703555
growth,0.0009567852017222133
seemingly,0.00015946420028703555
ending,0.00015946420028703555
decades,0.00015946420028703555
stagnation,0.0003189284005740711
fasted,0.00015946420028703555
growing,0.00015946420028703555
significant,0.0006378568011481422
attributed,0.0003189284005740711
facilitated,0.00015946420028703555
diffusion,0.00015946420028703555
technologies,0.00015946420028703555
specifically,0.00015946420028703555
mobile,0.00047839260086110665
telephone,0.00015946420028703555
satellite,0.00047839260086110665
imagery,0.00015946420028703555
desert,0.0006378568011481422
clearly,0.0003189284005740711
distinguished,0.00015946420028703555
composite,0.00015946420028703555
image,0.0003189284005740711
eurasia,0.0009567852017222133
right,0.00015946420028703555
scale,0.00015946420028703555
southward,0.00015946420028703555
projections,0.00015946420028703555
landmass,0.00015946420028703555
separated,0.00015946420028703555
joined,0.00015946420028703555
extremity,0.00015946420028703555
transected,0.00015946420028703555
geopolitically,0.00015946420028703555
northerly,0.0003189284005740711
ras,0.0003189284005740711
ben,0.0003189284005740711
sakka,0.00015946420028703555
n,0.00047839260086110665
southerly,0.00015946420028703555
agulhas,0.00015946420028703555
distance,0.0003189284005740711
w,0.00015946420028703555
westernmost,0.00015946420028703555
hafun,0.00015946420028703555
somalia,0.00047839260086110665
easterly,0.00015946420028703555
projection,0.00015946420028703555
absence,0.00015946420028703555
indentations,0.00015946420028703555
shore,0.00015946420028703555
illustrated,0.00015946420028703555
fact,0.0003189284005740711
smallest,0.0003189284005740711
seychelles,0.00047839260086110665
archipelago,0.00015946420028703555
continental,0.0006378568011481422
mainland,0.0003189284005740711
gambia,0.00047839260086110665
geologically,0.00015946420028703555
zagros,0.00015946420028703555
mountains,0.0003189284005740711
iran,0.00015946420028703555
anatolian,0.00015946420028703555
plateau,0.0003189284005740711
turkey,0.00015946420028703555
mark,0.00015946420028703555
plate,0.00015946420028703555
collided,0.00015946420028703555
afrotropic,0.00015946420028703555
ecozone,0.00015946420028703555
saharo,0.00015946420028703555
unite,0.00015946420028703555
biogeographically,0.00015946420028703555
afro,0.0015946420028703555
asiatic,0.0009567852017222133
unites,0.00015946420028703555
linguistically,0.00015946420028703555
biomes,0.00015946420028703555
beach,0.00015946420028703555
mauritius,0.00047839260086110665
trou,0.00015946420028703555
aux,0.00015946420028703555
biches,0.00015946420028703555
ranges,0.00015946420028703555
subarctic,0.00015946420028703555
highest,0.00047839260086110665
peaks,0.0003189284005740711
half,0.0003189284005740711
primarily,0.0006378568011481422
arid,0.00015946420028703555
savanna,0.00047839260086110665
plains,0.0003189284005740711
dense,0.00015946420028703555
jungle,0.00047839260086110665
rainforest,0.00015946420028703555
convergence,0.00015946420028703555
vegetation,0.00015946420028703555
patterns,0.00015946420028703555
sahel,0.00047839260086110665
steppe,0.00015946420028703555
dominate,0.00015946420028703555
hottest,0.0003189284005740711
drylands,0.00015946420028703555
deserts,0.00015946420028703555
comprise,0.0003189284005740711
entire,0.00015946420028703555
temperature,0.0003189284005740711
recorded,0.00015946420028703555
f,0.0003189284005740711
ngorongoro,0.00015946420028703555
conservation,0.00015946420028703555
tanzania,0.0007973210014351777
boasts,0.00015946420028703555
combination,0.00015946420028703555
range,0.00015946420028703555
freedom,0.00015946420028703555
wild,0.0003189284005740711
animal,0.00015946420028703555
diversity,0.00047839260086110665
carnivores,0.00015946420028703555
lions,0.00015946420028703555
hyenas,0.00015946420028703555
cheetahs,0.00015946420028703555
herbivores,0.00015946420028703555
buffalo,0.00015946420028703555
elephants,0.00015946420028703555
camels,0.00015946420028703555
giraffes,0.00015946420028703555
ranging,0.0003189284005740711
freely,0.00015946420028703555
open,0.0003189284005740711
private,0.0003189284005740711
home,0.00015946420028703555
variety,0.0006378568011481422
snakes,0.00015946420028703555
primates,0.00015946420028703555
aquatic,0.00015946420028703555
life,0.0003189284005740711
crocodiles,0.00015946420028703555
amphibians,0.00015946420028703555
addition,0.00015946420028703555
megafauna,0.0003189284005740711
affected,0.00015946420028703555
extinction,0.00015946420028703555
pleistocene,0.00015946420028703555
deforestation,0.0007973210014351777
affecting,0.00015946420028703555
twice,0.0003189284005740711
rate,0.00047839260086110665
environment,0.00015946420028703555
programme,0.00015946420028703555
unep,0.00015946420028703555
university,0.0030298198054536755
pennsylvania,0.0003189284005740711
studies,0.0006378568011481422
pasture,0.00015946420028703555
forests,0.0006378568011481422
woodlands,0.00015946420028703555
classified,0.00015946420028703555
degraded,0.00015946420028703555
losing,0.00015946420028703555
hectares,0.00015946420028703555
forest,0.0003189284005740711
average,0.0003189284005740711
compared,0.0003189284005740711
sources,0.0003189284005740711
destroyed,0.00015946420028703555
original,0.0017541062031573912
virgin,0.00015946420028703555
arrival,0.00015946420028703555
lost,0.00015946420028703555
agricultural,0.0003189284005740711
suffers,0.00015946420028703555
soil,0.00015946420028703555
degradation,0.00015946420028703555
protected,0.0003189284005740711
marine,0.00015946420028703555
biosphere,0.00015946420028703555
reserves,0.0006378568011481422
wetlands,0.00015946420028703555
habitat,0.00015946420028703555
destruction,0.0003189284005740711
increases,0.00015946420028703555
poaching,0.00015946420028703555
reducing,0.0003189284005740711
biological,0.00015946420028703555
encroachment,0.00015946420028703555
unrest,0.0003189284005740711
introduction,0.0003189284005740711
threatens,0.00015946420028703555
administrative,0.0003189284005740711
problems,0.0003189284005740711
inadequate,0.0003189284005740711
personnel,0.00015946420028703555
parties,0.0003189284005740711
clear,0.00015946420028703555
signs,0.00015946420028703555
increased,0.00047839260086110665
networking,0.00015946420028703555
organisations,0.00047839260086110665
republic,0.002073034603731462
rich,0.00015946420028703555
intervening,0.00015946420028703555
neighbouring,0.00015946420028703555
involved,0.00015946420028703555
toll,0.00015946420028703555
suspended,0.00015946420028703555
highlighted,0.00015946420028703555
light,0.00015946420028703555
au,0.0009567852017222133
member,0.00015946420028703555
federation,0.0003189284005740711
consisting,0.0003189284005740711
addis,0.0006378568011481422
ababa,0.0006378568011481422
headquarters,0.00015946420028703555
june,0.001116249402009249
officially,0.00015946420028703555
july,0.001116249402009249
unity,0.0003189284005740711
oau,0.00047839260086110665
pan,0.0007973210014351777
parliament,0.0007973210014351777
pap,0.0006378568011481422
relocated,0.00015946420028703555
midrand,0.00015946420028703555
commission,0.00047839260086110665
peoples,0.0015946420028703555
rights,0.0007973210014351777
policy,0.00047839260086110665
effect,0.0003189284005740711
decentralize,0.00015946420028703555
institutions,0.0003189284005740711
shared,0.00015946420028703555
confused,0.00015946420028703555
constitutive,0.0003189284005740711
act,0.0003189284005740711
aims,0.00015946420028703555
transform,0.00015946420028703555
community,0.0019135704034444266
federated,0.00015946420028703555
commonwealth,0.00015946420028703555
conventions,0.00015946420028703555
parliamentary,0.00015946420028703555
legislative,0.0003189284005740711
judicial,0.0003189284005740711
executive,0.00015946420028703555
organs,0.00015946420028703555
president,0.0007973210014351777
head,0.00015946420028703555
elected,0.00015946420028703555
subsequently,0.00015946420028703555
gaining,0.00015946420028703555
support,0.00015946420028703555
authority,0.00047839260086110665
derive,0.00015946420028703555
protocol,0.00015946420028703555
inheritance,0.00015946420028703555
stipulated,0.00015946420028703555
subordinating,0.00015946420028703555
secretary,0.00015946420028703555
general,0.0007973210014351777
secretariat,0.00015946420028703555
consists,0.0003189284005740711
federal,0.00015946420028703555
regional,0.0006378568011481422
municipal,0.00015946420028703555
authorities,0.00015946420028703555
manage,0.00015946420028703555
affairs,0.0003189284005740711
institution,0.00015946420028703555
associations,0.00015946420028703555
offer,0.00015946420028703555
hope,0.00015946420028703555
greater,0.00047839260086110665
operation,0.0003189284005740711
peace,0.00015946420028703555
extensive,0.00015946420028703555
abuses,0.00015946420028703555
occur,0.0003189284005740711
oversight,0.00015946420028703555
violations,0.00047839260086110665
reasons,0.00015946420028703555
reported,0.00015946420028703555
times,0.0012757136022962844
include,0.0003189284005740711
sierra,0.00047839260086110665
leone,0.00047839260086110665
te,0.0006378568011481422
ivoire,0.0006378568011481422
clickable,0.00015946420028703555
euler,0.00015946420028703555
diagram,0.00015946420028703555
relationships,0.00015946420028703555
multinational,0.00015946420028703555
v,0.0012757136022962844
hover,0.00015946420028703555
mouse,0.00015946420028703555
click,0.00015946420028703555
cen,0.0003189284005740711
sad,0.0003189284005740711
comesa,0.0003189284005740711
eac,0.0003189284005740711
eccas,0.00047839260086110665
ecowas,0.0003189284005740711
igad,0.0003189284005740711
sadc,0.0003189284005740711
uma,0.00015946420028703555
lights,0.00015946420028703555
october,0.0003189284005740711
abundant,0.00015946420028703555
natural,0.00047839260086110665
poorest,0.00015946420028703555
underdeveloped,0.00015946420028703555
causes,0.00015946420028703555
deadly,0.00015946420028703555
diseases,0.00015946420028703555
hiv,0.0003189284005740711
malaria,0.00015946420028703555
corrupt,0.00015946420028703555
committed,0.00015946420028703555
failed,0.00015946420028703555
planning,0.00015946420028703555
high,0.00015946420028703555
illiteracy,0.0003189284005740711
access,0.00015946420028703555
frequent,0.00015946420028703555
tribal,0.00015946420028703555
warfare,0.00015946420028703555
report,0.0003189284005740711
ranked,0.0003189284005740711
poverty,0.0019135704034444266
malnutrition,0.00015946420028703555
water,0.00015946420028703555
supply,0.00015946420028703555
sanitation,0.00015946420028703555
poor,0.00047839260086110665
health,0.00015946420028703555
affect,0.00015946420028703555
proportion,0.00015946420028703555
reside,0.00015946420028703555
august,0.0007973210014351777
bank,0.0006378568011481422
announced,0.00015946420028703555
revised,0.00015946420028703555
global,0.00047839260086110665
estimates,0.00047839260086110665
based,0.00015946420028703555
versus,0.00015946420028703555
previous,0.00015946420028703555
measure,0.00015946420028703555
living,0.0003189284005740711
ppp,0.00015946420028703555
india,0.0003189284005740711
figures,0.0009567852017222133
confirm,0.00015946420028703555
successful,0.0003189284005740711
figure,0.00015946420028703555
rose,0.00015946420028703555
dropping,0.00015946420028703555
live,0.00015946420028703555
cents,0.00015946420028703555
poorer,0.0003189284005740711
unsuccessful,0.00015946420028703555
liberalization,0.00015946420028703555
programs,0.00015946420028703555
spearheaded,0.00015946420028703555
companies,0.0003189284005740711
reports,0.00015946420028703555
cited,0.00015946420028703555
bad,0.00015946420028703555
domestic,0.00015946420028703555
factors,0.00015946420028703555
averaging,0.00015946420028703555
experienced,0.00015946420028703555
higher,0.00015946420028703555
rates,0.00015946420028703555
equatorial,0.0006378568011481422
recently,0.00015946420028703555
begun,0.00015946420028703555
extracting,0.00015946420028703555
petroleum,0.00015946420028703555
extraction,0.00015946420028703555
capacity,0.0003189284005740711
believed,0.00015946420028703555
hold,0.00015946420028703555
cobalt,0.00015946420028703555
platinum,0.00015946420028703555
chromium,0.00015946420028703555
tantalite,0.00015946420028703555
manganese,0.00015946420028703555
uranium,0.00015946420028703555
drc,0.0003189284005740711
coltan,0.00015946420028703555
phones,0.0003189284005740711
refined,0.00015946420028703555
mineral,0.00015946420028703555
diamond,0.0003189284005740711
exporter,0.00015946420028703555
bauxite,0.00015946420028703555
driven,0.00015946420028703555
services,0.00015946420028703555
manufacturing,0.00015946420028703555
jobs,0.00015946420028703555
reduction,0.00015946420028703555
food,0.0007973210014351777
security,0.00015946420028703555
crisis,0.0003189284005740711
place,0.00015946420028703555
heels,0.00015946420028703555
financial,0.00015946420028703555
pushed,0.00015946420028703555
insecurity,0.00015946420028703555
stronger,0.0003189284005740711
ties,0.0003189284005740711
chinese,0.0003189284005740711
invested,0.00015946420028703555
harvard,0.00015946420028703555
study,0.00047839260086110665
professor,0.00015946420028703555
calestous,0.00015946420028703555
juma,0.00047839260086110665
showed,0.00015946420028703555
feed,0.0003189284005740711
transition,0.00015946420028703555
importer,0.00015946420028703555
self,0.00015946420028703555
sufficiency,0.00015946420028703555
crossroads,0.00015946420028703555
says,0.00015946420028703555
dr,0.0003189284005740711
come,0.0003189284005740711
favored,0.00015946420028703555
raw,0.00015946420028703555
materials,0.00015946420028703555
importation,0.00015946420028703555
starting,0.00015946420028703555
focus,0.0006378568011481422
innovation,0.00015946420028703555
engine,0.00015946420028703555
prosperity,0.00015946420028703555
articles,0.0007973210014351777
woman,0.00015946420028703555
rapidly,0.00015946420028703555
consequently,0.00015946420028703555
relatively,0.00015946420028703555
young,0.00015946420028703555
age,0.00015946420028703555
bushman,0.00015946420028703555
botswana,0.00047839260086110665
speakers,0.0003189284005740711
farmers,0.00015946420028703555
inland,0.00015946420028703555
progressively,0.00015946420028703555
nilotic,0.00015946420028703555
mixed,0.0006378568011481422
indigenous,0.001116249402009249
khoisan,0.00047839260086110665
bushmen,0.0003189284005740711
pygmy,0.00015946420028703555
respectively,0.0003189284005740711
predominate,0.0003189284005740711
gabon,0.00047839260086110665
cameroon,0.0006378568011481422
kalahari,0.00015946420028703555
distinct,0.0006378568011481422
closely,0.00015946420028703555
related,0.00047839260086110665
hottentots,0.00015946420028703555
present,0.00047839260086110665
physically,0.00015946420028703555
pygmies,0.0003189284005740711
speak,0.0006378568011481422
belonging,0.00015946420028703555
exclusively,0.00015946420028703555
branches,0.00015946420028703555
nilo,0.0009567852017222133
fulani,0.00015946420028703555
wolof,0.00015946420028703555
influential,0.00015946420028703555
mandinka,0.00015946420028703555
mande,0.00015946420028703555
zaghawa,0.0003189284005740711
baya,0.00015946420028703555
kanuri,0.00015946420028703555
sao,0.00015946420028703555
chadic,0.00015946420028703555
nearest,0.00015946420028703555
boys,0.00015946420028703555
atlas,0.0006378568011481422
northwest,0.00015946420028703555
libyans,0.00015946420028703555
arabic,0.0006378568011481422
semitic,0.0003189284005740711
hyksos,0.00015946420028703555
indo,0.0003189284005740711
iranian,0.00015946420028703555
alans,0.00015946420028703555
vandals,0.00015946420028703555
settled,0.00015946420028703555
make,0.00015946420028703555
nowadays,0.00015946420028703555
lesser,0.00015946420028703555
tuareg,0.00015946420028703555
nomadic,0.00015946420028703555
principal,0.00015946420028703555
inhabitants,0.0003189284005740711
mauritania,0.0006378568011481422
near,0.0003189284005740711
extinct,0.00015946420028703555
predominates,0.0003189284005740711
nubians,0.00015946420028703555
nuba,0.00015946420028703555
fur,0.00015946420028703555
variously,0.00015946420028703555
intermixed,0.00015946420028703555
migrants,0.00015946420028703555
beja,0.0003189284005740711
nomads,0.00015946420028703555
bedouins,0.00015946420028703555
ethiopian,0.0003189284005740711
eritrean,0.00015946420028703555
amhara,0.00015946420028703555
tigrayans,0.00015946420028703555
collectively,0.00015946420028703555
habesha,0.00015946420028703555
branch,0.0003189284005740711
oromo,0.00015946420028703555
somali,0.00015946420028703555
cushitic,0.00015946420028703555
anglo,0.00047839260086110665
asian,0.0006378568011481422
children,0.00015946420028703555
durban,0.0003189284005740711
prior,0.00015946420028703555
decolonization,0.0003189284005740711
represented,0.00015946420028703555
decolonisation,0.00015946420028703555
mass,0.00015946420028703555
emigration,0.00047839260086110665
descended,0.0003189284005740711
settlers,0.00015946420028703555
especially,0.00015946420028703555
pieds,0.00015946420028703555
noirs,0.00015946420028703555
kenya,0.0009567852017222133
portuguese,0.00047839260086110665
remain,0.00015946420028703555
namibia,0.001116249402009249
afrikaners,0.00015946420028703555
coloureds,0.0003189284005740711
sizable,0.00015946420028703555
asians,0.00015946420028703555
subcontinent,0.0003189284005740711
smaller,0.00015946420028703555
uganda,0.0007973210014351777
expelled,0.00015946420028703555
idi,0.00015946420028703555
amin,0.00015946420028703555
populated,0.00015946420028703555
malagasy,0.00015946420028703555
austronesian,0.00015946420028703555
generally,0.0003189284005740711
malay,0.00015946420028703555
ancestries,0.00015946420028703555
components,0.00015946420028703555
races,0.00015946420028703555
lebanese,0.0003189284005740711
distribution,0.0003189284005740711
families,0.0003189284005740711
thousand,0.0003189284005740711
unesco,0.0006378568011481422
spoken,0.0009567852017222133
multilingual,0.00015946420028703555
rare,0.00015946420028703555
individuals,0.00015946420028703555
fluently,0.00015946420028703555
multiple,0.00015946420028703555
widespread,0.00015946420028703555
southwest,0.00015946420028703555
chad,0.00047839260086110665
probably,0.00015946420028703555
terms,0.00015946420028703555
fifty,0.00047839260086110665
endangered,0.00015946420028703555
originated,0.00015946420028703555
outside,0.0003189284005740711
granted,0.00015946420028703555
legal,0.00015946420028703555
english,0.00015946420028703555
french,0.0003189284005740711
communication,0.00015946420028703555
public,0.0003189284005740711
sphere,0.00015946420028703555
education,0.0003189284005740711
media,0.0006378568011481422
afrikaans,0.00015946420028703555
spanish,0.0006378568011481422
examples,0.00047839260086110665
trace,0.00015946420028703555
millions,0.00015946420028703555
german,0.0003189284005740711
protectorate,0.00015946420028703555
rock,0.0003189284005740711
hewn,0.00015946420028703555
church,0.0003189284005740711
george,0.00047839260086110665
lalibela,0.0003189284005740711
heritage,0.0003189284005740711
site,0.00015946420028703555
aspects,0.00015946420028703555
traditional,0.0007973210014351777
neglect,0.00015946420028703555
suppression,0.00015946420028703555
regimes,0.00015946420028703555
resurgence,0.00015946420028703555
attempts,0.00015946420028703555
rediscover,0.00015946420028703555
revalourise,0.00015946420028703555
renaissance,0.00015946420028703555
thabo,0.00047839260086110665
mbeki,0.00047839260086110665
afrocentrism,0.00015946420028703555
molefi,0.0003189284005740711
spiritualism,0.00015946420028703555
decriminalization,0.00015946420028703555
vodou,0.00015946420028703555
forms,0.00015946420028703555
spirituality,0.00015946420028703555
synonymous,0.00015946420028703555
rural,0.00015946420028703555
subsistence,0.00015946420028703555
reflect,0.00015946420028703555
existing,0.00015946420028703555
old,0.00015946420028703555
beads,0.00015946420028703555
nassarius,0.00015946420028703555
shells,0.00015946420028703555
aterian,0.00015946420028703555
grotte,0.00015946420028703555
des,0.00015946420028703555
pigeons,0.00015946420028703555
taforalt,0.00015946420028703555
pyramid,0.00015946420028703555
giza,0.00015946420028703555
tallest,0.00015946420028703555
structure,0.00015946420028703555
completion,0.00015946420028703555
lincoln,0.00015946420028703555
cathedral,0.0003189284005740711
stone,0.00015946420028703555
noteworthy,0.00015946420028703555
complexity,0.00015946420028703555
monolithic,0.00015946420028703555
churches,0.00015946420028703555
representative,0.00015946420028703555
musician,0.00015946420028703555
rugby,0.00047839260086110665
team,0.0007973210014351777
remembrance,0.00015946420028703555
rhythms,0.0003189284005740711
particular,0.00015946420028703555
transmitted,0.00015946420028703555
samba,0.00015946420028703555
blues,0.00015946420028703555
jazz,0.00015946420028703555
reggae,0.00015946420028703555
hip,0.00015946420028703555
hop,0.00015946420028703555
conglomeration,0.00015946420028703555
styles,0.0003189284005740711
popularization,0.00015946420028703555
afrobeat,0.00015946420028703555
highlife,0.00015946420028703555
highly,0.00015946420028703555
choral,0.00015946420028703555
singing,0.00015946420028703555
musical,0.0003189284005740711
genre,0.00015946420028703555
soukous,0.00015946420028703555
dominated,0.00015946420028703555
traditions,0.0003189284005740711
maintained,0.00015946420028703555
oral,0.00015946420028703555
influences,0.0003189284005740711
visible,0.00015946420028703555
apparent,0.00015946420028703555
colonisation,0.0003189284005740711
football,0.0009567852017222133
soccer,0.0003189284005740711
teams,0.00015946420028703555
confederation,0.00047839260086110665
senegal,0.00047839260086110665
advanced,0.00015946420028703555
knockout,0.00015946420028703555
stage,0.00015946420028703555
fifa,0.0003189284005740711
cups,0.00015946420028703555
hosted,0.00047839260086110665
cup,0.0014351778025833198
tournament,0.0003189284005740711
ranking,0.00015946420028703555
currently,0.00015946420028703555
best,0.00015946420028703555
row,0.00015946420028703555
cricket,0.0006378568011481422
popular,0.0003189284005740711
test,0.0003189284005740711
status,0.0003189284005740711
leading,0.00015946420028703555
attained,0.00015946420028703555
jointly,0.00015946420028703555
national,0.0006378568011481422
qualified,0.00015946420028703555
sport,0.0003189284005740711
profess,0.00015946420028703555
beliefs,0.0003189284005740711
statistics,0.0003189284005740711
affiliation,0.00015946420028703555
difficult,0.00015946420028703555
sensitive,0.00015946420028703555
topic,0.0003189284005740711
book,0.0009567852017222133
encyclopedia,0.0003189284005740711
encyclop,0.0007973210014351777
dia,0.0007973210014351777
britannica,0.0007973210014351777
christians,0.00015946420028703555
muslims,0.00015946420028703555
follow,0.00015946420028703555
religions,0.0003189284005740711
hindu,0.00015946420028703555
buddhist,0.00015946420028703555
confucianist,0.00015946420028703555
baha,0.00015946420028703555
judaic,0.00015946420028703555
jews,0.00015946420028703555
beta,0.00015946420028703555
israel,0.00015946420028703555
lemba,0.00015946420028703555
abayudaya,0.00015946420028703555
holy,0.00015946420028703555
trinity,0.00015946420028703555
mosque,0.0003189284005740711
kairouan,0.0003189284005740711
located,0.00015946420028703555
voodoo,0.00015946420028703555
altar,0.00015946420028703555
abomey,0.00015946420028703555
dependent,0.0003189284005740711
categorised,0.00015946420028703555
scheme,0.00015946420028703555
geographic,0.0006378568011481422
subregions,0.00015946420028703555
data,0.00015946420028703555
cross,0.00015946420028703555
referenced,0.00015946420028703555
differ,0.00015946420028703555
provisos,0.00015946420028703555
physical,0.0003189284005740711
flag,0.00015946420028703555
burundi,0.0003189284005740711
bujumbura,0.00015946420028703555
comoros,0.0003189284005740711
moroni,0.00015946420028703555
djibouti,0.00047839260086110665
eritrea,0.00047839260086110665
asmara,0.00015946420028703555
nairobi,0.00015946420028703555
antananarivo,0.00015946420028703555
malawi,0.0003189284005740711
lilongwe,0.00015946420028703555
port,0.00015946420028703555
louis,0.00015946420028703555
mamoudzou,0.00015946420028703555
maputo,0.00015946420028703555
denis,0.00015946420028703555
rwanda,0.0003189284005740711
kigali,0.00015946420028703555
victoria,0.00015946420028703555
mogadishu,0.00015946420028703555
juba,0.00015946420028703555
dodoma,0.00015946420028703555
kampala,0.00015946420028703555
zambia,0.0003189284005740711
lusaka,0.00015946420028703555
harare,0.00015946420028703555
luanda,0.00015946420028703555
yaound,0.00015946420028703555
bangui,0.00015946420028703555
djamena,0.00015946420028703555
brazzaville,0.00015946420028703555
kinshasa,0.00015946420028703555
malabo,0.00015946420028703555
libreville,0.00015946420028703555
algiers,0.00015946420028703555
las,0.0003189284005740711
palmas,0.0003189284005740711
gran,0.0003189284005740711
canaria,0.0003189284005740711
santa,0.0003189284005740711
cruz,0.0003189284005740711
tenerife,0.0003189284005740711
cairo,0.00015946420028703555
tripoli,0.00015946420028703555
funchal,0.00015946420028703555
rabat,0.00015946420028703555
khartoum,0.00015946420028703555
tunis,0.00015946420028703555
el,0.0003189284005740711
aai,0.00015946420028703555
gaborone,0.00015946420028703555
lesotho,0.0003189284005740711
maseru,0.00015946420028703555
windhoek,0.00015946420028703555
bloemfontein,0.0003189284005740711
pretoria,0.0003189284005740711
swaziland,0.0003189284005740711
mbabane,0.00015946420028703555
porto,0.00015946420028703555
burkina,0.0003189284005740711
faso,0.0003189284005740711
ouagadougou,0.00015946420028703555
praia,0.00015946420028703555
abidjan,0.0003189284005740711
yamoussoukro,0.0003189284005740711
banjul,0.00015946420028703555
accra,0.00015946420028703555
conakry,0.00015946420028703555
monrovia,0.00015946420028703555
bamako,0.00015946420028703555
nouakchott,0.00015946420028703555
niamey,0.00015946420028703555
abuja,0.00015946420028703555
jamestown,0.00015946420028703555
dakar,0.00015946420028703555
freetown,0.00015946420028703555
togo,0.0003189284005740711
lom,0.00015946420028703555
portal,0.0003189284005740711
outline,0.0003189284005740711
index,0.0006378568011481422
mountain,0.00015946420028703555
millionaires,0.0003189284005740711
urbanization,0.0003189284005740711
prospects,0.00015946420028703555
revision,0.00015946420028703555
department,0.00015946420028703555
social,0.00015946420028703555
b,0.0012757136022962844
sayre,0.00015946420028703555
april,0.00047839260086110665
pulley,0.00015946420028703555
books,0.00047839260086110665
isbn,0.004624461808324031
utah,0.00015946420028703555
news,0.0015946420028703555
release,0.00015946420028703555
feb,0.00015946420028703555
dead,0.00047839260086110665
link,0.00047839260086110665
info,0.00015946420028703555
retrieved,0.0028703556051666397
names,0.00015946420028703555
decret,0.00015946420028703555
fantar,0.00015946420028703555
geo,0.00015946420028703555
babington,0.00015946420028703555
michell,0.00015946420028703555
p,0.002232498804018498
journal,0.0003189284005740711
ligne,0.00015946420028703555
itineraria,0.00015946420028703555
edward,0.00015946420028703555
lipinski,0.00015946420028703555
peeters,0.00015946420028703555
publishers,0.0009567852017222133
consultos,0.00015946420028703555
com,0.0019135704034444266
genesis,0.00015946420028703555
opus,0.00015946420028703555
gerald,0.00047839260086110665
org,0.0006378568011481422
uk,0.00015946420028703555
genetic,0.0003189284005740711
roots,0.00015946420028703555
bbc,0.0015946420028703555
sci,0.0003189284005740711
tech,0.0003189284005740711
aided,0.00015946420028703555
wet,0.00015946420028703555
weather,0.00015946420028703555
sciencedaily,0.00015946420028703555
kimbel,0.00015946420028703555
william,0.00015946420028703555
yoel,0.00015946420028703555
rak,0.00015946420028703555
donald,0.0003189284005740711
johanson,0.00015946420028703555
skull,0.00015946420028703555
oxford,0.001116249402009249
press,0.002232498804018498
tudge,0.00015946420028703555
colin,0.00015946420028703555
van,0.00015946420028703555
sertima,0.00015946420028703555
ivan,0.00015946420028703555
child,0.00015946420028703555
ppr,0.00015946420028703555
transaction,0.00015946420028703555
pp,0.0009567852017222133
mokhtar,0.00015946420028703555
vol,0.0003189284005740711
abridged,0.00015946420028703555
edition,0.00015946420028703555
california,0.00015946420028703555
eyma,0.00015946420028703555
k,0.0003189284005740711
j,0.0006378568011481422
bennett,0.00015946420028703555
delts,0.00015946420028703555
yebu,0.00015946420028703555
occasional,0.00015946420028703555
volume,0.00015946420028703555
egyptologists,0.00015946420028703555
electronic,0.00015946420028703555
forum,0.00015946420028703555
universal,0.00015946420028703555
sbn,0.00015946420028703555
x,0.0003189284005740711
jared,0.00015946420028703555
guns,0.00015946420028703555
germs,0.00015946420028703555
steel,0.00015946420028703555
fates,0.00015946420028703555
societies,0.00047839260086110665
york,0.0006378568011481422
norton,0.00015946420028703555
brien,0.00015946420028703555
patrick,0.00015946420028703555
editor,0.00015946420028703555
martin,0.0003189284005740711
meara,0.00015946420028703555
rd,0.00015946420028703555
ed,0.0003189284005740711
indiana,0.0003189284005740711
scribes,0.00015946420028703555
hassan,0.00015946420028703555
fekri,0.00015946420028703555
droughts,0.00015946420028703555
springer,0.00015946420028703555
mcgrail,0.00015946420028703555
sean,0.00015946420028703555
boats,0.00015946420028703555
shavit,0.0003189284005740711
jacob,0.00015946420028703555
yaacov,0.00015946420028703555
americans,0.00015946420028703555
search,0.00015946420028703555
past,0.0003189284005740711
taylor,0.00015946420028703555
francis,0.00015946420028703555
fage,0.0003189284005740711
cambridge,0.0014351778025833198
et,0.00015946420028703555
oliver,0.00015946420028703555
roland,0.00015946420028703555
anthony,0.00015946420028703555
atmore,0.00015946420028703555
wsu,0.00015946420028703555
edu,0.00015946420028703555
archived,0.0012757136022962844
mussie,0.00015946420028703555
tesfagiorgis,0.00015946420028703555
abc,0.00015946420028703555
clio,0.00015946420028703555
page,0.0007973210014351777
ayoub,0.00015946420028703555
mahmoud,0.00015946420028703555
m,0.00047839260086110665
faith,0.00015946420028703555
oneworld,0.00015946420028703555
apley,0.0003189284005740711
december,0.00047839260086110665
meredith,0.00015946420028703555
january,0.00015946420028703555
fate,0.00015946420028703555
survey,0.00047839260086110665
washingtonpost,0.00015946420028703555
thematic,0.00015946420028703555
essay,0.00015946420028703555
heilbrunn,0.00015946420028703555
timeline,0.00015946420028703555
metmuseum,0.00015946420028703555
glick,0.00015946420028703555
christian,0.00015946420028703555
brill,0.00015946420028703555
academic,0.00015946420028703555
invasions,0.00015946420028703555
library,0.0006378568011481422
congress,0.00047839260086110665
nebel,0.00015946420028703555
landau,0.00015946420028703555
tasseron,0.00015946420028703555
filon,0.00015946420028703555
oppenheim,0.00015946420028703555
faerman,0.00015946420028703555
expansion,0.00015946420028703555
levant,0.00015946420028703555
american,0.00015946420028703555
genetics,0.00015946420028703555
pubmedcentral,0.00015946420028703555
nih,0.00015946420028703555
gov,0.00015946420028703555
doi,0.00015946420028703555
pmc,0.00015946420028703555
pmid,0.00015946420028703555
ira,0.00015946420028703555
lapidus,0.00015946420028703555
welcome,0.00015946420028703555
guide,0.0003189284005740711
transformations,0.00015946420028703555
paul,0.0003189284005740711
lovejoy,0.00015946420028703555
sailing,0.00015946420028703555
jo,0.00015946420028703555
loosemore,0.00015946420028703555
pdavis,0.00015946420028703555
nl,0.00015946420028703555
simon,0.00015946420028703555
julian,0.00015946420028703555
l,0.0003189284005740711
blackwell,0.00015946420028703555
publishing,0.0003189284005740711
lucien,0.00015946420028703555
ly,0.00015946420028703555
editions,0.00015946420028703555
jean,0.00015946420028703555
gisserot,0.00015946420028703555
google,0.0003189284005740711
ernest,0.00015946420028703555
aryeetey,0.00015946420028703555
jane,0.00015946420028703555
harrigan,0.00015946420028703555
machiko,0.00015946420028703555
nissanke,0.00015946420028703555
miracle,0.00015946420028703555
mirage,0.00015946420028703555
robert,0.00015946420028703555
patman,0.00015946420028703555
steven,0.00015946420028703555
varnis,0.00015946420028703555
reluctant,0.0003189284005740711
aiding,0.00015946420028703555
u,0.00015946420028703555
relief,0.00015946420028703555
jenny,0.00015946420028703555
aker,0.00015946420028703555
isaac,0.00015946420028703555
mbiti,0.00015946420028703555
ssrn,0.00015946420028703555
drysdale,0.00015946420028703555
alasdair,0.00015946420028703555
blake,0.00015946420028703555
xpeditions,0.00015946420028703555
nationalgeographic,0.00015946420028703555
society,0.00047839260086110665
lewin,0.00015946420028703555
evans,0.00015946420028703555
clarendon,0.00015946420028703555
merriam,0.0003189284005740711
webster,0.0003189284005740711
geographical,0.0003189284005740711
dictionary,0.00015946420028703555
hoare,0.00015946420028703555
kingfisher,0.0003189284005740711
z,0.00015946420028703555
publications,0.00015946420028703555
environmental,0.00015946420028703555
accessed,0.00015946420028703555
azizia,0.00015946420028703555
reaches,0.00015946420028703555
worrying,0.00015946420028703555
level,0.00015946420028703555
africanews,0.0003189284005740711
wasting,0.00015946420028703555
immense,0.00015946420028703555
resource,0.00015946420028703555
afrol,0.00015946420028703555
wildlife,0.00015946420028703555
subhumid,0.00015946420028703555
wildworld,0.00015946420028703555
ecoregion,0.00015946420028703555
profile,0.00015946420028703555
nature,0.00015946420028703555
waste,0.00015946420028703555
launch,0.00015946420028703555
address,0.00015946420028703555
chairperson,0.00015946420028703555
absa,0.00015946420028703555
stadium,0.00015946420028703555
richard,0.00015946420028703555
sandbrook,0.00015946420028703555
passim,0.00015946420028703555
updates,0.00015946420028703555
developing,0.00047839260086110665
fight,0.00015946420028703555
unlocking,0.00015946420028703555
potential,0.00015946420028703555
substantive,0.00015946420028703555
session,0.00015946420028703555
neo,0.00015946420028703555
liberalism,0.00015946420028703555
globalpolitician,0.00015946420028703555
capitalism,0.00015946420028703555
neoliberalism,0.00015946420028703555
structural,0.00015946420028703555
adjustment,0.00015946420028703555
reaction,0.00015946420028703555
science,0.0003189284005740711
jrank,0.00015946420028703555
worldwide,0.00015946420028703555
worst,0.00015946420028703555
turkish,0.00015946420028703555
weekly,0.00015946420028703555
leverage,0.00015946420028703555
allafrica,0.0003189284005740711
february,0.0003189284005740711
frontier,0.00015946420028703555
online,0.0003189284005740711
poll,0.00015946420028703555
crucial,0.00015946420028703555
tightens,0.00015946420028703555
grip,0.00015946420028703555
bn,0.00015946420028703555
lifeline,0.00015946420028703555
junta,0.00015946420028703555
ilmas,0.00015946420028703555
futehally,0.00015946420028703555
strategic,0.00015946420028703555
foresight,0.00015946420028703555
malia,0.00015946420028703555
politzer,0.00015946420028703555
source,0.0003189284005740711
generation,0.00015946420028703555
experts,0.00015946420028703555
say,0.00015946420028703555
daily,0.00015946420028703555
dynamics,0.00015946420028703555
kentucky,0.00015946420028703555
luc,0.00015946420028703555
normand,0.00015946420028703555
tellier,0.00015946420028703555
urban,0.00015946420028703555
perspective,0.00015946420028703555
puq,0.00015946420028703555
struggle,0.00015946420028703555
survive,0.00015946420028703555
zone,0.0003189284005740711
abuse,0.00015946420028703555
routine,0.00015946420028703555
q,0.00015946420028703555
want,0.00015946420028703555
raimondo,0.00015946420028703555
cagiano,0.00015946420028703555
azevedo,0.00015946420028703555
council,0.0003189284005740711
shipwreck,0.00015946420028703555
flight,0.00015946420028703555
economist,0.00015946420028703555
eric,0.00015946420028703555
solsten,0.00015946420028703555
washington,0.00015946420028703555
gpo,0.00015946420028703555
holm,0.00015946420028703555
john,0.00015946420028703555
pidgins,0.00015946420028703555
creoles,0.00015946420028703555
factbook,0.00015946420028703555
cia,0.00015946420028703555
immigrants,0.00015946420028703555
boost,0.00015946420028703555
naomi,0.00015946420028703555
schwarz,0.00015946420028703555
voanews,0.00015946420028703555
uite,0.00015946420028703555
competition,0.0003189284005740711
winners,0.0003189284005740711
suite,0.00015946420028703555
internet,0.0003189284005740711
stanford,0.0003189284005740711
onishi,0.00015946420028703555
normitsu,0.00015946420028703555
rising,0.00015946420028703555
causing,0.00015946420028703555
hans,0.00015946420028703555
kung,0.00015946420028703555
tracing,0.00015946420028703555
spiritual,0.00015946420028703555
dimensions,0.00015946420028703555
continuum,0.00015946420028703555
categorisations,0.00015946420028703555
uscensusbureau,0.00015946420028703555
capitals,0.00015946420028703555
relative,0.0003189284005740711
proximity,0.0003189284005740711
exclave,0.0003189284005740711
transcontinental,0.00015946420028703555
portion,0.00015946420028703555
sahrawi,0.0003189284005740711
sadr,0.0003189284005740711
claims,0.00015946420028703555
entirety,0.00015946420028703555
provinces,0.00015946420028703555
administers,0.00015946420028703555
controls,0.00015946420028703555
annexation,0.00015946420028703555
seat,0.00047839260086110665
usa,0.00015946420028703555
routledge,0.00015946420028703555
clark,0.0003189284005740711
desmond,0.00015946420028703555
london,0.0003189284005740711
thames,0.00015946420028703555
hudson,0.00015946420028703555
crowder,0.00015946420028703555
michael,0.00015946420028703555
story,0.0003189284005740711
faber,0.00015946420028703555
davidson,0.00015946420028703555
basil,0.00015946420028703555
chronicles,0.00015946420028703555
antiquity,0.00015946420028703555
harmondsworth,0.00015946420028703555
penguin,0.00015946420028703555
oclc,0.00015946420028703555
gordon,0.0003189284005740711
understanding,0.00015946420028703555
contemporary,0.0003189284005740711
boulder,0.00015946420028703555
lynne,0.00015946420028703555
rienner,0.00015946420028703555
khapoya,0.00015946420028703555
vincent,0.00015946420028703555
experience,0.00015946420028703555
upper,0.00015946420028703555
saddle,0.00015946420028703555
river,0.00015946420028703555
nj,0.00015946420028703555
prentice,0.00015946420028703555
hall,0.00015946420028703555
moore,0.00015946420028703555
ann,0.00015946420028703555
dunbar,0.00015946420028703555
yesterday,0.00015946420028703555
school,0.00015946420028703555
readings,0.00015946420028703555
praeger,0.00015946420028703555
naipaul,0.00015946420028703555
masque,0.00015946420028703555
glimpses,0.00015946420028703555
belief,0.00015946420028703555
picador,0.00015946420028703555
wikipedia,0.00015946420028703555
sister,0.00015946420028703555
projects,0.00015946420028703555
definitions,0.00015946420028703555
translations,0.00015946420028703555
wiktionary,0.00015946420028703555
commons,0.00015946420028703555
learning,0.00015946420028703555
wikiversity,0.00015946420028703555
stories,0.00015946420028703555
wikinews,0.00015946420028703555
quotations,0.00015946420028703555
wikiquote,0.00015946420028703555
texts,0.00015946420028703555
wikisource,0.0003189284005740711
textbooks,0.00015946420028703555
wikibooks,0.00015946420028703555
travel,0.00015946420028703555
wikivoyage,0.00015946420028703555
text,0.00015946420028703555
directory,0.00015946420028703555
project,0.00015946420028703555
room,0.00015946420028703555
norwegian,0.00015946420028703555
aluka,0.00015946420028703555
digital,0.00015946420028703555
scholarly,0.00015946420028703555
interactive,0.00015946420028703555
army,0.00015946420028703555
service,0.0003189284005740711
apic,0.00015946420028703555
current,0.00015946420028703555
events,0.00015946420028703555
magazine,0.00015946420028703555
topics,0.00015946420028703555
chronology,0.00015946420028703555
impact,0.00015946420028703555
craters,0.00015946420028703555
governance,0.00015946420028703555
elections,0.00015946420028703555
heads,0.0003189284005740711
africanism,0.00015946420028703555
banks,0.00015946420028703555
currencies,0.00015946420028703555
gdp,0.00015946420028703555
nominal,0.00015946420028703555
hdi,0.00015946420028703555
renewable,0.00015946420028703555
energy,0.00015946420028703555
stock,0.00015946420028703555
exchanges,0.00015946420028703555
caste,0.00015946420028703555
etiquette,0.00015946420028703555
philosophy,0.00015946420028703555
cinema,0.00015946420028703555
films,0.00015946420028703555
film,0.00015946420028703555
festivals,0.00015946420028703555
cuisine,0.00015946420028703555
literature,0.00015946420028703555
writers,0.00015946420028703555
radio,0.00015946420028703555
stations,0.0003189284005740711
tv,0.00015946420028703555
musicians,0.00015946420028703555
guitarists,0.00015946420028703555
sites,0.00015946420028703555
association,0.00015946420028703555
games,0.0003189284005740711
australian,0.00015946420028703555
rules,0.00015946420028703555
fiba,0.00015946420028703555
stadiums,0.00015946420028703555
tour,0.00015946420028703555
afrique,0.00015946420028703555
category,0.0003189284005740711
wikiproject,0.00015946420028703555
pantelleria,0.00015946420028703555
ivory,0.00015946420028703555
plazas,0.00015946420028703555
soberan,0.00015946420028703555
yemen,0.00015946420028703555
socotra,0.00015946420028703555
somaliland,0.00015946420028703555
les,0.00015946420028703555
parses,0.00015946420028703555
ascension,0.00015946420028703555
tristan,0.00015946420028703555
da,0.00015946420028703555
cunha,0.00015946420028703555
unclear,0.00015946420028703555
antarctica,0.0003189284005740711
australia,0.0003189284005740711
oceania,0.0003189284005740711
geological,0.00015946420028703555
supercontinents,0.0003189284005740711
gondwana,0.00015946420028703555
laurasia,0.00015946420028703555
pangaea,0.0003189284005740711
pannotia,0.00015946420028703555
rodinia,0.00015946420028703555
columbia,0.00015946420028703555
kenorland,0.00015946420028703555
nena,0.00015946420028703555
ur,0.00015946420028703555
vaalbara,0.00015946420028703555
arctica,0.00015946420028703555
asiamerica,0.00015946420028703555
atlantica,0.00015946420028703555
avalonia,0.00015946420028703555
baltica,0.00015946420028703555
cimmeria,0.00015946420028703555
craton,0.00015946420028703555
euramerica,0.00015946420028703555
kalaharia,0.00015946420028703555
kazakhstania,0.00015946420028703555
laurentia,0.00015946420028703555
siberia,0.00015946420028703555
submerged,0.00015946420028703555
possible,0.00015946420028703555
mythical,0.00015946420028703555
theorised,0.00015946420028703555
kerguelen,0.00015946420028703555
sundaland,0.00015946420028703555
zealandia,0.0003189284005740711
ultima,0.00015946420028703555
amasia,0.00015946420028703555
novopangaea,0.00015946420028703555
atlantis,0.00015946420028703555
kumari,0.00015946420028703555
kandam,0.00015946420028703555
lemuria,0.00015946420028703555
mu,0.00015946420028703555
terra,0.00015946420028703555
australis,0.00015946420028703555
fragment,0.00015946420028703555
australasia,0.00015946420028703555
pacific,0.00047839260086110665
melanesia,0.00015946420028703555
micronesia,0.00015946420028703555
polynesia,0.00015946420028703555
caribbean,0.00015946420028703555
hispanic,0.0003189284005740711
guianan,0.00015946420028703555
polar,0.00015946420028703555
antarctic,0.00015946420028703555
arctic,0.0003189284005740711
southeastern,0.0003189284005740711
maritime,0.00015946420028703555
northeastern,0.00015946420028703555
caucasus,0.0003189284005740711
oceans,0.00015946420028703555
balkans,0.00015946420028703555
seas,0.00047839260086110665
organization,0.00015946420028703555
aec,0.00015946420028703555
inter,0.00015946420028703555
eeac,0.00015946420028703555
customs,0.00015946420028703555
sacu,0.00015946420028703555
maghreb,0.00015946420028703555
amu,0.00015946420028703555
gafta,0.00015946420028703555
intergovernmental,0.00015946420028703555
wamz,0.00015946420028703555
uemoa,0.00015946420028703555
cemac,0.00015946420028703555
