article,0.0020168067226890756
continent,0.0020168067226890756
uses,0.00022408963585434174
europe,0.03260504201680672
disambiguation,0.00011204481792717087
area,0.0024649859943977593
km,0.000896358543417367
sq,0.00022408963585434174
mi,0.00022408963585434174
n,0.0015686274509803923
population,0.006274509803921569
rd,0.00011204481792717087
pop,0.00011204481792717087
density,0.0006722689075630252
demonym,0.00011204481792717087
european,0.01411764705882353
countries,0.004369747899159664
list,0.0020168067226890756
languages,0.00257703081232493
time,0.0014565826330532213
zones,0.00022408963585434174
utc,0.00022408963585434174
internet,0.00022408963585434174
tld,0.00011204481792717087
eu,0.0024649859943977593
union,0.004145658263305322
largest,0.0016806722689075631
cities,0.0010084033613445378
metropolitan,0.0004481792717086835
areas,0.0021288515406162464
j,0.0019047619047619048
r,0.0011204481792717086
p,0.004145658263305322
ewr,0.00011204481792717087
yur,0.00011204481792717087
convention,0.0006722689075630252
world,0.009075630252100841
s,0.008851540616246498
seven,0.0003361344537815126
continents,0.0015686274509803923
comprising,0.00022408963585434174
westernmost,0.00022408963585434174
peninsula,0.0012324929971988796
eurasia,0.000896358543417367
generally,0.0005602240896358543
divided,0.0005602240896358543
asia,0.004481792717086834
watershed,0.00011204481792717087
divides,0.00011204481792717087
ural,0.0011204481792717086
caucasus,0.0010084033613445378
mountains,0.0014565826330532213
river,0.0012324929971988796
caspian,0.0005602240896358543
black,0.0013445378151260505
seas,0.0007843137254901962
waterways,0.0004481792717086835
connecting,0.00022408963585434174
aegean,0.00022408963585434174
bordered,0.00011204481792717087
arctic,0.0007843137254901962
ocean,0.0013445378151260505
north,0.004033613445378151
atlantic,0.0012324929971988796
west,0.0030252100840336134
mediterranean,0.0019047619047619048
sea,0.00392156862745098
south,0.0021288515406162464
connected,0.00022408963585434174
southeast,0.00011204481792717087
borders,0.0004481792717086835
concept,0.0004481792717086835
dating,0.00022408963585434174
classical,0.0013445378151260505
antiquity,0.0011204481792717086
somewhat,0.00022408963585434174
arbitrary,0.00011204481792717087
primarily,0.000896358543417367
physiographic,0.00011204481792717087
term,0.0006722689075630252
incorporate,0.00011204481792717087
cultural,0.0014565826330532213
political,0.0016806722689075631
elements,0.0003361344537815126
second,0.0006722689075630252
smallest,0.0003361344537815126
surface,0.00022408963585434174
covering,0.00011204481792717087
square,0.00011204481792717087
kilometres,0.00011204481792717087
earth,0.0004481792717086835
land,0.0014565826330532213
approximately,0.00022408963585434174
states,0.005266106442577031
russia,0.0030252100840336134
far,0.0007843137254901962
taking,0.00011204481792717087
country,0.0014565826330532213
territory,0.000896358543417367
vatican,0.0004481792717086835
city,0.0010084033613445378
populous,0.00011204481792717087
africa,0.0015686274509803923
million,0.0032492997198879554
particular,0.00022408963585434174
ancient,0.0010084033613445378
greece,0.0016806722689075631
birthplace,0.00011204481792717087
western,0.0056022408963585435
culture,0.0023529411764705885
played,0.0003361344537815126
predominant,0.00011204481792717087
role,0.0003361344537815126
global,0.0007843137254901962
affairs,0.0005602240896358543
th,0.005378151260504202
century,0.004369747899159664
onwards,0.00011204481792717087
especially,0.0006722689075630252
beginning,0.0005602240896358543
colonialism,0.00011204481792717087
centuries,0.0019047619047619048
nations,0.0014565826330532213
controlled,0.00022408963585434174
various,0.0007843137254901962
times,0.00022408963585434174
americas,0.0003361344537815126
oceania,0.0003361344537815126
large,0.0013445378151260505
portions,0.0003361344537815126
share,0.00022408963585434174
wars,0.0003361344537815126
largely,0.0003361344537815126
focused,0.00011204481792717087
greatly,0.0003361344537815126
contributing,0.00011204481792717087
decline,0.000896358543417367
dominance,0.00011204481792717087
mid,0.0003361344537815126
united,0.0032492997198879554
soviet,0.0016806722689075631
took,0.0006722689075630252
prominence,0.00011204481792717087
cold,0.0007843137254901962
war,0.005042016806722689
iron,0.0005602240896358543
curtain,0.00022408963585434174
nato,0.0005602240896358543
warsaw,0.0003361344537815126
pact,0.0003361344537815126
east,0.003473389355742297
integration,0.0013445378151260505
led,0.0007843137254901962
formation,0.0004481792717086835
council,0.001792717086834734
expanding,0.0004481792717086835
eastward,0.00011204481792717087
revolutions,0.0003361344537815126
fall,0.0010084033613445378
contents,0.00011204481792717087
definition,0.0003361344537815126
etymology,0.0003361344537815126
history,0.0049299719887955186
prehistory,0.0004481792717086835
early,0.001792717086834734
middle,0.00257703081232493
ages,0.0023529411764705885
modern,0.0015686274509803923
period,0.002240896358543417
present,0.0005602240896358543
geography,0.0013445378151260505
climate,0.0011204481792717086
geology,0.0007843137254901962
geological,0.0007843137254901962
biodiversity,0.0003361344537815126
economy,0.0014565826330532213
pre,0.0004481792717086835
industrial,0.0007843137254901962
growth,0.0013445378151260505
reunification,0.00022408963585434174
recession,0.0006722689075630252
demographics,0.000896358543417367
language,0.000896358543417367
religion,0.0010084033613445378
notes,0.00022408963585434174
references,0.0003361344537815126
external,0.00022408963585434174
links,0.00022408963585434174
information,0.0004481792717086835
spanning,0.00011204481792717087
clickable,0.00011204481792717087
map,0.0013445378151260505
showing,0.0003361344537815126
commonly,0.0004481792717086835
used,0.0012324929971988796
continental,0.0005602240896358543
boundaries,0.0004481792717086835
key,0.00011204481792717087
blue,0.00011204481792717087
straddle,0.00011204481792717087
border,0.0004481792717086835
green,0.0004481792717086835
geographically,0.0004481792717086835
closely,0.00022408963585434174
associated,0.00011204481792717087
politically,0.0004481792717086835
alb,0.00011204481792717087
austria,0.0011204481792717086
armenia,0.0006722689075630252
azer,0.00011204481792717087
belarus,0.0006722689075630252
belgium,0.0005602240896358543
bih,0.00011204481792717087
bulgaria,0.0005602240896358543
croatia,0.0003361344537815126
cyprus,0.0013445378151260505
czech,0.0004481792717086835
rep,0.00011204481792717087
denmark,0.000896358543417367
estonia,0.0005602240896358543
finland,0.0010084033613445378
france,0.0030252100840336134
germany,0.004369747899159664
georgia,0.0013445378151260505
greenland,0.0005602240896358543
dk,0.00022408963585434174
hungary,0.0012324929971988796
iceland,0.0006722689075630252
ireland,0.0010084033613445378
italy,0.0016806722689075631
mar,0.00011204481792717087
kazakhstan,0.000896358543417367
kos,0.00011204481792717087
latvia,0.0003361344537815126
liech,0.00011204481792717087
lithuania,0.0003361344537815126
lux,0.00011204481792717087
mac,0.00011204481792717087
malta,0.000896358543417367
moldova,0.0007843137254901962
mon,0.00011204481792717087
mont,0.00011204481792717087
neth,0.00011204481792717087
norway,0.0005602240896358543
svalbard,0.0003361344537815126
poland,0.0014565826330532213
portugal,0.000896358543417367
romania,0.0006722689075630252
serbia,0.0011204481792717086
slovakia,0.0003361344537815126
slo,0.00011204481792717087
spain,0.0016806722689075631
sweden,0.0005602240896358543
switz,0.00011204481792717087
erland,0.00011204481792717087
turkey,0.0007843137254901962
ukraine,0.0006722689075630252
kingdom,0.001792717086834734
vat,0.00011204481792717087
adr,0.00011204481792717087
iatic,0.00011204481792717087
baltic,0.0005602240896358543
barents,0.00022408963585434174
bay,0.00022408963585434174
biscay,0.00011204481792717087
azov,0.00011204481792717087
celtic,0.0003361344537815126
baffin,0.00011204481792717087
gulf,0.0005602240896358543
c,0.0021288515406162464
diz,0.00011204481792717087
ligurian,0.00011204481792717087
norwegian,0.00022408963585434174
strait,0.0003361344537815126
gibraltar,0.0006722689075630252
reconstruction,0.0003361344537815126
herodotus,0.0006722689075630252
medieval,0.0006722689075630252
t,0.000896358543417367
o,0.0006722689075630252
division,0.0003361344537815126
europa,0.0011204481792717086
regina,0.00011204481792717087
m,0.0006722689075630252
nster,0.00011204481792717087
british,0.0011204481792717086
isles,0.0004481792717086835
scandinavia,0.000896358543417367
included,0.0004481792717086835
proper,0.00011204481792717087
use,0.0004481792717086835
developed,0.0005602240896358543
gradually,0.0004481792717086835
greek,0.002240896358543417
historian,0.00022408963585434174
mentioned,0.00022408963585434174
unknown,0.0004481792717086835
persons,0.0003361344537815126
parts,0.0016806722689075631
libya,0.00011204481792717087
nile,0.00011204481792717087
phasis,0.0003361344537815126
forming,0.00011204481792717087
considered,0.0012324929971988796
don,0.0005602240896358543
boundary,0.0005602240896358543
eastern,0.004033613445378151
frontier,0.00011204481792717087
defined,0.0005602240896358543
st,0.0005602240896358543
geographer,0.00022408963585434174
strabo,0.0004481792717086835
book,0.0004481792717086835
jubilees,0.00011204481792717087
described,0.0004481792717086835
lands,0.0006722689075630252
given,0.0004481792717086835
noah,0.00011204481792717087
sons,0.00011204481792717087
stretching,0.00011204481792717087
pillars,0.00011204481792717087
hercules,0.00011204481792717087
separating,0.00022408963585434174
latin,0.0011204481792717086
christendom,0.00022408963585434174
coalesced,0.00011204481792717087
signifying,0.00011204481792717087
new,0.0020168067226890756
condominium,0.00011204481792717087
created,0.00011204481792717087
confluence,0.00011204481792717087
germanic,0.0005602240896358543
traditions,0.00011204481792717087
christian,0.0006722689075630252
partly,0.0004481792717086835
contrast,0.00011204481792717087
byzantium,0.0006722689075630252
islam,0.000896358543417367
limited,0.0007843137254901962
northern,0.0028011204481792717
iberia,0.0005602240896358543
christianized,0.00011204481792717087
alpine,0.00022408963585434174
regions,0.00257703081232493
central,0.002689075630252101
lasting,0.00011204481792717087
legacies,0.00011204481792717087
carolingian,0.0003361344537815126
renaissance,0.0016806722689075631
figures,0.0015686274509803923
letters,0.00011204481792717087
charlemagne,0.0004481792717086835
court,0.00022408963585434174
scholar,0.00011204481792717087
alcuin,0.00011204481792717087
geographical,0.000896358543417367
late,0.0013445378151260505
challenged,0.00011204481792717087
age,0.0019047619047619048
discovery,0.0004481792717086835
problem,0.00011204481792717087
redefining,0.00011204481792717087
finally,0.0004481792717086835
resolved,0.00011204481792717087
instead,0.00011204481792717087
swedish,0.00011204481792717087
cartographer,0.00011204481792717087
von,0.00011204481792717087
strahlenberg,0.00011204481792717087
proposed,0.00011204481792717087
significant,0.0005602240896358543
suggestion,0.00011204481792717087
favour,0.00011204481792717087
geographers,0.00022408963585434174
marked,0.0003361344537815126
bodies,0.00022408963585434174
water,0.0004481792717086835
limits,0.00011204481792717087
usually,0.00022408963585434174
taken,0.00022408963585434174
urals,0.00011204481792717087
including,0.0010084033613445378
sociopolitical,0.0004481792717086835
differences,0.00011204481792717087
descriptions,0.00011204481792717087
example,0.0003361344537815126
approximate,0.00011204481792717087
anatolia,0.00022408963585434174
minor,0.0003361344537815126
culturally,0.00022408963585434174
currently,0.0003361344537815126
member,0.0010084033613445378
state,0.0020168067226890756
addition,0.0005602240896358543
island,0.0003361344537815126
nearer,0.00011204481792717087
america,0.0015686274509803923
word,0.0004481792717086835
geopolitically,0.00011204481792717087
limiting,0.00011204481792717087
way,0.0003361344537815126
refer,0.0005602240896358543
exclusively,0.00011204481792717087
core,0.00011204481792717087
hand,0.00011204481792717087
people,0.0019047619047619048
living,0.0004481792717086835
islands,0.0012324929971988796
routinely,0.00011204481792717087
mainland,0.0007843137254901962
simply,0.00011204481792717087
bull,0.00022408963585434174
vase,0.00011204481792717087
tarquinia,0.00011204481792717087
museum,0.00011204481792717087
circa,0.00022408963585434174
bc,0.0011204481792717086
mythology,0.00011204481792717087
phoenician,0.00022408963585434174
princess,0.00011204481792717087
zeus,0.00011204481792717087
abducted,0.00011204481792717087
assuming,0.00011204481792717087
form,0.0004481792717086835
dazzling,0.00011204481792717087
white,0.0003361344537815126
crete,0.0003361344537815126
gave,0.0004481792717086835
birth,0.00022408963585434174
minos,0.00011204481792717087
rhadamanthus,0.00011204481792717087
sarpedon,0.00011204481792717087
homer,0.00022408963585434174
eur,0.00022408963585434174
place,0.0004481792717086835
names,0.0003361344537815126
mythological,0.00022408963585434174
queen,0.00011204481792717087
designation,0.00011204481792717087
uncertain,0.00011204481792717087
theory,0.0003361344537815126
suggests,0.00022408963585434174
derived,0.0007843137254901962
eurus,0.00011204481792717087
meaning,0.0003361344537815126
wide,0.0004481792717086835
broad,0.0005602240896358543
ps,0.00011204481792717087
opt,0.00011204481792717087
eye,0.00011204481792717087
face,0.00022408963585434174
countenance,0.00011204481792717087
gazing,0.00011204481792717087
aspect,0.00011204481792717087
compare,0.00011204481792717087
glauk,0.00011204481792717087
pis,0.00022408963585434174
grey,0.00011204481792717087
eyed,0.00022408963585434174
athena,0.00011204481792717087
bo,0.00011204481792717087
ox,0.00022408963585434174
hera,0.00011204481792717087
epithet,0.00011204481792717087
reconstructed,0.00011204481792717087
proto,0.00011204481792717087
indo,0.0004481792717086835
based,0.0003361344537815126
semitic,0.0003361344537815126
akkadian,0.00011204481792717087
erebu,0.00011204481792717087
set,0.00022408963585434174
cf,0.00011204481792717087
occident,0.00011204481792717087
cognate,0.00011204481792717087
ereb,0.00011204481792717087
evening,0.00011204481792717087
arabic,0.0004481792717086835
maghreb,0.00011204481792717087
hebrew,0.00011204481792717087
ma,0.00011204481792717087
ariv,0.00011204481792717087
erebus,0.00011204481792717087
pie,0.00011204481792717087
h,0.0003361344537815126
reg,0.00011204481792717087
os,0.00022408963585434174
darkness,0.00011204481792717087
martin,0.0005602240896358543
litchfield,0.00011204481792717087
phonologically,0.00011204481792717087
match,0.00011204481792717087
poor,0.0004481792717086835
origin,0.00011204481792717087
figure,0.0005602240896358543
anaximander,0.00022408963585434174
hecataeus,0.00011204481792717087
placed,0.0003361344537815126
rioni,0.00011204481792717087
followed,0.0005602240896358543
received,0.00011204481792717087
surviving,0.00022408963585434174
usage,0.00011204481792717087
roman,0.0033613445378151263
era,0.0003361344537815126
authors,0.00011204481792717087
posidonius,0.00022408963585434174
ptolemy,0.00022408963585434174
tanais,0.00022408963585434174
sphere,0.00022408963585434174
designated,0.00011204481792717087
influence,0.0007843137254901962
church,0.0014565826330532213
opposed,0.00011204481792717087
orthodox,0.0003361344537815126
churches,0.00022408963585434174
islamic,0.0003361344537815126
enlarging,0.00011204481792717087
develops,0.00011204481792717087
major,0.000896358543417367
words,0.00011204481792717087
chinese,0.00022408963585434174
uzh,0.00011204481792717087
u,0.0004481792717086835
similar,0.00022408963585434174
sh,0.00022408963585434174
japanese,0.00022408963585434174
reng,0.00011204481792717087
despite,0.00011204481792717087
katakana,0.00011204481792717087
y,0.00011204481792717087
roppa,0.00011204481792717087
turkic,0.0004481792717086835
originally,0.00011204481792717087
persian,0.00011204481792717087
frangistan,0.00011204481792717087
franks,0.00022408963585434174
casually,0.00011204481792717087
referring,0.00011204481792717087
official,0.0005602240896358543
avrupa,0.00011204481792717087
evropa,0.00011204481792717087
main,0.0028011204481792717
prehistoric,0.00011204481792717087
gantija,0.00011204481792717087
lady,0.00011204481792717087
vin,0.00011204481792717087
neolithic,0.0006722689075630252
pottery,0.0003361344537815126
stonehenge,0.0003361344537815126
england,0.0006722689075630252
nebra,0.00011204481792717087
sky,0.00011204481792717087
disk,0.00011204481792717087
bronze,0.00022408963585434174
homo,0.00022408963585434174
georgicus,0.00011204481792717087
lived,0.00022408963585434174
roughly,0.00022408963585434174
years,0.0015686274509803923
ago,0.0012324929971988796
earliest,0.0003361344537815126
hominid,0.00022408963585434174
discovered,0.00022408963585434174
remains,0.00022408963585434174
atapuerca,0.00022408963585434174
neanderthal,0.00011204481792717087
man,0.000896358543417367
named,0.00011204481792717087
neandertal,0.00011204481792717087
valley,0.00011204481792717087
appeared,0.00022408963585434174
disappeared,0.0003361344537815126
fossil,0.00011204481792717087
record,0.00011204481792717087
extinction,0.0003361344537815126
probably,0.0006722689075630252
change,0.0005602240896358543
final,0.0004481792717086835
refuge,0.00011204481792717087
day,0.0005602240896358543
neanderthals,0.00011204481792717087
supplanted,0.00011204481792717087
humans,0.00022408963585434174
cro,0.00011204481792717087
magnons,0.00011204481792717087
thousand,0.00011204481792717087
cultivation,0.00011204481792717087
crops,0.00011204481792717087
raising,0.00011204481792717087
livestock,0.00022408963585434174
increased,0.0003361344537815126
numbers,0.00022408963585434174
settlements,0.00022408963585434174
widespread,0.00022408963585434174
began,0.0012324929971988796
balkans,0.0005602240896358543
influenced,0.00022408963585434174
earlier,0.00011204481792717087
farming,0.00011204481792717087
practices,0.00011204481792717087
near,0.00022408963585434174
spread,0.0006722689075630252
valleys,0.00022408963585434174
danube,0.00011204481792717087
rhine,0.00011204481792717087
linear,0.00011204481792717087
coast,0.0003361344537815126
cardial,0.00011204481792717087
cultures,0.0003361344537815126
transmitting,0.00011204481792717087
newly,0.00011204481792717087
acquired,0.0003361344537815126
skills,0.00011204481792717087
producing,0.00011204481792717087
copper,0.00011204481792717087
artefacts,0.00011204481792717087
characterized,0.00011204481792717087
agricultural,0.0003361344537815126
field,0.00011204481792717087
monuments,0.00022408963585434174
causewayed,0.00011204481792717087
enclosures,0.00011204481792717087
burial,0.00011204481792717087
mounds,0.00011204481792717087
megalithic,0.0004481792717086835
tombs,0.00011204481792717087
corded,0.00011204481792717087
ware,0.00011204481792717087
horizon,0.00011204481792717087
flourished,0.00011204481792717087
transition,0.00011204481792717087
chalcolithic,0.00011204481792717087
giant,0.00011204481792717087
temples,0.00011204481792717087
constructed,0.00011204481792717087
southern,0.0016806722689075631
colonisation,0.00011204481792717087
greeks,0.0003361344537815126
phoenicians,0.00011204481792717087
rise,0.0006722689075630252
historical,0.000896358543417367
rome,0.0005602240896358543
temple,0.00011204481792717087
apollo,0.00011204481792717087
paestum,0.00011204481792717087
profound,0.00011204481792717087
civilisation,0.0003361344537815126
democratic,0.00011204481792717087
individualistic,0.00011204481792717087
attributed,0.00011204481792717087
invented,0.00011204481792717087
polis,0.00011204481792717087
fundamental,0.00011204481792717087
identity,0.00011204481792717087
ideals,0.00022408963585434174
rediscovered,0.00011204481792717087
philosophers,0.00011204481792717087
idealists,0.00011204481792717087
generated,0.00011204481792717087
contributions,0.00011204481792717087
philosophy,0.0006722689075630252
humanism,0.00022408963585434174
rationalism,0.00011204481792717087
aristotle,0.00011204481792717087
socrates,0.00011204481792717087
plato,0.00011204481792717087
thucydides,0.00011204481792717087
dramatic,0.00011204481792717087
narrative,0.00011204481792717087
verse,0.00011204481792717087
starting,0.00011204481792717087
epic,0.00011204481792717087
poems,0.00011204481792717087
medicine,0.00011204481792717087
hippocrates,0.00011204481792717087
galen,0.00011204481792717087
science,0.0005602240896358543
pythagoras,0.00011204481792717087
euclid,0.00011204481792717087
archimedes,0.00011204481792717087
empire,0.00392156862745098
greatest,0.00022408963585434174
extent,0.00022408963585434174
came,0.0005602240896358543
impact,0.00011204481792717087
left,0.0007843137254901962
mark,0.00022408963585434174
law,0.0005602240896358543
politics,0.0005602240896358543
engineering,0.00011204481792717087
architecture,0.00022408963585434174
government,0.00022408963585434174
aspects,0.00011204481792717087
civilization,0.0003361344537815126
pax,0.00011204481792717087
romana,0.00011204481792717087
expanded,0.0003361344537815126
encompass,0.00022408963585434174
entire,0.0007843137254901962
basin,0.00011204481792717087
stoicism,0.00011204481792717087
emperors,0.00011204481792717087
hadrian,0.00011204481792717087
antoninus,0.00011204481792717087
pius,0.00011204481792717087
marcus,0.00011204481792717087
aurelius,0.00011204481792717087
spent,0.00011204481792717087
fighting,0.00011204481792717087
pictish,0.00011204481792717087
scottish,0.0003361344537815126
tribes,0.0005602240896358543
christianity,0.0006722689075630252
eventually,0.0006722689075630252
legitimised,0.00011204481792717087
constantine,0.00011204481792717087
imperial,0.00022408963585434174
persecution,0.00022408963585434174
articles,0.000896358543417367
dark,0.0005602240896358543
historiography,0.00011204481792717087
migrations,0.0004481792717086835
entered,0.0003361344537815126
long,0.00022408963585434174
arising,0.00011204481792717087
historians,0.00011204481792717087
numerous,0.00011204481792717087
invasions,0.00011204481792717087
ostrogoths,0.00011204481792717087
visigoths,0.00011204481792717087
goths,0.00011204481792717087
vandals,0.00011204481792717087
huns,0.00011204481792717087
angles,0.00011204481792717087
saxons,0.00011204481792717087
slavs,0.00011204481792717087
avars,0.00011204481792717087
bulgars,0.00011204481792717087
later,0.0013445378151260505
vikings,0.00011204481792717087
magyars,0.00011204481792717087
thinkers,0.00011204481792717087
petrarch,0.00011204481792717087
isolated,0.00011204481792717087
monastic,0.00022408963585434174
communities,0.00011204481792717087
places,0.0004481792717086835
safeguard,0.00011204481792717087
compile,0.00011204481792717087
written,0.00022408963585434174
knowledge,0.00022408963585434174
accumulated,0.00011204481792717087
previously,0.00011204481792717087
apart,0.00022408963585434174
records,0.00011204481792717087
survive,0.00011204481792717087
literature,0.00022408963585434174
mathematics,0.0003361344537815126
thinking,0.00011204481792717087
roland,0.00011204481792717087
pledges,0.00011204481792717087
fealty,0.00011204481792717087
holy,0.0006722689075630252
emperor,0.0003361344537815126
byzantine,0.000896358543417367
affected,0.0005602240896358543
caliphates,0.00011204481792717087
muslim,0.0007843137254901962
arabs,0.00022408963585434174
invaded,0.0005602240896358543
historically,0.0003361344537815126
ab,0.00011204481792717087
bakr,0.00011204481792717087
caliph,0.00022408963585434174
rashidun,0.00011204481792717087
caliphate,0.00022408963585434174
syria,0.00022408963585434174
mesopotamia,0.00022408963585434174
umar,0.00022408963585434174
muslims,0.0006722689075630252
decisively,0.00011204481792717087
conquered,0.0005602240896358543
palestine,0.00011204481792717087
egypt,0.00011204481792717087
trend,0.00022408963585434174
continued,0.0005602240896358543
successors,0.00011204481792717087
umayyad,0.0006722689075630252
rest,0.00022408963585434174
iberian,0.0005602240896358543
forces,0.0004481792717086835
able,0.00011204481792717087
sicily,0.00022408963585434174
volga,0.0003361344537815126
tenth,0.00011204481792717087
conquest,0.00011204481792717087
hispania,0.00011204481792717087
moors,0.00011204481792717087
berbers,0.00011204481792717087
visigothic,0.00011204481792717087
year,0.0013445378151260505
berber,0.00011204481792717087
leader,0.0003361344537815126
tariq,0.00022408963585434174
ibn,0.00022408963585434174
ziyad,0.00011204481792717087
landed,0.00011204481792717087
april,0.0006722689075630252
worked,0.00011204481792717087
northward,0.00011204481792717087
joined,0.0004481792717086835
superior,0.00011204481792717087
musa,0.00011204481792717087
nusair,0.00011204481792717087
campaign,0.00011204481792717087
brought,0.0003361344537815126
rule,0.0005602240896358543
save,0.0004481792717086835
small,0.0007843137254901962
northwest,0.00011204481792717087
asturias,0.00011204481792717087
basque,0.0003361344537815126
pyrenees,0.0007843137254901962
exception,0.0003361344537815126
banu,0.00011204481792717087
qasi,0.00011204481792717087
dynasty,0.0004481792717086835
al,0.0003361344537815126
andalus,0.00011204481792717087
unsuccessful,0.00022408963585434174
siege,0.00022408963585434174
constantinople,0.0012324929971988796
weakened,0.0010084033613445378
reduced,0.00022408963585434174
prestige,0.00011204481792717087
success,0.00011204481792717087
overrunning,0.00011204481792717087
conquerors,0.00011204481792717087
moved,0.0003361344537815126
northeast,0.00011204481792717087
defeated,0.00011204481792717087
frankish,0.0003361344537815126
charles,0.00022408963585434174
martel,0.00022408963585434174
battle,0.0005602240896358543
poitiers,0.00011204481792717087
raid,0.00011204481792717087
capture,0.00022408963585434174
avignon,0.00022408963585434174
umayyads,0.00022408963585434174
overthrown,0.00011204481792717087
abb,0.00011204481792717087
sids,0.00011204481792717087
clan,0.00011204481792717087
massacred,0.00011204481792717087
prince,0.00011204481792717087
abd,0.00011204481792717087
rahman,0.00011204481792717087
escaped,0.00011204481792717087
founded,0.00011204481792717087
emirate,0.00011204481792717087
cordoba,0.00011204481792717087
son,0.00011204481792717087
pippin,0.00011204481792717087
short,0.00011204481792717087
retook,0.00022408963585434174
narbonne,0.00011204481792717087
grandson,0.00011204481792717087
established,0.0013445378151260505
marca,0.00011204481792717087
hispanica,0.00011204481792717087
today,0.0007843137254901962
catalonia,0.00011204481792717087
reconquering,0.00011204481792717087
girona,0.00011204481792717087
barcelona,0.00011204481792717087
proclaimed,0.00011204481792717087
caliphs,0.00011204481792717087
fell,0.0004481792717086835
control,0.0004481792717086835
slav,0.00011204481792717087
domains,0.00011204481792717087
respectively,0.0006722689075630252
clovis,0.00011204481792717087
king,0.00011204481792717087
anointed,0.00011204481792717087
pope,0.00022408963585434174
founding,0.00022408963585434174
centred,0.0003361344537815126
german,0.0006722689075630252
principalities,0.0003361344537815126
predominantly,0.00011204481792717087
speaking,0.00022408963585434174
known,0.0003361344537815126
capital,0.0010084033613445378
justinian,0.00011204481792717087
presided,0.00011204481792717087
golden,0.0005602240896358543
legal,0.0005602240896358543
code,0.00011204481792717087
funded,0.00022408963585434174
construction,0.00011204481792717087
hagia,0.00011204481792717087
sophia,0.00011204481792717087
fatally,0.0005602240896358543
sack,0.00022408963585434174
fourth,0.0007843137254901962
crusade,0.0010084033613445378
ottoman,0.0006722689075630252
high,0.000896358543417367
demography,0.00011204481792717087
economic,0.00257703081232493
lack,0.0003361344537815126
safety,0.00011204481792717087
trading,0.00011204481792717087
routes,0.00022408963585434174
possible,0.00022408963585434174
development,0.0004481792717086835
commercial,0.00011204481792717087
context,0.0003361344537815126
growing,0.00022408963585434174
independence,0.0010084033613445378
coastal,0.00011204481792717087
maritime,0.0004481792717086835
republics,0.00022408963585434174
leading,0.0005602240896358543
scene,0.00011204481792717087
tancred,0.00011204481792717087
philip,0.00011204481792717087
ii,0.0016806722689075631
dominated,0.0003361344537815126
upper,0.00011204481792717087
echelons,0.00011204481792717087
social,0.0012324929971988796
structure,0.0003361344537815126
nobility,0.0004481792717086835
clergy,0.00022408963585434174
feudalism,0.00022408963585434174
soon,0.0005602240896358543
struggle,0.00011204481792717087
monarchy,0.0003361344537815126
writing,0.00011204481792717087
magna,0.00011204481792717087
carta,0.00011204481792717087
establishment,0.00022408963585434174
parliament,0.00022408963585434174
primary,0.00022408963585434174
source,0.0003361344537815126
catholic,0.0007843137254901962
monasteries,0.00011204481792717087
cathedral,0.00011204481792717087
schools,0.00011204481792717087
responsible,0.00011204481792717087
education,0.0003361344537815126
papacy,0.00022408963585434174
reached,0.00022408963585434174
height,0.00011204481792717087
power,0.0012324929971988796
schism,0.0003361344537815126
split,0.0004481792717086835
religiously,0.00011204481792717087
urban,0.0003361344537815126
called,0.0004481792717086835
occupying,0.00011204481792717087
jerusalem,0.00011204481792717087
organised,0.00011204481792717087
inquisition,0.00011204481792717087
heretics,0.00011204481792717087
reconquista,0.00022408963585434174
concluded,0.00011204481792717087
granada,0.00011204481792717087
ending,0.0003361344537815126
sacking,0.00011204481792717087
suzdal,0.00011204481792717087
batu,0.00011204481792717087
khan,0.00011204481792717087
mongol,0.00022408963585434174
invasion,0.00022408963585434174
constant,0.00011204481792717087
incursions,0.00011204481792717087
nomadic,0.00011204481792717087
pechenegs,0.00011204481792717087
cuman,0.00011204481792717087
kipchaks,0.00011204481792717087
caused,0.0005602240896358543
massive,0.00011204481792717087
migration,0.0006722689075630252
slavic,0.0004481792717086835
populations,0.0007843137254901962
safer,0.00011204481792717087
heavily,0.00011204481792717087
forested,0.0003361344537815126
temporarily,0.00011204481792717087
halted,0.00011204481792717087
expansion,0.00022408963585434174
rus,0.00011204481792717087
like,0.0004481792717086835
territories,0.0011204481792717086
overrun,0.00011204481792717087
mongols,0.00011204481792717087
invaders,0.00011204481792717087
tatars,0.00022408963585434174
command,0.00022408963585434174
horde,0.0004481792717086835
adopted,0.00022408963585434174
ruled,0.00011204481792717087
great,0.0014565826330532213
famine,0.0004481792717086835
crisis,0.0007843137254901962
strike,0.00011204481792717087
witnessed,0.00011204481792717087
heaviest,0.00011204481792717087
loss,0.00011204481792717087
half,0.0007843137254901962
britain,0.0011204481792717086
afflicted,0.00011204481792717087
famines,0.00022408963585434174
suffered,0.00022408963585434174
effects,0.00011204481792717087
devastated,0.00022408963585434174
death,0.0003361344537815126
deadly,0.00011204481792717087
pandemics,0.00011204481792717087
human,0.0003361344537815126
killed,0.00011204481792717087
estimated,0.00022408963585434174
plague,0.0005602240896358543
devastating,0.00011204481792717087
effect,0.00011204481792717087
induced,0.00011204481792717087
live,0.0003361344537815126
moment,0.00011204481792717087
illustrated,0.00011204481792717087
giovanni,0.00011204481792717087
boccaccio,0.00011204481792717087
decameron,0.00011204481792717087
blow,0.0003361344537815126
jews,0.00011204481792717087
foreigners,0.00011204481792717087
beggars,0.00011204481792717087
lepers,0.00011204481792717087
thought,0.00022408963585434174
returned,0.00011204481792717087
generation,0.00022408963585434174
varying,0.00011204481792717087
virulence,0.00011204481792717087
mortalities,0.00011204481792717087
epidemics,0.00022408963585434174
swept,0.00011204481792717087
protestant,0.0004481792717086835
reformation,0.0004481792717086835
scientific,0.0005602240896358543
revolution,0.0016806722689075631
school,0.00011204481792717087
athens,0.00022408963585434174
raphael,0.00022408963585434174
contemporaries,0.00011204481792717087
michelangelo,0.00022408963585434174
leonardo,0.00022408963585434174
da,0.00022408963585434174
vinci,0.00022408963585434174
centre,0.00022408963585434174
portrayed,0.00011204481792717087
scholars,0.00011204481792717087
vienna,0.0003361344537815126
broke,0.00022408963585434174
advance,0.00011204481792717087
originating,0.00011204481792717087
florence,0.00022408963585434174
spreading,0.00011204481792717087
accompanied,0.00011204481792717087
recovery,0.00022408963585434174
forgotten,0.00011204481792717087
libraries,0.00011204481792717087
translated,0.00011204481792717087
saw,0.0004481792717086835
flowering,0.00011204481792717087
art,0.0004481792717086835
music,0.00022408963585434174
sciences,0.00011204481792717087
joint,0.00011204481792717087
patronage,0.00011204481792717087
royalty,0.00011204481792717087
emerging,0.00022408963585434174
merchant,0.00011204481792717087
class,0.00022408963585434174
patrons,0.00011204481792717087
medici,0.00011204481792717087
family,0.00011204481792717087
florentine,0.00011204481792717087
bankers,0.00011204481792717087
popes,0.00022408963585434174
prolific,0.00011204481792717087
quattrocento,0.00011204481792717087
cinquecento,0.00011204481792717087
artists,0.00011204481792717087
intrigue,0.00011204481792717087
claimed,0.00022408963585434174
rulership,0.00011204481792717087
healed,0.00011204481792717087
spiritual,0.00011204481792717087
authority,0.00022408963585434174
initially,0.00011204481792717087
sparked,0.00011204481792717087
works,0.00011204481792717087
theologian,0.00011204481792717087
luther,0.00011204481792717087
result,0.0005602240896358543
reform,0.00022408963585434174
damaged,0.00022408963585434174
princes,0.00011204481792717087
faiths,0.00011204481792717087
thirty,0.00011204481792717087
crippled,0.00022408963585434174
killing,0.00011204481792717087
percent,0.00011204481792717087
aftermath,0.00022408963585434174
peace,0.00022408963585434174
westphalia,0.00011204481792717087
rose,0.00022408963585434174
predominance,0.00011204481792717087
general,0.00022408963585434174
experienced,0.00011204481792717087
disintegrating,0.00011204481792717087
khanates,0.00011204481792717087
crimean,0.00022408963585434174
khanate,0.00022408963585434174
frequently,0.00011204481792717087
raided,0.00011204481792717087
slaves,0.00022408963585434174
monarchs,0.00011204481792717087
start,0.00022408963585434174
exploration,0.00011204481792717087
invention,0.00022408963585434174
copernicus,0.0003361344537815126
kepler,0.00011204481792717087
galileo,0.00011204481792717087
isaac,0.00011204481792717087
newton,0.00022408963585434174
according,0.0011204481792717086
peter,0.0004481792717086835
barrett,0.00022408963585434174
widely,0.00022408963585434174
accepted,0.0003361344537815126
arose,0.00011204481792717087
end,0.0006722689075630252
introducing,0.00022408963585434174
understanding,0.00022408963585434174
natural,0.0004481792717086835
naval,0.00011204481792717087
powers,0.0004481792717086835
lead,0.00011204481792717087
exploring,0.00011204481792717087
christopher,0.00011204481792717087
columbus,0.00011204481792717087
spanish,0.0004481792717086835
portuguese,0.00022408963585434174
establishing,0.00011204481792717087
colonial,0.0003361344537815126
empires,0.0003361344537815126
netherlands,0.0007843137254901962
building,0.00022408963585434174
vast,0.0007843137254901962
holdings,0.00011204481792717087
napoleon,0.0006722689075630252
retreat,0.00011204481792717087
grande,0.00011204481792717087
arm,0.00011204481792717087
e,0.0010084033613445378
lost,0.0003361344537815126
men,0.00011204481792717087
french,0.0011204481792717086
enlightenment,0.0004481792717086835
powerful,0.00011204481792717087
intellectual,0.00011204481792717087
movement,0.0003361344537815126
promoting,0.00011204481792717087
reason,0.0003361344537815126
thoughts,0.00011204481792717087
discontent,0.00011204481792717087
aristocracy,0.00011204481792717087
monopoly,0.00011204481792717087
resulted,0.0005602240896358543
republic,0.0011204481792717086
perished,0.00022408963585434174
initial,0.00011204481792717087
reign,0.00011204481792717087
terror,0.00011204481792717087
bonaparte,0.00022408963585434174
napoleonic,0.00022408963585434174
grew,0.00022408963585434174
collapsing,0.00011204481792717087
waterloo,0.00011204481792717087
dissemination,0.00011204481792717087
nation,0.0006722689075630252
adoption,0.00011204481792717087
models,0.00011204481792717087
administration,0.00011204481792717087
congress,0.0003361344537815126
convened,0.00011204481792717087
downfall,0.00011204481792717087
balance,0.00022408963585434174
prussia,0.00011204481792717087
habsburg,0.00011204481792717087
started,0.0007843137254901962
remain,0.00022408963585434174
liberal,0.00022408963585434174
uprisings,0.00011204481792717087
conservative,0.00011204481792717087
reforms,0.0004481792717086835
austro,0.00011204481792717087
hungarian,0.0003361344537815126
formed,0.0004481792717086835
unifications,0.00011204481792717087
smaller,0.00022408963585434174
likewise,0.00011204481792717087
berlin,0.000896358543417367
conveyed,0.00011204481792717087
formal,0.00011204481792717087
recognition,0.0004481792717086835
facto,0.0006722689075630252
independent,0.0007843137254901962
montenegro,0.0003361344537815126
implementation,0.00011204481792717087
technologies,0.00011204481792717087
rapid,0.00022408963585434174
mass,0.00022408963585434174
employment,0.00011204481792717087
working,0.00011204481792717087
spheres,0.00011204481792717087
laws,0.00011204481792717087
child,0.00022408963585434174
labour,0.00011204481792717087
legalisation,0.00011204481792717087
trade,0.000896358543417367
unions,0.00011204481792717087
abolition,0.00022408963585434174
slavery,0.0004481792717086835
public,0.00011204481792717087
health,0.00022408963585434174
act,0.00011204481792717087
passed,0.00011204481792717087
significantly,0.00011204481792717087
improved,0.00011204481792717087
conditions,0.0004481792717086835
colonies,0.00022408963585434174
abroad,0.00011204481792717087
depression,0.0003361344537815126
interwar,0.00011204481792717087
military,0.0005602240896358543
alliances,0.00022408963585434174
just,0.00022408963585434174
prior,0.00011204481792717087
wwi,0.00011204481792717087
fought,0.0003361344537815126
archduke,0.00011204481792717087
franz,0.00011204481792717087
ferdinand,0.00011204481792717087
assassinated,0.00011204481792717087
bosnian,0.00011204481792717087
serb,0.00011204481792717087
gavrilo,0.00011204481792717087
princip,0.00011204481792717087
drawn,0.00011204481792717087
entente,0.00011204481792717087
civilians,0.00011204481792717087
dead,0.000896358543417367
soldiers,0.00011204481792717087
mobilised,0.00011204481792717087
ruins,0.00011204481792717087
guernica,0.00011204481792717087
civil,0.0003361344537815126
lives,0.00022408963585434174
defeat,0.00011204481792717087
plunged,0.00011204481792717087
russian,0.0003361344537815126
threw,0.00011204481792717087
tsarist,0.00011204481792717087
replaced,0.00022408963585434174
communist,0.00022408963585434174
collapsed,0.00011204481792717087
separate,0.00011204481792717087
redrawn,0.0003361344537815126
treaty,0.0005602240896358543
versailles,0.00022408963585434174
officially,0.00011204481792717087
ended,0.00022408963585434174
harsh,0.00011204481792717087
responsibility,0.00011204481792717087
imposed,0.00011204481792717087
heavy,0.00011204481792717087
sanctions,0.00011204481792717087
instability,0.00022408963585434174
debts,0.00011204481792717087
incurred,0.00011204481792717087
loans,0.00011204481792717087
havoc,0.00011204481792717087
wall,0.0004481792717086835
street,0.00022408963585434174
crash,0.00011204481792717087
worldwide,0.00011204481792717087
helped,0.00022408963585434174
threat,0.00011204481792717087
communism,0.00022408963585434174
fascist,0.00011204481792717087
movements,0.0004481792717086835
placing,0.00011204481792717087
adolf,0.00011204481792717087
hitler,0.0003361344537815126
nazi,0.00011204481792717087
francisco,0.00011204481792717087
franco,0.00022408963585434174
benito,0.00011204481792717087
mussolini,0.00011204481792717087
work,0.00011204481792717087
goal,0.00022408963585434174
greater,0.00022408963585434174
saarland,0.00011204481792717087
rhineland,0.00011204481792717087
following,0.0004481792717086835
anschluss,0.00011204481792717087
munich,0.00011204481792717087
agreement,0.00022408963585434174
annexed,0.00011204481792717087
sudetenland,0.00011204481792717087
czechoslovakia,0.0003361344537815126
inhabited,0.00011204481792717087
ethnic,0.0004481792717086835
germans,0.0005602240896358543
preferred,0.00011204481792717087
policy,0.0006722689075630252
appeasement,0.00011204481792717087
burned,0.00011204481792717087
buildings,0.00011204481792717087
hamburg,0.00011204481792717087
shortly,0.00011204481792717087
press,0.00257703081232493
annexation,0.00011204481792717087
polish,0.00011204481792717087
majorities,0.00022408963585434174
encouraged,0.00011204481792717087
slovaks,0.00022408963585434174
remainder,0.00011204481792717087
protectorate,0.00011204481792717087
bohemia,0.00011204481792717087
moravia,0.00011204481792717087
slovak,0.00011204481792717087
went,0.00011204481792717087
tensions,0.00011204481792717087
mounting,0.00011204481792717087
future,0.00022408963585434174
danzig,0.00011204481792717087
turned,0.00022408963585434174
soviets,0.00011204481792717087
signed,0.00022408963585434174
molotov,0.00011204481792717087
ribbentrop,0.00011204481792717087
september,0.000896358543417367
prompting,0.00011204481792717087
declare,0.00011204481792717087
opening,0.00022408963585434174
theatre,0.00011204481792717087
attacked,0.00022408963585434174
hoped,0.00011204481792717087
narvik,0.00022408963585434174
send,0.00011204481792717087
troops,0.00022408963585434174
aid,0.00022408963585434174
objective,0.00011204481792717087
landing,0.00022408963585434174
encircle,0.00011204481792717087
cut,0.0003361344537815126
scandinavian,0.0003361344537815126
resources,0.0003361344537815126
knew,0.00011204481792717087
plans,0.00022408963585434174
got,0.00011204481792717087
repulsing,0.00011204481792717087
attack,0.00022408963585434174
room,0.00011204481792717087
phoney,0.00011204481792717087
low,0.0003361344537815126
capitulated,0.00011204481792717087
june,0.002240896358543417
refused,0.00011204481792717087
negotiate,0.00011204481792717087
terms,0.0004481792717086835
august,0.0012324929971988796
bombing,0.00011204481792717087
offensive,0.00022408963585434174
failed,0.00011204481792717087
convince,0.00011204481792717087
britons,0.00011204481792717087
ultimately,0.0003361344537815126
operation,0.0004481792717086835
barbarossa,0.00011204481792717087
december,0.0006722689075630252
japan,0.00011204481792717087
pearl,0.00011204481792717087
harbor,0.00011204481792717087
drew,0.00011204481792717087
conflict,0.00022408963585434174
allies,0.00022408963585434174
allied,0.00011204481792717087
big,0.00011204481792717087
yalta,0.00022408963585434174
conference,0.0003361344537815126
seated,0.00011204481792717087
winston,0.00022408963585434174
churchill,0.00022408963585434174
franklin,0.00011204481792717087
d,0.0011204481792717086
roosevelt,0.00011204481792717087
joseph,0.00022408963585434174
stalin,0.00011204481792717087
staggering,0.00011204481792717087
stalingrad,0.00011204481792717087
continual,0.00011204481792717087
fallback,0.00011204481792717087
american,0.0003361344537815126
landings,0.00011204481792717087
destructive,0.00011204481792717087
died,0.00022408963585434174
holocaust,0.00022408963585434174
casualties,0.00011204481792717087
refugees,0.00022408963585434174
post,0.0004481792717086835
expulsions,0.00011204481792717087
displaced,0.00011204481792717087
total,0.0005602240896358543
schuman,0.00011204481792717087
declaration,0.00011204481792717087
creation,0.00011204481792717087
coal,0.00022408963585434174
steel,0.00022408963585434174
community,0.0010084033613445378
process,0.0004481792717086835
foreign,0.000896358543417367
ministry,0.00022408963585434174
diminished,0.00011204481792717087
eminence,0.00011204481792717087
blocs,0.00011204481792717087
bloc,0.00022408963585434174
separated,0.00022408963585434174
alliance,0.00011204481792717087
superpowers,0.00011204481792717087
locked,0.00011204481792717087
fifty,0.00022408963585434174
nuclear,0.00011204481792717087
proliferation,0.00011204481792717087
decolonisation,0.00011204481792717087
mikhail,0.00011204481792717087
gorbachev,0.00011204481792717087
solidarity,0.00011204481792717087
accelerated,0.00011204481792717087
collapse,0.0003361344537815126
reunited,0.00022408963585434174
symbolic,0.00011204481792717087
maps,0.00022408963585434174
unified,0.00022408963585434174
common,0.0007843137254901962
market,0.0003361344537815126
eec,0.00011204481792717087
euratom,0.00011204481792717087
bank,0.0004481792717086835
introduced,0.00011204481792717087
euro,0.0004481792717086835
currency,0.0003361344537815126
joining,0.00022408963585434174
current,0.00022408963585434174
size,0.00011204481792717087
making,0.00011204481792717087
economical,0.00011204481792717087
territorial,0.00011204481792717087
ad,0.00022408963585434174
relief,0.0003361344537815126
surrounding,0.0003361344537815126
makes,0.00022408963585434174
fifth,0.00011204481792717087
eurasian,0.0004481792717086835
landmass,0.00011204481792717087
shows,0.00022408963585434174
variation,0.00022408963585434174
relatively,0.0004481792717086835
mountainous,0.0005602240896358543
moving,0.00011204481792717087
terrain,0.00011204481792717087
descends,0.00011204481792717087
alps,0.0003361344537815126
carpathians,0.0003361344537815126
hilly,0.00011204481792717087
uplands,0.00022408963585434174
plains,0.0004481792717086835
extended,0.00011204481792717087
lowland,0.00011204481792717087
plain,0.0004481792717086835
heart,0.00011204481792717087
lies,0.00022408963585434174
arc,0.00022408963585434174
exists,0.00011204481792717087
seaboard,0.00011204481792717087
begins,0.00011204481792717087
continues,0.00011204481792717087
fjord,0.00011204481792717087
spine,0.00011204481792717087
arable,0.00011204481792717087
farmland,0.00011204481792717087
yellow,0.00022408963585434174
forest,0.0021288515406162464
pasture,0.00011204481792717087
light,0.00011204481792717087
tundra,0.0004481792717086835
bogs,0.00011204481792717087
description,0.00011204481792717087
simplified,0.00011204481792717087
sub,0.0004481792717086835
italian,0.00011204481792717087
contain,0.00011204481792717087
complex,0.0004481792717086835
features,0.00011204481792717087
does,0.0004481792717086835
contains,0.00022408963585434174
plateaus,0.00011204481792717087
basins,0.00011204481792717087
complicate,0.00011204481792717087
special,0.00011204481792717087
cases,0.0003361344537815126
unto,0.00011204481792717087
counted,0.00011204481792717087
upland,0.00011204481792717087
rising,0.00022408963585434174
levels,0.0003361344537815126
biomes,0.00011204481792717087
taiga,0.0005602240896358543
montane,0.00011204481792717087
temperate,0.0005602240896358543
broadleaf,0.00022408963585434174
steppe,0.0003361344537815126
dry,0.00011204481792717087
mainly,0.0004481792717086835
subjected,0.00011204481792717087
prevailing,0.00022408963585434174
westerlies,0.00011204481792717087
milder,0.00011204481792717087
comparison,0.00011204481792717087
latitude,0.0003361344537815126
globe,0.00011204481792717087
stream,0.0004481792717086835
nicknamed,0.00011204481792717087
heating,0.00011204481792717087
warmer,0.00011204481792717087
wetter,0.00011204481792717087
carries,0.00011204481792717087
warm,0.0003361344537815126
warms,0.00011204481792717087
westerly,0.00011204481792717087
winds,0.00011204481792717087
average,0.0005602240896358543
temperature,0.00011204481792717087
naples,0.00011204481792717087
f,0.000896358543417367
york,0.00011204481792717087
calgary,0.00022408963585434174
canada,0.00011204481792717087
irkutsk,0.00022408963585434174
asian,0.00022408963585434174
lie,0.00011204481792717087
january,0.0023529411764705885
temperatures,0.00022408963585434174
higher,0.0003361344537815126
hugely,0.00011204481792717087
varied,0.00011204481792717087
gives,0.0003361344537815126
variety,0.00011204481792717087
landscapes,0.00011204481792717087
highlands,0.00022408963585434174
rolling,0.00011204481792717087
feature,0.00011204481792717087
dichotomy,0.00011204481792717087
highland,0.00011204481792717087
partially,0.0003361344537815126
underwater,0.00011204481792717087
ranging,0.00011204481792717087
halves,0.00011204481792717087
mountain,0.00022408963585434174
chains,0.00011204481792717087
delimited,0.00011204481792717087
shallow,0.00011204481792717087
submerging,0.00011204481792717087
old,0.00022408963585434174
baltica,0.0006722689075630252
regarded,0.00011204481792717087
geologically,0.00011204481792717087
peripheral,0.00011204481792717087
constitute,0.0003361344537815126
fragments,0.00011204481792717087
older,0.00011204481792717087
existed,0.00011204481792717087
microcontinent,0.00011204481792717087
avalonia,0.00022408963585434174
traces,0.00022408963585434174
shield,0.00022408963585434174
fennoscandia,0.00022408963585434174
sarmatian,0.00022408963585434174
craton,0.0003361344537815126
billion,0.00022408963585434174
volgo,0.00011204481792717087
uralia,0.00011204481792717087
supercontinent,0.00011204481792717087
columbia,0.0006722689075630252
arctica,0.00022408963585434174
laurentia,0.0004481792717086835
block,0.00011204481792717087
rodinia,0.00022408963585434174
resplitting,0.00011204481792717087
euramerica,0.00022408963585434174
gondwana,0.0003361344537815126
pangea,0.00011204481792717087
laurasia,0.0003361344537815126
widening,0.00011204481792717087
connection,0.00011204481792717087
persisted,0.00011204481792717087
considerable,0.0003361344537815126
interchange,0.00011204481792717087
animal,0.00022408963585434174
species,0.000896358543417367
falling,0.0003361344537815126
determined,0.00011204481792717087
actual,0.00011204481792717087
shape,0.00022408963585434174
connections,0.0004481792717086835
dates,0.00011204481792717087
tertiary,0.00011204481792717087
fauna,0.0003361344537815126
biogeographic,0.00011204481792717087
bordering,0.00022408963585434174
having,0.0003361344537815126
peoples,0.0003361344537815126
millennia,0.00011204481792717087
animals,0.0005602240896358543
plants,0.00011204481792717087
profoundly,0.00011204481792717087
presence,0.00022408963585434174
activities,0.00011204481792717087
untouched,0.00011204481792717087
wilderness,0.00011204481792717087
national,0.006274509803921569
parks,0.00011204481792717087
vegetation,0.00011204481792717087
cover,0.0003361344537815126
mixed,0.0005602240896358543
favourable,0.00022408963585434174
drift,0.00011204481792717087
mild,0.00011204481792717087
frequent,0.00011204481792717087
summer,0.00011204481792717087
droughts,0.00011204481792717087
region,0.0011204481792717086
ridges,0.00011204481792717087
affect,0.00011204481792717087
oriented,0.0003361344537815126
allow,0.00011204481792717087
wind,0.00011204481792717087
carry,0.00011204481792717087
masses,0.00011204481792717087
interior,0.00011204481792717087
dinarides,0.00011204481792717087
apennines,0.00011204481792717087
rain,0.00011204481792717087
falls,0.00011204481792717087
forests,0.0005602240896358543
grow,0.00022408963585434174
corners,0.00011204481792717087
grazed,0.00011204481792717087
point,0.00011204481792717087
cutting,0.00011204481792717087
habitat,0.00022408963585434174
disruption,0.00011204481792717087
original,0.000896358543417367
plant,0.00011204481792717087
ecosystems,0.00011204481792717087
cent,0.00011204481792717087
covered,0.00011204481792717087
stretched,0.00011204481792717087
deforestation,0.0003361344537815126
quarter,0.0003361344537815126
rainforests,0.00011204481792717087
cork,0.00011204481792717087
oak,0.00022408963585434174
recent,0.0004481792717086835
slowed,0.00011204481792717087
trees,0.0003361344537815126
planted,0.0003361344537815126
monoculture,0.00011204481792717087
plantations,0.00022408963585434174
conifers,0.00011204481792717087
quicker,0.00011204481792717087
offer,0.00011204481792717087
poorer,0.00011204481792717087
habitats,0.00022408963585434174
dwelling,0.00011204481792717087
require,0.00011204481792717087
mixture,0.00011204481792717087
tree,0.00011204481792717087
diverse,0.00011204481792717087
percentage,0.00011204481792717087
floristic,0.00011204481792717087
neighbouring,0.00011204481792717087
wolfgang,0.00011204481792717087
frey,0.00011204481792717087
rainer,0.00011204481792717087
l,0.0005602240896358543
sch,0.00011204481792717087
coniferous,0.00011204481792717087
dominate,0.00011204481792717087
important,0.0004481792717086835
beech,0.00011204481792717087
spruce,0.00011204481792717087
pine,0.00011204481792717087
birch,0.00011204481792717087
extreme,0.00022408963585434174
approached,0.00011204481792717087
olive,0.00011204481792717087
adapted,0.00011204481792717087
arid,0.00022408963585434174
cypress,0.00011204481792717087
semi,0.00011204481792717087
hosts,0.00011204481792717087
scrub,0.00011204481792717087
narrow,0.00011204481792717087
tongue,0.00011204481792717087
grassland,0.00011204481792717087
extends,0.00011204481792717087
eastwards,0.00011204481792717087
ends,0.00011204481792717087
traverses,0.00011204481792717087
glaciation,0.00011204481792717087
ice,0.00011204481792717087
distribution,0.00011204481792717087
predator,0.00022408963585434174
hunted,0.00011204481792717087
woolly,0.00011204481792717087
mammoth,0.00011204481792717087
extinct,0.00011204481792717087
wolves,0.00011204481792717087
carnivores,0.00011204481792717087
bears,0.0003361344537815126
omnivores,0.00011204481792717087
endangered,0.0003361344537815126
hunting,0.00011204481792717087
withdraw,0.00011204481792717087
inaccessible,0.00011204481792717087
sufficient,0.00011204481792717087
brown,0.0003361344537815126
bear,0.0003361344537815126
balkan,0.00011204481792717087
number,0.0006722689075630252
persist,0.00011204481792717087
fragmented,0.00011204481792717087
marginalised,0.00011204481792717087
destruction,0.00022408963585434174
polar,0.00022408963585434174
archipelago,0.00011204481792717087
wolf,0.00011204481792717087
handful,0.00011204481792717087
packs,0.00011204481792717087
pockets,0.00011204481792717087
roaming,0.00011204481792717087
bison,0.0003361344537815126
nature,0.00022408963585434174
preserves,0.00011204481792717087
bia,0.00011204481792717087
owie,0.00011204481792717087
wild,0.00011204481792717087
cat,0.00011204481792717087
foxes,0.00011204481792717087
red,0.0003361344537815126
fox,0.00011204481792717087
jackal,0.00011204481792717087
different,0.0006722689075630252
martens,0.00011204481792717087
hedgehogs,0.00011204481792717087
reptiles,0.00011204481792717087
snakes,0.00022408963585434174
vipers,0.00011204481792717087
grass,0.00011204481792717087
amphibians,0.00011204481792717087
birds,0.0003361344537815126
owls,0.00011204481792717087
hawks,0.00011204481792717087
prey,0.00011204481792717087
herbivores,0.00011204481792717087
snails,0.00011204481792717087
larvae,0.00011204481792717087
fish,0.00022408963585434174
mammals,0.00011204481792717087
rodents,0.00011204481792717087
deer,0.00022408963585434174
roe,0.00011204481792717087
boars,0.00011204481792717087
marmots,0.00011204481792717087
steinbocks,0.00011204481792717087
chamois,0.00011204481792717087
dwarf,0.00022408963585434174
hippos,0.00011204481792717087
elephants,0.00011204481792717087
linked,0.00011204481792717087
arrival,0.00011204481792717087
creatures,0.00011204481792717087
flora,0.00022408963585434174
phytoplankton,0.00011204481792717087
zooplankton,0.00011204481792717087
molluscs,0.00011204481792717087
echinoderms,0.00011204481792717087
crustaceans,0.00011204481792717087
squids,0.00011204481792717087
octopuses,0.00011204481792717087
dolphins,0.00011204481792717087
whales,0.00011204481792717087
protected,0.00011204481792717087
bern,0.00022408963585434174
non,0.00022408963585434174
sovereign,0.0020168067226890756
dependent,0.0003361344537815126
transcontinental,0.000896358543417367
regional,0.0004481792717086835
grouping,0.00022408963585434174
statistics,0.0010084033613445378
department,0.0006722689075630252
factbook,0.0007843137254901962
candidate,0.00011204481792717087
membership,0.00011204481792717087
includes,0.0006722689075630252
entities,0.00022408963585434174
definitions,0.00022408963585434174
geographic,0.005938375350140056
data,0.0003361344537815126
displayed,0.00011204481792717087
sources,0.0003361344537815126
cross,0.0003361344537815126
referenced,0.00011204481792717087
highly,0.00011204481792717087
integrated,0.00011204481792717087
economically,0.00022408963585434174
forms,0.00011204481792717087
flag,0.0003361344537815126
arms,0.00022408963585434174
albania,0.0003361344537815126
tirana,0.00011204481792717087
andorra,0.0003361344537815126
la,0.00022408963585434174
vella,0.00011204481792717087
yerevan,0.00011204481792717087
azerbaijan,0.000896358543417367
k,0.0003361344537815126
baku,0.00011204481792717087
minsk,0.00011204481792717087
brussels,0.00011204481792717087
bosnia,0.0003361344537815126
herzegovina,0.0003361344537815126
sarajevo,0.00011204481792717087
sofia,0.00011204481792717087
zagreb,0.00011204481792717087
nicosia,0.0003361344537815126
prague,0.00011204481792717087
copenhagen,0.00011204481792717087
tallinn,0.00011204481792717087
helsinki,0.00011204481792717087
g,0.0011204481792717086
paris,0.00011204481792717087
tbilisi,0.00011204481792717087
budapest,0.00022408963585434174
reykjav,0.00011204481792717087
dublin,0.00011204481792717087
astana,0.00011204481792717087
riga,0.00011204481792717087
liechtenstein,0.00022408963585434174
vaduz,0.00011204481792717087
vilnius,0.00011204481792717087
luxembourg,0.0003361344537815126
macedonia,0.00022408963585434174
skopje,0.00011204481792717087
valletta,0.00011204481792717087
chi,0.00011204481792717087
monaco,0.0006722689075630252
podgorica,0.00011204481792717087
amsterdam,0.00022408963585434174
oslo,0.00011204481792717087
lisbon,0.00011204481792717087
bucharest,0.00011204481792717087
b,0.0024649859943977593
moscow,0.00011204481792717087
san,0.0003361344537815126
marino,0.0003361344537815126
belgrade,0.00011204481792717087
bratislava,0.00011204481792717087
slovenia,0.0003361344537815126
ljubljana,0.00011204481792717087
madrid,0.00011204481792717087
stockholm,0.00011204481792717087
switzerland,0.0003361344537815126
ankara,0.00011204481792717087
kiev,0.00022408963585434174
london,0.0005602240896358543
international,0.0012324929971988796
members,0.0005602240896358543
july,0.0010084033613445378
est,0.00022408963585434174
abkhazia,0.0004481792717086835
sukhumi,0.00011204481792717087
kosovo,0.0006722689075630252
pristina,0.00011204481792717087
nagorno,0.0004481792717086835
karabakh,0.0004481792717086835
q,0.00011204481792717087
stepanakert,0.00011204481792717087
ossetia,0.0004481792717086835
tskhinvali,0.00011204481792717087
transnistria,0.0003361344537815126
tiraspol,0.00011204481792717087
dependencies,0.0003361344537815126
autonomy,0.00011204481792717087
note,0.00022408963585434174
include,0.0011204481792717086
constituent,0.00011204481792717087
federal,0.00011204481792717087
autonomous,0.0003361344537815126
mariehamn,0.00011204481792717087
faroe,0.00022408963585434174
rshavn,0.00011204481792717087
uk,0.0011204481792717086
guernsey,0.0004481792717086835
port,0.00011204481792717087
isle,0.0003361344537815126
douglas,0.00011204481792717087
jersey,0.0003361344537815126
saint,0.00011204481792717087
helier,0.00011204481792717087
jan,0.00022408963585434174
mayen,0.00011204481792717087
longyearbyen,0.00011204481792717087
organization,0.0006722689075630252
security,0.0004481792717086835
osce,0.0003361344537815126
commonwealth,0.0004481792717086835
customs,0.0004481792717086835
organizations,0.00011204481792717087
wholly,0.00011204481792717087
come,0.00011204481792717087
richest,0.0003361344537815126
measured,0.00011204481792717087
assets,0.00022408963585434174
management,0.0003361344537815126
trillion,0.0003361344537815126
compared,0.00011204481792717087
remained,0.00022408963585434174
wealthiest,0.00011204481792717087
represented,0.00011204481792717087
wealth,0.0004481792717086835
surpassed,0.00011204481792717087
precrisis,0.00011204481792717087
peak,0.00011204481792717087
richer,0.00011204481792717087
tend,0.00022408963585434174
economies,0.0006722689075630252
yugoslavia,0.00011204481792717087
gdp,0.0010084033613445378
nominal,0.0004481792717086835
capita,0.0011204481792717086
intergovernmental,0.0003361344537815126
body,0.00011204481792717087
composed,0.00011204481792717087
comprises,0.00011204481792717087
single,0.00011204481792717087
rank,0.00011204481792717087
ppp,0.0004481792717086835
ranks,0.00011204481792717087
cia,0.0013445378151260505
huge,0.0003361344537815126
disparity,0.00011204481792717087
income,0.00011204481792717087
poorest,0.00011204481792717087
report,0.0005602240896358543
capitalism,0.00022408963585434174
dominant,0.00011204481792717087
specifically,0.00022408963585434174
industrialise,0.00011204481792717087
disrupted,0.00011204481792717087
recovered,0.0005602240896358543
compete,0.00011204481792717087
strength,0.00011204481792717087
industries,0.00011204481792717087
ruin,0.00011204481792717087
suffer,0.00011204481792717087
relative,0.00011204481792717087
decades,0.00011204481792717087
condition,0.00022408963585434174
regained,0.00011204481792717087
level,0.00011204481792717087
quickly,0.0003361344537815126
doubled,0.00011204481792717087
production,0.00011204481792717087
staged,0.00011204481792717087
remarkable,0.00011204481792717087
comeback,0.00022408963585434174
enjoying,0.00011204481792717087
modernisation,0.00022408963585434174
leadership,0.00011204481792717087
recorded,0.00011204481792717087
unprecedented,0.00011204481792717087
miracle,0.00022408963585434174
majority,0.0005602240896358543
ussr,0.00011204481792717087
mutual,0.00022408963585434174
assistance,0.00022408963585434174
comecon,0.00022408963585434174
retained,0.00011204481792717087
free,0.0006722689075630252
marshall,0.00022408963585434174
plan,0.00022408963585434174
link,0.0005602240896358543
providing,0.00011204481792717087
basis,0.00011204481792717087
increasing,0.00022408963585434174
enjoy,0.00011204481792717087
rapidly,0.00022408963585434174
improving,0.00011204481792717087
struggling,0.00011204481792717087
cost,0.00011204481792717087
emphasis,0.00011204481792717087
resurrecting,0.00011204481792717087
overtaking,0.00011204481792717087
socialist,0.00011204481792717087
reasonably,0.00011204481792717087
doing,0.00011204481792717087
struggled,0.00011204481792717087
support,0.00011204481792717087
rebuild,0.00011204481792717087
infrastructure,0.00011204481792717087
unemployment,0.0005602240896358543
eurostat,0.0003361344537815126
millennium,0.00011204481792717087
eurozone,0.0007843137254901962
replacing,0.00011204481792717087
currencies,0.00011204481792717087
chose,0.00011204481792717087
outside,0.0005602240896358543
section,0.00022408963585434174
slanted,0.00011204481792717087
events,0.0003361344537815126
try,0.00022408963585434174
perspective,0.00022408963585434174
debt,0.0004481792717086835
confirmed,0.00011204481792717087
rate,0.0005602240896358543
young,0.00011204481792717087
workers,0.0003361344537815126
hard,0.00011204481792717087
hit,0.00011204481792717087
aged,0.00011204481792717087
fears,0.00022408963585434174
concerning,0.00011204481792717087
measures,0.00011204481792717087
groups,0.0005602240896358543
immigration,0.0005602240896358543
emigration,0.0004481792717086835
ageing,0.00022408963585434174
economics,0.00022408963585434174
inventions,0.00022408963585434174
origins,0.0004481792717086835
europeans,0.0004481792717086835
violence,0.00011204481792717087
past,0.0003361344537815126
issues,0.00011204481792717087
religious,0.0003361344537815126
race,0.00011204481792717087
relations,0.0005602240896358543
declining,0.00011204481792717087
aging,0.00011204481792717087
access,0.00011204481792717087
abortion,0.00011204481792717087
illegal,0.00011204481792717087
furthermore,0.00011204481792717087
andalusia,0.00022408963585434174
allowed,0.00011204481792717087
voluntary,0.00011204481792717087
euthanasia,0.00022408963585434174
terminally,0.00011204481792717087
ill,0.00011204481792717087
traditional,0.00022408963585434174
folk,0.00022408963585434174
costumes,0.00011204481792717087
slightly,0.00011204481792717087
ninth,0.00011204481792717087
nearly,0.00011204481792717087
grown,0.00022408963585434174
densely,0.00011204481792717087
populated,0.00011204481792717087
pan,0.00022408963585434174
pfeil,0.00022408963585434174
count,0.00011204481792717087
distinct,0.00022408963585434174
remaining,0.00022408963585434174
minorities,0.0003361344537815126
projection,0.00011204481792717087
medium,0.00011204481792717087
variant,0.00011204481792717087
variants,0.00011204481792717087
disparities,0.00011204481792717087
exist,0.0003361344537815126
relation,0.00011204481792717087
fertility,0.00011204481792717087
rates,0.00011204481792717087
children,0.00011204481792717087
female,0.00011204481792717087
bearing,0.00011204481792717087
predicts,0.00022408963585434174
steady,0.00011204481792717087
galician,0.00011204481792717087
bagpipers,0.00011204481792717087
gaiteiros,0.00011204481792717087
home,0.00022408963585434174
highest,0.00011204481792717087
migrants,0.00022408963585434174
iom,0.00011204481792717087
said,0.00011204481792717087
overall,0.00011204481792717087
net,0.00011204481792717087
gain,0.00011204481792717087
accounted,0.00011204481792717087
open,0.00011204481792717087
job,0.00022408963585434174
centres,0.00022408963585434174
migrant,0.00011204481792717087
citizenship,0.0003361344537815126
decrease,0.00011204481792717087
previous,0.00011204481792717087
citizens,0.00022408963585434174
morocco,0.00011204481792717087
ecuador,0.00011204481792717087
algeria,0.00011204481792717087
iraq,0.00011204481792717087
settlers,0.00022408963585434174
english,0.0005602240896358543
waves,0.00011204481792717087
millions,0.00011204481792717087
families,0.00011204481792717087
descent,0.00011204481792717087
ancestry,0.00011204481792717087
predominates,0.00011204481792717087
lesser,0.00011204481792717087
degree,0.00011204481792717087
particularly,0.00022408963585434174
uruguay,0.00011204481792717087
argentina,0.00011204481792717087
chile,0.00011204481792717087
brazil,0.00011204481792717087
australia,0.0003361344537815126
zealand,0.00011204481792717087
cape,0.00011204481792717087
verde,0.00011204481792717087
tom,0.00022408963585434174
pr,0.00022408963585434174
ncipe,0.00011204481792717087
depending,0.00011204481792717087
africans,0.00022408963585434174
predominate,0.00011204481792717087
russians,0.0003361344537815126
israel,0.00011204481792717087
additionally,0.00011204481792717087
related,0.0003361344537815126
genetic,0.0003361344537815126
affinity,0.00011204481792717087
romance,0.00022408963585434174
ancestor,0.00011204481792717087
spoken,0.0005602240896358543
southeastern,0.0003361344537815126
group,0.0005602240896358543
latvian,0.00011204481792717087
lithuanian,0.00011204481792717087
irish,0.00011204481792717087
gaelic,0.00011204481792717087
manx,0.00011204481792717087
welsh,0.00011204481792717087
cornish,0.00011204481792717087
breton,0.00011204481792717087
armenian,0.00011204481792717087
albanian,0.00011204481792717087
uralic,0.00011204481792717087
estonian,0.00011204481792717087
finnish,0.00011204481792717087
kartvelian,0.00011204481792717087
georgian,0.00022408963585434174
mingrelian,0.00011204481792717087
svan,0.00011204481792717087
maltese,0.00011204481792717087
isolate,0.00011204481792717087
azerbaijani,0.00011204481792717087
turkish,0.00011204481792717087
minority,0.0004481792717086835
multilingualism,0.00011204481792717087
protection,0.00022408963585434174
recognized,0.0004481792717086835
goals,0.00011204481792717087
framework,0.00022408963585434174
charter,0.00011204481792717087
rights,0.00011204481792717087
sebastian,0.00011204481792717087
ramsau,0.00011204481792717087
considering,0.00011204481792717087
christians,0.0003361344537815126
concentrated,0.00011204481792717087
religions,0.00022408963585434174
judaism,0.00022408963585434174
hinduism,0.00011204481792717087
buddhism,0.00022408963585434174
tibetan,0.00011204481792717087
kalmykia,0.00011204481792717087
revival,0.00011204481792717087
neopaganism,0.00011204481792717087
wicca,0.00011204481792717087
druidry,0.00011204481792717087
secular,0.00011204481792717087
proportion,0.00011204481792717087
irreligious,0.00011204481792717087
atheist,0.00011204481792717087
agnostic,0.00011204481792717087
actually,0.00011204481792717087
self,0.00022408963585434174
series,0.00011204481792717087
overlapping,0.00011204481792717087
mixes,0.00011204481792717087
innovations,0.00011204481792717087
odds,0.00011204481792717087
question,0.00022408963585434174
values,0.00022408963585434174
foundation,0.00011204481792717087
laid,0.00011204481792717087
strengthened,0.00011204481792717087
romans,0.00011204481792717087
stabilised,0.00011204481792717087
reformed,0.00011204481792717087
modernised,0.00011204481792717087
globalised,0.00011204481792717087
successive,0.00011204481792717087
citation,0.00011204481792717087
needed,0.00011204481792717087
hilaire,0.00011204481792717087
belloc,0.00022408963585434174
identification,0.00011204481792717087
crusades,0.00022408963585434174
lepanto,0.00011204481792717087
outline,0.00022408963585434174
telecommunications,0.00022408963585434174
nostra,0.00011204481792717087
potential,0.00011204481792717087
superpower,0.00011204481792717087
television,0.00011204481792717087
stations,0.00011204481792717087
eurodistrict,0.00011204481792717087
euroregion,0.00011204481792717087
euroscepticism,0.00011204481792717087
flags,0.00011204481792717087
date,0.00011204481792717087
villages,0.00022408963585434174
financial,0.0003361344537815126
rankings,0.0004481792717086835
portal,0.0004481792717086835
internationally,0.00022408963585434174
recognised,0.00022408963585434174
exercised,0.00011204481792717087
unrecognised,0.00011204481792717087
declared,0.0007843137254901962
crown,0.00011204481792717087
channel,0.00011204481792717087
legislated,0.00011204481792717087
bailiwick,0.00011204481792717087
alderney,0.00011204481792717087
sark,0.00011204481792717087
physiographically,0.0006722689075630252
entirely,0.0005602240896358543
southwest,0.0003361344537815126
strong,0.0004481792717086835
azores,0.00011204481792717087
madeira,0.00011204481792717087
archipelagos,0.00011204481792717087
province,0.00011204481792717087
unilaterally,0.0004481792717086835
february,0.0007843137254901962
status,0.0004481792717086835
unclear,0.00022408963585434174
results,0.00011204481792717087
census,0.0003361344537815126
disputed,0.00011204481792717087
integral,0.00022408963585434174
located,0.00011204481792717087
details,0.00011204481792717087
portion,0.00022408963585434174
aruba,0.00011204481792717087
cura,0.00011204481792717087
ao,0.00011204481792717087
sint,0.00011204481792717087
maarten,0.00011204481792717087
caribbean,0.00022408963585434174
hague,0.00011204481792717087
administrative,0.00011204481792717087
seat,0.00011204481792717087
refers,0.00011204481792717087
exclave,0.00011204481792717087
nakhchivan,0.00011204481792717087
achieved,0.00022408963585434174
jure,0.00011204481792717087
estimates,0.0004481792717086835
precision,0.00011204481792717087
compromised,0.00011204481792717087
ambiguous,0.00011204481792717087
estimate,0.00011204481792717087
november,0.0005602240896358543
stated,0.00022408963585434174
oed,0.00011204481792717087
online,0.0006722689075630252
pronunciation,0.00011204481792717087
brit,0.00011204481792717087
atlas,0.0003361344537815126
ed,0.0004481792717086835
washington,0.00022408963585434174
dc,0.00011204481792717087
isbn,0.005490196078431373
pp,0.0016806722689075631
outlets,0.00011204481792717087
bosporus,0.00011204481792717087
dardanelles,0.00011204481792717087
news,0.0014565826330532213
volume,0.0006722689075630252
lewis,0.0004481792717086835
wigen,0.0004481792717086835
reference,0.00022408963585434174
bureau,0.00011204481792717087
delineations,0.00011204481792717087
encyclop,0.0014565826330532213
dia,0.0014565826330532213
britannica,0.0014565826330532213
vary,0.00011204481792717087
classification,0.00011204481792717087
bbc,0.000896358543417367
certain,0.00011204481792717087
lying,0.00011204481792717087
w,0.0004481792717086835
ren,0.00011204481792717087
myth,0.0003361344537815126
critique,0.00011204481792717087
metageography,0.00011204481792717087
university,0.0020168067226890756
california,0.00011204481792717087
jordan,0.00022408963585434174
bychkov,0.00011204481792717087
terry,0.00011204481792717087
bella,0.00011204481792717087
bychkova,0.00011204481792717087
systematic,0.00011204481792717087
rowman,0.00011204481792717087
littlefield,0.00011204481792717087
franxman,0.00011204481792717087
thomas,0.0004481792717086835
genesis,0.00011204481792717087
jewish,0.00011204481792717087
antiquities,0.00011204481792717087
flavius,0.00011204481792717087
josephus,0.00011204481792717087
pontificium,0.00011204481792717087
institutum,0.00011204481792717087
biblicum,0.00011204481792717087
norman,0.0005602240896358543
cantor,0.0003361344537815126
society,0.0005602240896358543
ff,0.00011204481792717087
noted,0.00011204481792717087
davies,0.0003361344537815126
retrieved,0.005266106442577031
microsoft,0.00011204481792717087
encarta,0.00011204481792717087
encyclopaedia,0.00011204481792717087
archived,0.0005602240896358543
october,0.0006722689075630252
falconer,0.00022408963585434174
william,0.0003361344537815126
dissertation,0.00011204481792717087
paul,0.00011204481792717087
voyage,0.00011204481792717087
bibliolife,0.00011204481792717087
bibliobazaar,0.00011204481792717087
pliny,0.00011204481792717087
african,0.00011204481792717087
merje,0.00011204481792717087
kuus,0.00011204481792717087
inscription,0.00011204481792717087
otherness,0.00011204481792717087
progress,0.00011204481792717087
vol,0.0004481792717086835
zsef,0.00011204481792717087
cz,0.00011204481792717087
goodness,0.00011204481792717087
difference,0.00011204481792717087
comparative,0.00022408963585434174
studies,0.00022408963585434174
attila,0.00011204481792717087
melegh,0.00011204481792717087
slope,0.00011204481792717087
globalisation,0.00011204481792717087
nationalism,0.00011204481792717087
racism,0.00011204481792717087
discourses,0.00011204481792717087
noun,0.00011204481792717087
princeton,0.00022408963585434174
theories,0.00011204481792717087
etymological,0.00011204481792717087
deriving,0.00011204481792717087
gen,0.00011204481792717087
mould,0.00011204481792717087
aren,0.00011204481792717087
discussed,0.00011204481792717087
henry,0.00022408963585434174
george,0.0004481792717086835
liddell,0.00022408963585434174
robert,0.0005602240896358543
scott,0.0003361344537815126
lexicon,0.00022408963585434174
perseus,0.00022408963585434174
poetry,0.00022408963585434174
oxford,0.0010084033613445378
etymonline,0.00011204481792717087
helicon,0.00011204481792717087
asiatic,0.00011204481792717087
clarendon,0.00011204481792717087
histories,0.00011204481792717087
james,0.0004481792717086835
rennell,0.00011204481792717087
examined,0.00011204481792717087
explained,0.00011204481792717087
rivington,0.00011204481792717087
theiler,0.00011204481792717087
posidonios,0.00011204481792717087
die,0.00011204481792717087
fragmente,0.00011204481792717087
gruyter,0.00011204481792717087
fragm,0.00011204481792717087
kidd,0.00011204481792717087
commentary,0.00011204481792717087
cambridge,0.0007843137254901962
geographia,0.00011204481792717087
nobbe,0.00011204481792717087
lake,0.00011204481792717087
maiotis,0.00011204481792717087
crosses,0.00011204481792717087
davidson,0.00011204481792717087
roderic,0.00011204481792717087
doi,0.0003361344537815126
jstor,0.00011204481792717087
vekua,0.00011204481792717087
lordkipanidze,0.00011204481792717087
rightmire,0.00011204481792717087
agusti,0.00011204481792717087
ferring,0.00011204481792717087
maisuradze,0.00011204481792717087
et,0.00011204481792717087
skull,0.00011204481792717087
dmanisi,0.00011204481792717087
pmid,0.00011204481792717087
tooth,0.00011204481792717087
scarre,0.00011204481792717087
chris,0.00011204481792717087
companion,0.00011204481792717087
archaeology,0.00022408963585434174
parameter,0.0003361344537815126
editor,0.00022408963585434174
ignored,0.0003361344537815126
help,0.0005602240896358543
unused,0.00011204481792717087
atkinson,0.00022408963585434174
penguin,0.0012324929971988796
books,0.000896358543417367
peregrine,0.00011204481792717087
neal,0.00011204481792717087
ember,0.00011204481792717087
melvin,0.00011204481792717087
eds,0.00011204481792717087
encyclopedia,0.00011204481792717087
springer,0.00011204481792717087
http,0.0004481792717086835
www,0.0004481792717086835
britishmuseum,0.00011204481792717087
org,0.00022408963585434174
explore,0.00011204481792717087
aspx,0.00011204481792717087
arch,0.00011204481792717087
ac,0.00011204481792717087
periods,0.00011204481792717087
html,0.00022408963585434174
heath,0.00022408963585434174
little,0.00022408963585434174
dover,0.00022408963585434174
publications,0.00022408963585434174
pedersen,0.00011204481792717087
olaf,0.00011204481792717087
physics,0.00011204481792717087
astronomy,0.00011204481792717087
introduction,0.00022408963585434174
nd,0.00011204481792717087
edition,0.00022408963585434174
mcevedy,0.00022408963585434174
colin,0.00022408963585434174
foster,0.00011204481792717087
sally,0.00011204481792717087
picts,0.00011204481792717087
gaels,0.00011204481792717087
scots,0.00011204481792717087
historic,0.00011204481792717087
scotland,0.00011204481792717087
batsford,0.00011204481792717087
journal,0.0004481792717086835
ideas,0.00011204481792717087
kennedy,0.00011204481792717087
hugh,0.00011204481792717087
mckitterick,0.00011204481792717087
rosamund,0.00011204481792717087
x,0.0004481792717086835
gerald,0.00011204481792717087
mako,0.00011204481792717087
islamization,0.00011204481792717087
bulghars,0.00011204481792717087
reconsidered,0.00011204481792717087
archivum,0.00011204481792717087
eurasiae,0.00011204481792717087
medii,0.00011204481792717087
aevi,0.00011204481792717087
duiker,0.00022408963585434174
jackson,0.00022408963585434174
spielvogel,0.00022408963585434174
essential,0.00022408963585434174
cengage,0.00022408963585434174
learning,0.0003361344537815126
interacted,0.00011204481792717087
interactions,0.00011204481792717087
proved,0.00011204481792717087
costly,0.00011204481792717087
fatal,0.0003361344537815126
ronald,0.00011204481792717087
findlay,0.00011204481792717087
eli,0.00011204481792717087
heckscher,0.00011204481792717087
mit,0.00011204481792717087
did,0.00022408963585434174
accept,0.00011204481792717087
sacked,0.00011204481792717087
lasted,0.00022408963585434174
wound,0.00011204481792717087
hands,0.00011204481792717087
turks,0.0003361344537815126
queller,0.00011204481792717087
madden,0.00011204481792717087
browning,0.00011204481792717087
revised,0.00011204481792717087
cua,0.00011204481792717087
struck,0.00011204481792717087
plausibly,0.00011204481792717087
argued,0.00011204481792717087
injury,0.00011204481792717087
inflicted,0.00011204481792717087
crusaders,0.00011204481792717087
ted,0.00011204481792717087
byfield,0.00011204481792717087
glorious,0.00011204481792717087
disaster,0.00011204481792717087
blood,0.00011204481792717087
valor,0.00011204481792717087
iniquity,0.00011204481792717087
faith,0.00022408963585434174
project,0.00011204481792717087
continue,0.00011204481792717087
stand,0.00011204481792717087
irrevocably,0.00011204481792717087
cornelia,0.00011204481792717087
golna,0.00011204481792717087
desire,0.00011204481792717087
novel,0.00011204481792717087
bos,0.00011204481792717087
sacks,0.00011204481792717087
destroying,0.00011204481792717087
pillaging,0.00011204481792717087
treasures,0.00011204481792717087
weakening,0.00011204481792717087
militarily,0.00011204481792717087
john,0.0003361344537815126
powell,0.00011204481792717087
magill,0.00011204481792717087
guide,0.0005602240896358543
cor,0.00011204481792717087
salem,0.00011204481792717087
plunder,0.00011204481792717087
genuinely,0.00011204481792717087
weak,0.00011204481792717087
ottomans,0.0003361344537815126
overran,0.00011204481792717087
besieged,0.00011204481792717087
sheer,0.00011204481792717087
poverty,0.00011204481792717087
weakness,0.00011204481792717087
causes,0.00011204481792717087
dale,0.00011204481792717087
irvin,0.00011204481792717087
continuum,0.00022408963585434174
publishing,0.0003361344537815126
harden,0.00011204481792717087
resentments,0.00011204481792717087
felt,0.00011204481792717087
say,0.00011204481792717087
restoration,0.00011204481792717087
survived,0.00011204481792717087
fully,0.00011204481792717087
richard,0.0003361344537815126
frucht,0.00011204481792717087
abc,0.00011204481792717087
clio,0.00011204481792717087
revived,0.00011204481792717087
longer,0.00011204481792717087
anatolian,0.00011204481792717087
expense,0.00011204481792717087
byzantines,0.00011204481792717087
severely,0.00011204481792717087
occupation,0.00011204481792717087
ralph,0.00011204481792717087
peters,0.00011204481792717087
glory,0.00011204481792717087
supremacy,0.00011204481792717087
sentinel,0.00011204481792717087
opened,0.00011204481792717087
path,0.00011204481792717087
chronicles,0.00011204481792717087
rockford,0.00011204481792717087
institute,0.00022408963585434174
recover,0.00011204481792717087
wounded,0.00011204481792717087
cause,0.00011204481792717087
onslaught,0.00011204481792717087
eve,0.00011204481792717087
precondition,0.00011204481792717087
submission,0.00011204481792717087
klyuchevsky,0.00011204481792717087
vasily,0.00011204481792717087
course,0.00011204481792717087
v,0.0005602240896358543
mysl,0.00011204481792717087
toronto,0.00011204481792717087
kipchak,0.00011204481792717087
alamo,0.00011204481792717087
colleges,0.00011204481792717087
oglethorpe,0.00011204481792717087
baumgartner,0.00011204481792717087
frederic,0.00011204481792717087
sixteenth,0.00011204481792717087
macmillan,0.00022408963585434174
publishers,0.00011204481792717087
reilly,0.00011204481792717087
joan,0.00011204481792717087
orl,0.00011204481792717087
ans,0.00011204481792717087
thehistorynet,0.00011204481792717087
com,0.0011204481792717086
bartholomew,0.00011204481792717087
telegraph,0.0003361344537815126
bubonic,0.00011204481792717087
infoplease,0.00022408963585434174
jo,0.00011204481792717087
revill,0.00011204481792717087
blamed,0.00011204481792717087
rats,0.00011204481792717087
observer,0.00022408963585434174
theology,0.00011204481792717087
search,0.00011204481792717087
weiss,0.00011204481792717087
roberto,0.00011204481792717087
jacob,0.00011204481792717087
burckhardt,0.00011204481792717087
translation,0.00022408963585434174
middlemore,0.00011204481792717087
jensen,0.00011204481792717087
lamar,0.00011204481792717087
levey,0.00022408963585434174
michael,0.00022408963585434174
seventeenth,0.00011204481792717087
library,0.00022408963585434174
food,0.00011204481792717087
fertilizers,0.00011204481792717087
seshadri,0.00011204481792717087
kannan,0.00011204481792717087
aph,0.00011204481792717087
clarence,0.00011204481792717087
smith,0.00011204481792717087
yielded,0.00011204481792717087
compilation,0.00011204481792717087
indicates,0.00011204481792717087
tartars,0.00011204481792717087
seized,0.00011204481792717087
ukrainians,0.00011204481792717087
poles,0.00011204481792717087
hunt,0.00011204481792717087
shelby,0.00011204481792717087
controversy,0.00011204481792717087
marketing,0.00011204481792717087
realism,0.00011204481792717087
truth,0.00011204481792717087
objectivity,0.00011204481792717087
sharpe,0.00011204481792717087
chronological,0.00011204481792717087
timeline,0.00011204481792717087
morris,0.00011204481792717087
roberts,0.00011204481792717087
goldie,0.00011204481792717087
wokler,0.00011204481792717087
eighteenth,0.00011204481792717087
cassirer,0.00011204481792717087
ernst,0.00011204481792717087
schama,0.00011204481792717087
simon,0.0003361344537815126
chronicle,0.00011204481792717087
knopf,0.00011204481792717087
lyons,0.00011204481792717087
martyn,0.00011204481792717087
legacy,0.00011204481792717087
grab,0.00011204481792717087
alexander,0.00011204481792717087
transformation,0.00011204481792717087
palgrave,0.00011204481792717087
check,0.00011204481792717087
value,0.00011204481792717087
trevelyan,0.00022408963585434174
macaulay,0.00022408963585434174
shortened,0.00011204481792717087
webb,0.00011204481792717087
sidney,0.00011204481792717087
unionism,0.00011204481792717087
ams,0.00011204481792717087
survey,0.00022408963585434174
ways,0.00011204481792717087
longmans,0.00011204481792717087
afford,0.00011204481792717087
consequences,0.00011204481792717087
hobsbawm,0.00011204481792717087
eric,0.00011204481792717087
extremes,0.00011204481792717087
vintage,0.00011204481792717087
taylor,0.00011204481792717087
schuster,0.00022408963585434174
honours,0.00011204481792717087
ve,0.00011204481792717087
niewyk,0.00011204481792717087
donald,0.00011204481792717087
francis,0.00011204481792717087
leaders,0.00022408963585434174
mourn,0.00011204481792717087
wartime,0.00011204481792717087
postwar,0.0003361344537815126
transfers,0.00011204481792717087
schechtman,0.00011204481792717087
southampton,0.00011204481792717087
funds,0.00011204481792717087
mcpfe,0.00011204481792717087
sustainable,0.00011204481792717087
pdf,0.00022408963585434174
efi,0.00011204481792717087
euroforest,0.00011204481792717087
ultimateungulate,0.00011204481792717087
artiodactyla,0.00011204481792717087
bonasus,0.00011204481792717087
walker,0.00011204481792717087
matt,0.00011204481792717087
brink,0.00011204481792717087
composition,0.00011204481792717087
macro,0.00011204481792717087
selected,0.00011204481792717087
groupings,0.0003361344537815126
gov,0.00022408963585434174
fineman,0.00011204481792717087
josh,0.00011204481792717087
bloomberg,0.00022408963585434174
stages,0.00011204481792717087
inside,0.00011204481792717087
databank,0.00011204481792717087
worldbank,0.00011204481792717087
ddp,0.00011204481792717087
step,0.00011204481792717087
id,0.00011204481792717087
cno,0.00011204481792717087
industrialism,0.00011204481792717087
dictionary,0.00022408963585434174
sociology,0.00022408963585434174
steven,0.00011204481792717087
kreis,0.00011204481792717087
dornbusch,0.00022408963585434174
rudiger,0.00022408963585434174
lling,0.00022408963585434174
wilhelm,0.00022408963585434174
layard,0.00022408963585434174
lessons,0.00022408963585434174
pg,0.0003361344537815126
emadi,0.00011204481792717087
coffin,0.00011204481792717087
barbara,0.00011204481792717087
rethinking,0.00011204481792717087
organisation,0.0003361344537815126
deregulation,0.00011204481792717087
governance,0.00022408963585434174
routledge,0.00011204481792717087
harrop,0.00011204481792717087
democracies,0.00011204481792717087
study,0.00011204481792717087
appendix,0.00011204481792717087
confirms,0.00011204481792717087
eubusiness,0.00011204481792717087
thanks,0.00011204481792717087
catastrophe,0.00011204481792717087
march,0.00022408963585434174
stefan,0.00011204481792717087
schultz,0.00011204481792717087
threats,0.00011204481792717087
spiegel,0.00011204481792717087
brian,0.00011204481792717087
blackstone,0.00011204481792717087
lauricella,0.00011204481792717087
neil,0.00011204481792717087
shah,0.00011204481792717087
markets,0.00011204481792717087
shudder,0.00011204481792717087
doubts,0.00011204481792717087
crunch,0.00011204481792717087
jolt,0.00011204481792717087
hopes,0.00011204481792717087
lauren,0.00011204481792717087
frayer,0.00011204481792717087
contributor,0.00011204481792717087
calm,0.00011204481792717087
protect,0.00011204481792717087
aol,0.00011204481792717087
gadgets,0.00011204481792717087
changed,0.00011204481792717087
gary,0.00011204481792717087
rodger,0.00011204481792717087
weaver,0.00011204481792717087
communication,0.00011204481792717087
andaluc,0.00011204481792717087
permitir,0.00011204481792717087
por,0.00011204481792717087
ley,0.00011204481792717087
eutanasia,0.00011204481792717087
pasiva,0.00011204481792717087
para,0.00011204481792717087
enfermos,0.00011204481792717087
incurables,0.00011204481792717087
minutos,0.00011204481792717087
unnecessary,0.00011204481792717087
expert,0.00011204481792717087
warns,0.00011204481792717087
agency,0.00011204481792717087
prospects,0.00011204481792717087
revision,0.00011204481792717087
database,0.00011204481792717087
christoph,0.00011204481792717087
beate,0.00011204481792717087
sibylle,0.00011204481792717087
minderheitenrechte,0.00011204481792717087
handbuch,0.00011204481792717087
der,0.00011204481792717087
europ,0.00011204481792717087
ischen,0.00011204481792717087
volksgruppen,0.00011204481792717087
diversity,0.00011204481792717087
yale,0.00011204481792717087
daily,0.00022408963585434174
brookings,0.00011204481792717087
rich,0.00022408963585434174
needs,0.00011204481792717087
foxnews,0.00011204481792717087
target,0.00011204481792717087
invited,0.00011204481792717087
express,0.00011204481792717087
granted,0.00011204481792717087
pena,0.00011204481792717087
degredo,0.00011204481792717087
nas,0.00011204481792717087
ordena,0.00011204481792717087
es,0.00022408963585434174
reino,0.00011204481792717087
ensaio,0.00011204481792717087
sobre,0.00011204481792717087
imigra,0.00011204481792717087
portuguesa,0.00011204481792717087
padr,0.00011204481792717087
miscigena,0.00011204481792717087
brasil,0.00011204481792717087
axtell,0.00011204481792717087
columbian,0.00011204481792717087
mosaic,0.00011204481792717087
humanities,0.00011204481792717087
nicholas,0.00011204481792717087
evans,0.00011204481792717087
indirect,0.00011204481792717087
passage,0.00011204481792717087
transmigration,0.00011204481792717087
research,0.00011204481792717087
issue,0.00011204481792717087
greenall,0.00011204481792717087
dogan,0.00011204481792717087
mattei,0.00011204481792717087
sage,0.00011204481792717087
hilarie,0.00011204481792717087
chapter,0.00011204481792717087
statistical,0.0004481792717086835
convenience,0.0004481792717086835
assignment,0.00022408963585434174
specific,0.00022408963585434174
imply,0.00022408963585434174
assumption,0.00022408963585434174
regarding,0.00022408963585434174
affiliation,0.00022408963585434174
range,0.00011204481792717087
office,0.00011204481792717087
tourism,0.00011204481792717087
unesco,0.00011204481792717087
unicef,0.00011204481792717087
unhcr,0.00011204481792717087
aviation,0.00011204481792717087
euronews,0.00011204481792717087
assembly,0.00011204481792717087
air,0.00011204481792717087
transport,0.00022408963585434174
association,0.00022408963585434174
icrc,0.00011204481792717087
salvation,0.00011204481792717087
army,0.00011204481792717087
federation,0.00011204481792717087
crescent,0.00011204481792717087
societies,0.00011204481792717087
merriam,0.00011204481792717087
webster,0.00011204481792717087
collegiate,0.00011204481792717087
worldatlas,0.00011204481792717087
visual,0.00011204481792717087
wikipedia,0.00011204481792717087
sister,0.00011204481792717087
projects,0.00011204481792717087
translations,0.00011204481792717087
wiktionary,0.00011204481792717087
media,0.00011204481792717087
commons,0.00011204481792717087
wikiversity,0.00011204481792717087
stories,0.00011204481792717087
wikinews,0.00011204481792717087
quotations,0.00011204481792717087
wikiquote,0.00011204481792717087
texts,0.00011204481792717087
wikisource,0.00011204481792717087
textbooks,0.00011204481792717087
wikibooks,0.00011204481792717087
travel,0.00022408963585434174
wikivoyage,0.00011204481792717087
gazetteer,0.00011204481792717087
lonely,0.00011204481792717087
planet,0.00011204481792717087
guides,0.00011204481792717087
topics,0.00011204481792717087
chronology,0.00011204481792717087
modernity,0.00011204481792717087
situations,0.00011204481792717087
protests,0.00011204481792717087
topic,0.00011204481792717087
sovereignty,0.00011204481792717087
predecessor,0.00011204481792717087
points,0.00011204481792717087
lakes,0.00011204481792717087
rivers,0.00011204481792717087
eurosphere,0.00011204481792717087
organisations,0.00011204481792717087
transatlantic,0.00011204481792717087
cis,0.00011204481792717087
coe,0.00011204481792717087
collective,0.00011204481792717087
csto,0.00011204481792717087
guam,0.00011204481792717087
agreements,0.00011204481792717087
eea,0.00011204481792717087
neighbourhood,0.00011204481792717087
enp,0.00011204481792717087
eucu,0.00011204481792717087
enlargement,0.00011204481792717087
schengen,0.00011204481792717087
visa,0.00011204481792717087
cefta,0.00011204481792717087
cubkr,0.00011204481792717087
eaec,0.00011204481792717087
efta,0.00011204481792717087
wage,0.00022408963585434174
budget,0.00011204481792717087
revenues,0.00011204481792717087
corruption,0.00011204481792717087
index,0.0003361344537815126
gni,0.00022408963585434174
hdi,0.00011204481792717087
users,0.00011204481792717087
minimum,0.00011204481792717087
freedom,0.00011204481792717087
etiquette,0.00011204481792717087
universities,0.00011204481792717087
bologna,0.00011204481792717087
erasmus,0.00011204481792717087
painting,0.00011204481792717087
sculpture,0.00011204481792717087
cinema,0.00011204481792717087
film,0.00011204481792717087
festivals,0.00011204481792717087
cuisine,0.00011204481792717087
sport,0.00011204481792717087
symbols,0.00011204481792717087
life,0.00011204481792717087
expectancy,0.00011204481792717087
retirement,0.00011204481792717087
category,0.00022408963585434174
wikiproject,0.00011204481792717087
akrotiri,0.00011204481792717087
dhekelia,0.00011204481792717087
antarctica,0.00022408963585434174
afro,0.00022408963585434174
supercontinents,0.00022408963585434174
pangaea,0.00022408963585434174
pannotia,0.00011204481792717087
kenorland,0.00011204481792717087
nena,0.00011204481792717087
ur,0.00011204481792717087
vaalbara,0.00011204481792717087
asiamerica,0.00011204481792717087
atlantica,0.00011204481792717087
cimmeria,0.00011204481792717087
congo,0.00011204481792717087
kalaharia,0.00011204481792717087
kazakhstania,0.00011204481792717087
china,0.00022408963585434174
siberia,0.00011204481792717087
india,0.00011204481792717087
submerged,0.00011204481792717087
mythical,0.00011204481792717087
theorised,0.00011204481792717087
kerguelen,0.00011204481792717087
plateau,0.00011204481792717087
sundaland,0.00011204481792717087
zealandia,0.00022408963585434174
ultima,0.00011204481792717087
amasia,0.00011204481792717087
novopangaea,0.00011204481792717087
atlantis,0.00011204481792717087
kumari,0.00011204481792717087
kandam,0.00011204481792717087
lemuria,0.00011204481792717087
mu,0.00011204481792717087
terra,0.00011204481792717087
australis,0.00011204481792717087
fragment,0.00011204481792717087
saharan,0.00011204481792717087
horn,0.00011204481792717087
australasia,0.00011204481792717087
pacific,0.0003361344537815126
melanesia,0.00011204481792717087
micronesia,0.00011204481792717087
polynesia,0.00011204481792717087
anglo,0.00011204481792717087
hispanic,0.00022408963585434174
guianan,0.00011204481792717087
antarctic,0.00011204481792717087
northeastern,0.00011204481792717087
indian,0.00022408963585434174
subcontinent,0.00011204481792717087
oceans,0.00011204481792717087
physical,0.00011204481792717087
