article,0.0015616866215512754
island,0.012493492972410203
modern,0.002342529932326913
state,0.0015616866215512754
united,0.011192087454450807
kingdom,0.014315460697553357
existed,0.0007808433107756377
great,0.019521082769390942
britain,0.028891202498698594
ship,0.0005205622071837585
ss,0.0002602811035918792
uses,0.0002602811035918792
disambiguation,0.0005205622071837585
native,0.0013014055179593961
names,0.0007808433107756377
languages,0.002342529932326913
english,0.005465903175429464
prydain,0.0007808433107756377
fawr,0.0005205622071837585
welsh,0.0028630921395106715
breatainn,0.0005205622071837585
mh,0.0005205622071837585
r,0.0007808433107756377
scottish,0.001041124414367517
gaelic,0.001041124414367517
breetain,0.0005205622071837585
scots,0.001041124414367517
breten,0.001041124414367517
veur,0.0005205622071837585
cornish,0.0015616866215512754
true,0.0002602811035918792
colour,0.0002602811035918792
image,0.0002602811035918792
captured,0.0002602811035918792
nasa,0.0002602811035918792
satellite,0.0002602811035918792
april,0.0013014055179593961
geography,0.0031233732431025507
location,0.0002602811035918792
west,0.0018219677251431546
europe,0.004164497657470068
coordinates,0.0005205622071837585
n,0.0015616866215512754
w,0.0013014055179593961
archipelago,0.0005205622071837585
british,0.01015096304008329
isles,0.004164497657470068
area,0.0028630921395106715
km,0.0013014055179593961
sq,0.0007808433107756377
mi,0.001041124414367517
rank,0.0002602811035918792
th,0.002342529932326913
highest,0.0005205622071837585
elevation,0.0002602811035918792
m,0.0005205622071837585
ft,0.0005205622071837585
point,0.0002602811035918792
ben,0.0002602811035918792
nevis,0.0002602811035918792
country,0.0013014055179593961
england,0.010671525247267048
scotland,0.010411244143675169
wales,0.008068714211348256
largest,0.004685059864653826
city,0.0005205622071837585
london,0.0031233732431025507
demographics,0.0002602811035918792
population,0.0026028110359187923
mid,0.0005205622071837585
est,0.0002602811035918792
density,0.0002602811035918792
known,0.003643935450286309
situated,0.0002602811035918792
north,0.0028630921395106715
continental,0.002342529932326913
ninth,0.0002602811035918792
world,0.0026028110359187923
european,0.0018219677251431546
million,0.002342529932326913
people,0.002082248828735034
populous,0.0005205622071837585
java,0.0002602811035918792
honsh,0.0002602811035918792
surrounded,0.0005205622071837585
smaller,0.0015616866215512754
islands,0.00676730869338886
islets,0.0005205622071837585
ireland,0.009109838625715773
lies,0.0005205622071837585
politically,0.0005205622071837585
refers,0.0013014055179593961
number,0.001041124414367517
surrounding,0.0005205622071837585
constitute,0.0005205622071837585
territory,0.0007808433107756377
sovereign,0.0005205622071837585
northern,0.004945340968245705
s,0.005726184279021343
respective,0.0002602811035918792
capital,0.001041124414367517
cities,0.002082248828735034
edinburgh,0.0007808433107756377
cardiff,0.0005205622071837585
resulted,0.0002602811035918792
political,0.002082248828735034
union,0.004164497657470068
kingdoms,0.001041124414367517
acts,0.0005205622071837585
queen,0.0002602811035918792
anne,0.0002602811035918792
new,0.0018219677251431546
act,0.0007808433107756377
merged,0.0005205622071837585
create,0.0002602811035918792
irish,0.0031233732431025507
war,0.0007808433107756377
independence,0.0002602811035918792
seceded,0.0002602811035918792
variety,0.0005205622071837585
fauna,0.001041124414367517
flora,0.001041124414367517
limited,0.0007808433107756377
comparison,0.0002602811035918792
size,0.0005205622071837585
fact,0.0005205622071837585
wildlife,0.0005205622071837585
little,0.0005205622071837585
time,0.0007808433107756377
develop,0.0002602811035918792
glacial,0.0007808433107756377
period,0.0015616866215512754
fungi,0.0026028110359187923
sufficient,0.0002602811035918792
information,0.0005205622071837585
available,0.0002602811035918792
meaningful,0.0002602811035918792
comparisons,0.0002602811035918792
high,0.0005205622071837585
level,0.0013014055179593961
urbanisation,0.0005205622071837585
contributed,0.0005205622071837585
species,0.007287870900572618
extinction,0.0007808433107756377
rate,0.0007808433107756377
times,0.0013014055179593961
greater,0.0005205622071837585
background,0.0005205622071837585
citation,0.0002602811035918792
needed,0.0002602811035918792
contents,0.0002602811035918792
definition,0.001041124414367517
geographical,0.0005205622071837585
history,0.007027589796980739
language,0.0031233732431025507
terminology,0.0013014055179593961
toponymy,0.0005205622071837585
derivation,0.0005205622071837585
use,0.0007808433107756377
term,0.00338365434669443
biodiversity,0.0005205622071837585
animals,0.001041124414367517
plants,0.0018219677251431546
religion,0.0039042165538781884
settlements,0.0007808433107756377
major,0.0013014055179593961
references,0.0005205622071837585
footnotes,0.0005205622071837585
bibliography,0.0005205622071837585
external,0.0005205622071837585
links,0.001041124414367517
video,0.0005205622071837585
edit,0.005726184279021343
main,0.002342529932326913
articles,0.0007808433107756377
combination,0.0002602811035918792
includes,0.0005205622071837585
isle,0.002082248828735034
wight,0.0002602811035918792
anglesey,0.0002602811035918792
scilly,0.0005205622071837585
hebrides,0.0005205622071837585
groups,0.0013014055179593961
orkney,0.0005205622071837585
shetland,0.0005205622071837585
does,0.0005205622071837585
include,0.002342529932326913
man,0.0018219677251431546
channel,0.002082248828735034
instead,0.0005205622071837585
self,0.0002602811035918792
governing,0.0002602811035918792
dependent,0.0002602811035918792
territories,0.0005205622071837585
legislative,0.0002602811035918792
taxation,0.0005205622071837585
systems,0.0005205622071837585
joined,0.0007808433107756377
happened,0.0002602811035918792
ratified,0.0002602811035918792
treaty,0.001041124414367517
parliaments,0.0005205622071837585
nations,0.0007808433107756377
forming,0.001041124414367517
covered,0.0002602811035918792
entire,0.0002602811035918792
prior,0.0005205622071837585
personal,0.0002602811035918792
countries,0.0015616866215512754
crowns,0.0002602811035918792
james,0.0018219677251431546
vi,0.0007808433107756377
shelf,0.0005205622071837585
northwest,0.0005205622071837585
east,0.0018219677251431546
separated,0.0002602811035918792
continent,0.001041124414367517
sea,0.0026028110359187923
narrows,0.0002602811035918792
kilometres,0.0002602811035918792
straits,0.0002602811035918792
dover,0.0005205622071837585
stretches,0.0002602811035918792
degrees,0.0002602811035918792
latitude,0.0005205622071837585
longer,0.0005205622071837585
south,0.0018219677251431546
axis,0.0002602811035918792
occupies,0.0002602811035918792
excluding,0.0005205622071837585
st,0.0015616866215512754
george,0.0005205622071837585
celtic,0.004164497657470068
separate,0.0005205622071837585
physically,0.0002602811035918792
connected,0.0002602811035918792
tunnel,0.0005205622071837585
longest,0.0002602811035918792
undersea,0.0002602811035918792
rail,0.0002602811035918792
completed,0.0002602811035918792
marked,0.0002602811035918792
low,0.0005205622071837585
rolling,0.0002602811035918792
countryside,0.0005205622071837585
hills,0.0002602811035918792
mountains,0.0005205622071837585
predominate,0.0002602811035918792
western,0.0005205622071837585
regions,0.0002602811035918792
greatest,0.0002602811035918792
distance,0.0002602811035918792
points,0.0002602811035918792
miles,0.0005205622071837585
land,0.002342529932326913
end,0.001041124414367517
cornwall,0.001041124414367517
john,0.002342529932326913
o,0.0007808433107756377
groats,0.0002602811035918792
caithness,0.0002602811035918792
road,0.0002602811035918792
thought,0.0007808433107756377
created,0.0002602811035918792
years,0.0026028110359187923
ago,0.0015616866215512754
catastrophic,0.0005205622071837585
lake,0.0005205622071837585
outburst,0.0002602811035918792
floods,0.0002602811035918792
caused,0.0002602811035918792
breaching,0.0002602811035918792
weald,0.0002602811035918792
artois,0.0002602811035918792
anticline,0.0002602811035918792
ridge,0.0002602811035918792
held,0.0002602811035918792
large,0.001041124414367517
proglacial,0.0002602811035918792
submerged,0.0005205622071837585
devensian,0.0002602811035918792
glaciation,0.0002602811035918792
lower,0.0005205622071837585
upland,0.0002602811035918792
region,0.0005205622071837585
northwestern,0.0002602811035918792
lying,0.0002602811035918792
partially,0.0002602811035918792
underneath,0.0002602811035918792
eurasian,0.0002602811035918792
ice,0.001041124414367517
sheet,0.0002602811035918792
metres,0.0005205622071837585
today,0.001041124414367517
bed,0.0002602811035918792
dry,0.0002602811035918792
acted,0.0002602811035918792
bridge,0.0005205622071837585
doggerland,0.0005205622071837585
generally,0.0007808433107756377
levels,0.0005205622071837585
gradually,0.0002602811035918792
rose,0.0005205622071837585
current,0.0007808433107756377
age,0.002082248828735034
beneath,0.0002602811035918792
cutting,0.0002602811035918792
previously,0.0002602811035918792
peninsula,0.0002602811035918792
mainland,0.0013014055179593961
bc,0.0018219677251431546
prehistoric,0.0005205622071837585
roman,0.002082248828735034
medieval,0.0002602811035918792
early,0.0026028110359187923
inhabited,0.0002602811035918792
crossed,0.0002602811035918792
traces,0.0007808433107756377
humans,0.0013014055179593961
boxgrove,0.0002602811035918792
quarry,0.0002602811035918792
sussex,0.0002602811035918792
recently,0.0005205622071837585
strip,0.0002602811035918792
marsh,0.0002602811035918792
denmark,0.0002602811035918792
netherlands,0.0002602811035918792
cheddar,0.0005205622071837585
gorge,0.0002602811035918792
near,0.0002602811035918792
bristol,0.0005205622071837585
remains,0.0002602811035918792
animal,0.0005205622071837585
antelopes,0.0002602811035918792
brown,0.001041124414367517
bears,0.0002602811035918792
wild,0.0015616866215512754
horses,0.0002602811035918792
alongside,0.0002602811035918792
human,0.0002602811035918792
skeleton,0.0002602811035918792
dated,0.0002602811035918792
moved,0.0002602811035918792
crossing,0.0002602811035918792
pleistocene,0.0002602811035918792
isostatic,0.0002602811035918792
depression,0.0002602811035918792
crust,0.0002602811035918792
melting,0.0002602811035918792
glaciers,0.0002602811035918792
iron,0.0002602811035918792
inhabitants,0.0007808433107756377
britons,0.002342529932326913
group,0.0007808433107756377
speaking,0.0005205622071837585
romans,0.0007808433107756377
conquered,0.0005205622071837585
hadrian,0.0002602811035918792
wall,0.0002602811035918792
ancient,0.0005205622071837585
province,0.0002602811035918792
britannia,0.0013014055179593961
empire,0.0005205622071837585
fell,0.0002602811035918792
assimilated,0.0007808433107756377
displaced,0.0002602811035918792
invading,0.0002602811035918792
germanic,0.0013014055179593961
tribes,0.0007808433107756377
angles,0.0007808433107756377
saxons,0.0005205622071837585
jutes,0.0002602811035918792
referred,0.0013014055179593961
collectively,0.0002602811035918792
anglo,0.0007808433107756377
invaded,0.0002602811035918792
absorbing,0.0002602811035918792
picts,0.0005205622071837585
eventually,0.0007808433107756377
century,0.0028630921395106715
colonised,0.0002602811035918792
formed,0.0005205622071837585
northumbria,0.0007808433107756377
ultimately,0.0002602811035918792
came,0.0007808433107756377
speakers,0.0002602811035918792
applied,0.0002602811035918792
exclusively,0.0002602811035918792
survives,0.0005205622071837585
wallace,0.0002602811035918792
second,0.0005205622071837585
syllable,0.0002602811035918792
cymry,0.0002602811035918792
used,0.004164497657470068
similarly,0.0002602811035918792
restricted,0.0005205622071837585
place,0.0002602811035918792
cumbria,0.0005205622071837585
living,0.0005205622071837585
areas,0.001041124414367517
reflected,0.0002602811035918792
survival,0.0002602811035918792
recent,0.0015616866215512754
invasion,0.0005205622071837585
southern,0.0005205622071837585
emigrated,0.0002602811035918792
brittany,0.0005205622071837585
breton,0.0002602811035918792
closely,0.0002602811035918792
related,0.0007808433107756377
descended,0.0002602811035918792
emigrants,0.0002602811035918792
spoken,0.0005205622071837585
series,0.0002602811035918792
danish,0.0005205622071837585
assaults,0.0002602811035918792
led,0.0002602811035918792
coming,0.0005205622071837585
control,0.0005205622071837585
danelaw,0.0002602811035918792
unified,0.0002602811035918792
ruler,0.0002602811035918792
constituent,0.0005205622071837585
submitted,0.0002602811035918792
edgar,0.0002602811035918792
normans,0.0005205622071837585
introduced,0.002342529932326913
french,0.0013014055179593961
ruling,0.0002602811035918792
lite,0.0002602811035918792
norman,0.0002602811035918792
officially,0.0005205622071837585
annexed,0.0002602811035918792
october,0.0007808433107756377
king,0.0015616866215512754
succeeded,0.0002602811035918792
separately,0.0002602811035918792
thrones,0.0002602811035918792
proclaimed,0.0002602811035918792
brittaine,0.0005205622071837585
france,0.0007808433107756377
died,0.0002602811035918792
privy,0.0002602811035918792
council,0.0005205622071837585
drafting,0.0002602811035918792
proclamation,0.0002602811035918792
thomas,0.0007808433107756377
erskine,0.0002602811035918792
earl,0.0005205622071837585
kellie,0.0005205622071837585
insisted,0.0002602811035918792
phrase,0.0002602811035918792
preferred,0.0002602811035918792
vice,0.0002602811035918792
versa,0.0002602811035918792
title,0.0002602811035918792
successors,0.0002602811035918792
remained,0.0002602811035918792
legally,0.0002602811035918792
existence,0.0005205622071837585
parliament,0.001041124414367517
passed,0.0002602811035918792
ratify,0.0002602811035918792
agreed,0.0002602811035918792
previous,0.0002602811035918792
year,0.0002602811035918792
effect,0.0002602811035918792
creating,0.0002602811035918792
single,0.0005205622071837585
regard,0.0002602811035918792
descriptive,0.0002602811035918792
formal,0.0005205622071837585
stated,0.0002602811035918792
qualification,0.0002602811035918792
reference,0.0002602811035918792
books,0.0007808433107756377
according,0.0005205622071837585
t,0.0013014055179593961
koch,0.0013014055179593961
late,0.0002602811035918792
bronze,0.0007808433107756377
maritime,0.0005205622071837585
trading,0.0002602811035918792
networked,0.0002602811035918792
culture,0.002082248828735034
called,0.001041124414367517
atlantic,0.0007808433107756377
included,0.0005205622071837585
spain,0.0005205622071837585
portugal,0.0005205622071837585
developed,0.0007808433107756377
stands,0.0002602811035918792
contrast,0.0002602811035918792
accepted,0.0002602811035918792
view,0.0005205622071837585
origins,0.0005205622071837585
lie,0.0005205622071837585
hallstatt,0.0002602811035918792
brythonic,0.002342529932326913
considered,0.0005205622071837585
derive,0.0002602811035918792
common,0.0018219677251431546
ancestral,0.0002602811035918792
termed,0.0002602811035918792
brittonic,0.0002602811035918792
old,0.001041124414367517
proto,0.0005205622071837585
insular,0.0005205622071837585
probably,0.0007808433107756377
majority,0.0002602811035918792
rivers,0.0005205622071837585
forth,0.0002602811035918792
clyde,0.0005205622071837585
later,0.001041124414367517
goidelic,0.0005205622071837585
manx,0.0007808433107756377
mainly,0.0005205622071837585
spoke,0.0002602811035918792
pritennic,0.0002602811035918792
pictish,0.0002602811035918792
occupation,0.0002602811035918792
ad,0.0005205622071837585
c,0.0013014055179593961
borrowed,0.0002602811035918792
stock,0.0005205622071837585
latin,0.0015616866215512754
words,0.0005205622071837585
approximately,0.0002602811035918792
loan,0.0002602811035918792
survived,0.0002602811035918792
romano,0.0005205622071837585
latinised,0.0002602811035918792
form,0.0015616866215512754
authors,0.0002602811035918792
oldest,0.0005205622071837585
mention,0.0005205622071837585
terms,0.0005205622071837585
aristotle,0.0007808433107756377
possibly,0.0002602811035918792
pseudo,0.0002602811035918792
text,0.0005205622071837585
universe,0.0002602811035918792
vol,0.0007808433107756377
iii,0.0005205622071837585
quote,0.0002602811035918792
works,0.0002602811035918792
albion,0.001041124414367517
ierne,0.0005205622071837585
derives,0.0002602811035918792
classical,0.0005205622071837585
geographers,0.0002602811035918792
pliny,0.0007808433107756377
elder,0.0007808433107756377
natural,0.0007808433107756377
records,0.0005205622071837585
shall,0.0002602811035918792
just,0.0005205622071837585
briefly,0.0002602811035918792
make,0.0007808433107756377
britanni,0.0002602811035918792
earliest,0.0002602811035918792
insula,0.0002602811035918792
albionum,0.0002602811035918792
albus,0.0002602811035918792
meaning,0.0002602811035918792
white,0.0005205622071837585
referring,0.0002602811035918792
cliffs,0.0002602811035918792
albiones,0.0002602811035918792
mentioned,0.0002602811035918792
massaliote,0.0002602811035918792
periplus,0.0002602811035918792
sixth,0.0002602811035918792
pytheas,0.0005205622071837585
descends,0.0002602811035918792
britt,0.0002602811035918792
nia,0.0002602811035918792
bretaigne,0.0002602811035918792
bretagne,0.0002602811035918792
middle,0.0005205622071837585
bretayne,0.0002602811035918792
breteyne,0.0002602811035918792
replaced,0.0002602811035918792
breoton,0.0005205622071837585
breoten,0.0002602811035918792
bryten,0.0002602811035918792
lond,0.0005205622071837585
taken,0.0002602811035918792
derived,0.0002602811035918792
travel,0.0005205622071837585
writings,0.0002602811035918792
greek,0.0005205622071837585
described,0.0005205622071837585
various,0.0013014055179593961
far,0.0002602811035918792
thule,0.0002602811035918792
norway,0.0005205622071837585
peoples,0.0002602811035918792
prettanike,0.0002602811035918792
priteni,0.0005205622071837585
pretani,0.0002602811035918792
source,0.0005205622071837585
cruithne,0.0002602811035918792
refer,0.001041124414367517
caledonians,0.0002602811035918792
saxon,0.0002602811035918792
historical,0.0005205622071837585
geoffrey,0.0002602811035918792
monmouth,0.0002602811035918792
pseudohistorical,0.0002602811035918792
historia,0.0005205622071837585
regum,0.0002602811035918792
britanniae,0.0002602811035918792
distinguish,0.0002602811035918792
minor,0.0002602811035918792
lesser,0.0002602811035918792
approximates,0.0002602811035918792
instrument,0.0002602811035918792
drawing,0.0002602811035918792
proposal,0.0002602811035918792
marriage,0.0002602811035918792
cecily,0.0002602811035918792
daughter,0.0002602811035918792
edward,0.0005205622071837585
iv,0.0005205622071837585
son,0.0002602811035918792
nobill,0.0002602811035918792
callit,0.0002602811035918792
gret,0.0002602811035918792
britanee,0.0002602811035918792
noted,0.0002602811035918792
styled,0.0002602811035918792
unit,0.001041124414367517
including,0.002082248828735034
administrative,0.0007808433107756377
ties,0.0002602811035918792
opposed,0.0002602811035918792
mean,0.0002602811035918792
example,0.0005205622071837585
official,0.001041124414367517
government,0.001041124414367517
yearbooks,0.0005205622071837585
gb,0.0005205622071837585
gbr,0.0002602811035918792
uk,0.008068714211348256
international,0.0015616866215512754
codes,0.0007808433107756377
universal,0.0002602811035918792
postal,0.0002602811035918792
sports,0.0002602811035918792
teams,0.0002602811035918792
nato,0.0002602811035918792
organization,0.0005205622071837585
standardization,0.0002602811035918792
iso,0.0005205622071837585
alpha,0.0002602811035918792
licence,0.0002602811035918792
plate,0.0002602811035918792
internet,0.0002602811035918792
code,0.0002602811035918792
domain,0.0007808433107756377
extent,0.0002602811035918792
obsolete,0.0002602811035918792
registrar,0.0002602811035918792
registrations,0.0002602811035918792
robin,0.0005205622071837585
popularly,0.0002602811035918792
favourite,0.0005205622071837585
bird,0.0007808433107756377
diversity,0.0002602811035918792
modest,0.0002602811035918792
result,0.0002602811035918792
factors,0.0002602811035918792
small,0.0007808433107756377
relatively,0.0002602811035918792
habitats,0.0002602811035918792
physical,0.0005205622071837585
separation,0.0002602811035918792
effects,0.0002602811035918792
seasonal,0.0002602811035918792
variability,0.0002602811035918792
experienced,0.0002602811035918792
industrialisation,0.0002602811035918792
subject,0.0002602811035918792
continuing,0.0002602811035918792
overall,0.0002602811035918792
loss,0.0005205622071837585
defra,0.0005205622071837585
study,0.0002602811035918792
suggested,0.0005205622071837585
extinct,0.0005205622071837585
rat,0.0002602811035918792
red,0.0007808433107756377
fox,0.0005205622071837585
grey,0.0007808433107756377
squirrel,0.0002602811035918792
adapted,0.0002602811035918792
urban,0.001041124414367517
rodents,0.0002602811035918792
total,0.0007808433107756377
mammal,0.0005205622071837585
squirrels,0.0002602811035918792
mice,0.0002602811035918792
voles,0.0002602811035918792
rats,0.0002602811035918792
reintroduced,0.0002602811035918792
beaver,0.0002602811035918792
abundance,0.0002602811035918792
rabbits,0.0002602811035918792
hares,0.0002602811035918792
hedgehogs,0.0002602811035918792
shrews,0.0002602811035918792
moles,0.0002602811035918792
bat,0.0002602811035918792
carnivorous,0.0002602811035918792
mammals,0.0005205622071837585
badger,0.0002602811035918792
otter,0.0002602811035918792
weasel,0.0002602811035918792
stoat,0.0002602811035918792
elusive,0.0002602811035918792
wildcat,0.0002602811035918792
seal,0.0002602811035918792
whale,0.0002602811035918792
dolphin,0.0002602811035918792
shores,0.0002602811035918792
coastlines,0.0002602811035918792
based,0.0002602811035918792
deer,0.002342529932326913
roe,0.0002602811035918792
fallow,0.0005205622071837585
prominent,0.0002602811035918792
sika,0.0002602811035918792
muntjac,0.0005205622071837585
chinese,0.0005205622071837585
water,0.0005205622071837585
widespread,0.0005205622071837585
parts,0.0007808433107756377
anglia,0.0002602811035918792
habitat,0.0002602811035918792
affected,0.0002602811035918792
bear,0.0002602811035918792
wolf,0.0002602811035918792
boar,0.0002602811035918792
reintroduction,0.0002602811035918792
wealth,0.0002602811035918792
birdlife,0.0002602811035918792
breed,0.0002602811035918792
remain,0.0002602811035918792
winter,0.0002602811035918792
mild,0.0002602811035918792
winters,0.0002602811035918792
hosts,0.0002602811035918792
important,0.0002602811035918792
numbers,0.0002602811035918792
wintering,0.0002602811035918792
particularly,0.0007808433107756377
ducks,0.0002602811035918792
geese,0.0005205622071837585
swans,0.0002602811035918792
golden,0.0002602811035918792
eagle,0.0002602811035918792
heron,0.0002602811035918792
kingfisher,0.0002602811035918792
pigeon,0.0002602811035918792
sparrow,0.0002602811035918792
pheasant,0.0002602811035918792
partridge,0.0002602811035918792
crow,0.0002602811035918792
finch,0.0002602811035918792
gull,0.0002602811035918792
auk,0.0002602811035918792
grouse,0.0002602811035918792
owl,0.0002602811035918792
falcon,0.0002602811035918792
reptile,0.0002602811035918792
snakes,0.0002602811035918792
lizards,0.0002602811035918792
legless,0.0002602811035918792
slow,0.0002602811035918792
worm,0.0002602811035918792
snake,0.0002602811035918792
adder,0.0005205622071837585
venomous,0.0002602811035918792
rarely,0.0002602811035918792
deadly,0.0002602811035918792
amphibians,0.0002602811035918792
present,0.0002602811035918792
frogs,0.0002602811035918792
toads,0.0002602811035918792
newts,0.0002602811035918792
lichens,0.0002602811035918792
mycobiota,0.0002602811035918792
poorly,0.0002602811035918792
checklist,0.0018219677251431546
basidiomycota,0.0007808433107756377
bracket,0.0002602811035918792
jelly,0.0002602811035918792
mushrooms,0.0002602811035918792
toadstools,0.0002602811035918792
puffballs,0.0002602811035918792
rusts,0.0002602811035918792
smuts,0.0002602811035918792
published,0.0005205622071837585
accepts,0.0005205622071837585
ascomycota,0.0005205622071837585
cup,0.0002602811035918792
allies,0.0002602811035918792
lichen,0.0002602811035918792
lists,0.0005205622071837585
did,0.0002602811035918792
conidial,0.0002602811035918792
affinities,0.0002602811035918792
asexual,0.0002602811035918792
fungal,0.0005205622071837585
chytridiomycota,0.0002602811035918792
glomeromycota,0.0002602811035918792
zygomycota,0.0002602811035918792
date,0.0002602811035918792
exceeds,0.0002602811035918792
agreement,0.0002602811035918792
mycologists,0.0002602811035918792
discovered,0.0002602811035918792
list,0.002342529932326913
vascular,0.0005205622071837585
heather,0.0005205622071837585
growing,0.0002602811035918792
highlands,0.0002602811035918792
dornoch,0.0002602811035918792
similar,0.0007808433107756377
sense,0.0002602811035918792
reasons,0.0002602811035918792
impoverished,0.0002602811035918792
compared,0.0002602811035918792
comprises,0.0002602811035918792
plant,0.0002602811035918792
wide,0.0002602811035918792
trees,0.0013014055179593961
birch,0.0002602811035918792
beech,0.0002602811035918792
ash,0.0002602811035918792
hawthorn,0.0002602811035918792
elm,0.0002602811035918792
oak,0.0002602811035918792
yew,0.0007808433107756377
pine,0.0005205622071837585
cherry,0.0005205622071837585
apple,0.0002602811035918792
naturalised,0.0002602811035918792
especially,0.0005205622071837585
america,0.0002602811035918792
varieties,0.0002602811035918792
chestnut,0.0002602811035918792
maple,0.0002602811035918792
spruce,0.0002602811035918792
sycamore,0.0002602811035918792
fir,0.0002602811035918792
plum,0.0002602811035918792
pear,0.0002602811035918792
tallest,0.0002602811035918792
douglas,0.0002602811035918792
firs,0.0002602811035918792
specimens,0.0002602811035918792
recorded,0.0002602811035918792
measuring,0.0002602811035918792
feet,0.0002602811035918792
fortingall,0.0005205622071837585
perthshire,0.0002602811035918792
tree,0.0002602811035918792
different,0.0002602811035918792
wildflower,0.0005205622071837585
rare,0.0002602811035918792
vulnerable,0.0002602811035918792
protected,0.0002602811035918792
illegal,0.0002602811035918792
uproot,0.0002602811035918792
wildflowers,0.0007808433107756377
landowner,0.0002602811035918792
permission,0.0002602811035918792
vote,0.0002602811035918792
nominated,0.0002602811035918792
represent,0.0002602811035918792
specific,0.0002602811035918792
counties,0.0002602811035918792
poppies,0.0002602811035918792
bluebells,0.0002602811035918792
daisies,0.0002602811035918792
daffodils,0.0002602811035918792
rosemary,0.0002602811035918792
gorse,0.0002602811035918792
iris,0.0002602811035918792
ivy,0.0002602811035918792
mint,0.0002602811035918792
orchids,0.0002602811035918792
brambles,0.0002602811035918792
thistles,0.0002602811035918792
buttercups,0.0002602811035918792
primrose,0.0002602811035918792
thyme,0.0002602811035918792
tulips,0.0002602811035918792
violets,0.0002602811035918792
cowslip,0.0002602811035918792
algae,0.0005205622071837585
mosses,0.0002602811035918792
canterbury,0.0002602811035918792
cathedral,0.0002602811035918792
seat,0.0002602811035918792
church,0.002342529932326913
denomination,0.0005205622071837585
christianity,0.0013014055179593961
ages,0.0002602811035918792
dating,0.0007808433107756377
introduction,0.0002602811035918792
antiquity,0.0002602811035918792
continued,0.0002602811035918792
tradition,0.0002602811035918792
arrived,0.0002602811035918792
nd,0.0002602811035918792
practised,0.0005205622071837585
anglicanism,0.001041124414367517
episcopalism,0.0002602811035918792
reformation,0.0002602811035918792
regards,0.0002602811035918792
catholic,0.0005205622071837585
reformed,0.0005205622071837585
head,0.0002602811035918792
monarch,0.0005205622071837585
supreme,0.0002602811035918792
governor,0.0002602811035918792
status,0.001041124414367517
established,0.0002602811035918792
adherents,0.0007808433107756377
regularly,0.0005205622071837585
attend,0.0005205622071837585
services,0.0002602811035918792
christian,0.001041124414367517
practice,0.0002602811035918792
rite,0.0002602811035918792
augustine,0.0002602811035918792
mission,0.0002602811035918792
thousand,0.0007808433107756377
catholics,0.0005205622071837585
mass,0.0005205622071837585
interior,0.0002602811035918792
synagogue,0.0002602811035918792
bayswater,0.0002602811035918792
protestantism,0.0002602811035918792
presbyterian,0.0005205622071837585
ecclesiastical,0.0002602811035918792
polity,0.0002602811035918792
numerous,0.0005205622071837585
members,0.0002602811035918792
clergyman,0.0002602811035918792
knox,0.0002602811035918792
national,0.0015616866215512754
represented,0.0005205622071837585
lord,0.0002602811035918792
commissioner,0.0002602811035918792
methodism,0.0007808433107756377
fourth,0.0002602811035918792
grew,0.0002602811035918792
wesley,0.0002602811035918792
gained,0.0002602811035918792
popularity,0.0002602811035918792
towns,0.0007808433107756377
lancashire,0.0002602811035918792
yorkshire,0.0002602811035918792
tin,0.0002602811035918792
miners,0.0002602811035918792
follow,0.0002602811035918792
calvinistic,0.0002602811035918792
non,0.0005205622071837585
conformist,0.0002602811035918792
minorities,0.0002602811035918792
baptists,0.0002602811035918792
quakers,0.0002602811035918792
congregationalists,0.0002602811035918792
presbyterians,0.0002602811035918792
unitarians,0.0002602811035918792
patron,0.001041124414367517
saint,0.0018219677251431546
alban,0.0005205622071837585
martyr,0.0002602811035918792
condemned,0.0002602811035918792
death,0.0002602811035918792
faith,0.0002602811035918792
sacrificed,0.0002602811035918792
pagan,0.0002602811035918792
gods,0.0002602811035918792
adoption,0.0002602811035918792
aidan,0.0005205622071837585
worked,0.0002602811035918792
iona,0.0002602811035918792
d,0.001041124414367517
l,0.0005205622071837585
riata,0.0002602811035918792
lindisfarne,0.0002602811035918792
restored,0.0002602811035918792
swaminarayan,0.0002602811035918792
temple,0.0007808433107756377
neasden,0.0005205622071837585
hindu,0.0005205622071837585
temples,0.0002602811035918792
saints,0.0013014055179593961
andrew,0.0002602811035918792
flags,0.0005205622071837585
respectively,0.0002602811035918792
combined,0.0002602811035918792
basis,0.0002602811035918792
royal,0.0013014055179593961
flag,0.0005205622071837585
david,0.0005205622071837585
best,0.0005205622071837585
cuthbert,0.0002602811035918792
columba,0.0002602811035918792
patrick,0.0002602811035918792
margaret,0.0002602811035918792
confessor,0.0002602811035918792
mungo,0.0002602811035918792
petroc,0.0002602811035918792
bede,0.0002602811035918792
becket,0.0002602811035918792
religions,0.001041124414367517
jews,0.001041124414367517
minority,0.0002602811035918792
expelled,0.0002602811035918792
allowed,0.0002602811035918792
return,0.0002602811035918792
quite,0.0002602811035918792
obscure,0.0002602811035918792
migrations,0.0002602811035918792
lithuania,0.0002602811035918792
colonies,0.0005205622071837585
prevalent,0.0002602811035918792
islam,0.0002602811035918792
practise,0.0002602811035918792
hinduism,0.0002602811035918792
sikhism,0.0002602811035918792
buddhism,0.0002602811035918792
india,0.0005205622071837585
asia,0.0002602811035918792
capitals,0.0002602811035918792
birmingham,0.0002602811035918792
brighton,0.0002602811035918792
hove,0.0002602811035918792
coventry,0.0002602811035918792
glasgow,0.0002602811035918792
leeds,0.0002602811035918792
liverpool,0.0002602811035918792
manchester,0.0002602811035918792
newcastle,0.0002602811035918792
tyne,0.0002602811035918792
nottingham,0.0007808433107756377
sheffield,0.0002602811035918792
portal,0.0007808433107756377
heriot,0.0002602811035918792
watt,0.0002602811035918792
university,0.0028630921395106715
retrieved,0.014836022904737116
march,0.0007808433107756377
estimates,0.0005205622071837585
june,0.0005205622071837585
dead,0.0028630921395106715
link,0.0028630921395106715
b,0.0031233732431025507
figure,0.0002602811035918792
persons,0.0002602811035918792
oxford,0.0018219677251431546
dictionary,0.0007808433107756377
br,0.0002602811035918792
containing,0.0002602811035918792
broadly,0.0002602811035918792
synonymous,0.0002602811035918792
usual,0.0002602811035918792
loosely,0.0002602811035918792
peters,0.0002602811035918792
pam,0.0002602811035918792
cambridge,0.0018219677251431546
guide,0.0015616866215512754
usage,0.0007808433107756377
press,0.0015616866215512754
p,0.002082248828735034
isbn,0.007027589796980739
x,0.0013014055179593961
familiar,0.0005205622071837585
shorthand,0.0005205622071837585
definitions,0.0002602811035918792
recommended,0.0002602811035918792
varies,0.0002602811035918792
defines,0.0002602811035918792
gives,0.0002602811035918792
geographically,0.0002602811035918792
contains,0.0002602811035918792
environment,0.0005205622071837585
programme,0.0005205622071837585
unep,0.0007808433107756377
ch,0.0005205622071837585
statistics,0.002082248828735034
online,0.0002602811035918792
newport,0.0002602811035918792
office,0.001041124414367517
september,0.0002602811035918792
geohive,0.0002602811035918792
com,0.001041124414367517
data,0.0005205622071837585
japan,0.0002602811035918792
census,0.0007808433107756377
editors,0.0002602811035918792
appear,0.0002602811035918792
relevant,0.0002602811035918792
bureaux,0.0002602811035918792
totalled,0.0002602811035918792
districts,0.0002602811035918792
editor,0.0005205622071837585
repeated,0.0002602811035918792
work,0.0002602811035918792
plausible,0.0002602811035918792
eminently,0.0002602811035918792
reasonable,0.0002602811035918792
ranking,0.0002602811035918792
posted,0.0002602811035918792
unsourced,0.0002602811035918792
knowledge,0.0002602811035918792
says,0.0002602811035918792
distinguishable,0.0002602811035918792
coastline,0.0002602811035918792
ordnance,0.0002602811035918792
survey,0.0002602811035918792
map,0.0007808433107756377
exist,0.0002602811035918792
shown,0.0002602811035918792
dot,0.0002602811035918792
mapzone,0.0002602811035918792
ordnancesurvey,0.0002602811035918792
key,0.0005205622071837585
facts,0.0007808433107756377
direct,0.0002602811035918792
gov,0.0007808433107756377
ademuni,0.0002602811035918792
odeke,0.0002602811035918792
bareboat,0.0002602811035918792
charter,0.0002602811035918792
registration,0.0002602811035918792
martinus,0.0002602811035918792
nijhoff,0.0002602811035918792
publishers,0.0002602811035918792
accessed,0.0002602811035918792
november,0.0007808433107756377
eosnap,0.0002602811035918792
directory,0.0002602811035918792
tables,0.0002602811035918792
http,0.0005205622071837585
tiarea,0.0002602811035918792
htm,0.0002602811035918792
august,0.0013014055179593961
limits,0.0002602811035918792
oceans,0.0002602811035918792
seas,0.0002602811035918792
rd,0.0002602811035918792
edition,0.0002602811035918792
corrections,0.0005205622071837585
hydrographic,0.0002602811035918792
page,0.0002602811035918792
gupta,0.0002602811035918792
sanjeev,0.0002602811035918792
jenny,0.0002602811035918792
collier,0.0002602811035918792
andy,0.0002602811035918792
palmer,0.0002602811035918792
felgate,0.0002602811035918792
graeme,0.0002602811035918792
potter,0.0002602811035918792
flooding,0.0002602811035918792
origin,0.0002602811035918792
valley,0.0002602811035918792
nature,0.0005205622071837585
bibcode,0.0002602811035918792
natur,0.0002602811035918792
g,0.0005205622071837585
doi,0.0002602811035918792
pmid,0.0002602811035918792
july,0.0005205622071837585
lay,0.0002602811035918792
summary,0.0002602811035918792
msnbc,0.0002602811035918792
vincent,0.0002602811035918792
gaffney,0.0002602811035918792
global,0.0005205622071837585
warming,0.0002602811035918792
lost,0.0002602811035918792
pdf,0.0007808433107756377
gr,0.0002602811035918792
slund,0.0002602811035918792
bo,0.0002602811035918792
routledge,0.0007808433107756377
lacey,0.0002602811035918792
robert,0.0005205622071837585
tales,0.0002602811035918792
york,0.0002602811035918792
ellis,0.0002602811035918792
peter,0.0005205622071837585
berresford,0.0002602811035918792
literature,0.0007808433107756377
kegan,0.0002602811035918792
paul,0.0002602811035918792
styles,0.0002602811035918792
archontology,0.0002602811035918792
org,0.002082248828735034
hmc,0.0002602811035918792
manuscripts,0.0002602811035918792
mar,0.0002602811035918792
www,0.0002602811035918792
aber,0.0002602811035918792
ac,0.001041124414367517
aberonline,0.0002602811035918792
en,0.0005205622071837585
archive,0.0002602811035918792
au,0.0002602811035918792
appendix,0.0002602811035918792
donnell,0.0002602811035918792
lecture,0.0002602811035918792
tartessian,0.0002602811035918792
southwest,0.0002602811035918792
dawn,0.0002602811035918792
acta,0.0002602811035918792
palaeohispanica,0.0007808433107756377
pp,0.001041124414367517
issn,0.0002602811035918792
research,0.0002602811035918792
suggests,0.0002602811035918792
roots,0.0002602811035918792
cunliffe,0.0002602811035918792
karl,0.0002602811035918792
guerra,0.0002602811035918792
mcevoy,0.0002602811035918792
bradley,0.0002602811035918792
oppenheimer,0.0005205622071837585
rrvik,0.0002602811035918792
isaac,0.0005205622071837585
parsons,0.0002602811035918792
freeman,0.0002602811035918792
wodtko,0.0002602811035918792
alternative,0.0002602811035918792
perspectives,0.0002602811035918792
archaeology,0.0005205622071837585
genetics,0.0002602811035918792
oxbow,0.0005205622071837585
studies,0.0007808433107756377
publications,0.0002602811035918792
rethinking,0.0002602811035918792
arrival,0.0002602811035918792
indo,0.0002602811035918792
centre,0.0002602811035918792
advanced,0.0002602811035918792
institute,0.0005205622071837585
atlas,0.0002602811035918792
transliteration,0.0002602811035918792
toutoi,0.0002602811035918792
ge,0.0002602811035918792
men,0.0002602811035918792
nesoi,0.0002602811035918792
megistoi,0.0002602811035918792
tynchanousin,0.0002602811035918792
ousai,0.0002602811035918792
dyo,0.0002602811035918792
brettanikai,0.0002602811035918792
legomenai,0.0002602811035918792
kai,0.0002602811035918792
sophistical,0.0002602811035918792
refutations,0.0002602811035918792
passing,0.0002602811035918792
away,0.0002602811035918792
cosmos,0.0002602811035918792
pages,0.0002602811035918792
loeb,0.0002602811035918792
library,0.0002602811035918792
william,0.0002602811035918792
heinemann,0.0002602811035918792
massachusetts,0.0002602811035918792
harvard,0.0005205622071837585
mcmlv,0.0002602811035918792
naturalis,0.0002602811035918792
book,0.0007808433107756377
chapter,0.0005205622071837585
xli,0.0002602811035918792
translation,0.0002602811035918792
perseus,0.0002602811035918792
project,0.0005205622071837585
snyder,0.0002602811035918792
christopher,0.0002602811035918792
blackwell,0.0002602811035918792
publishing,0.0007808433107756377
foster,0.0002602811035918792
f,0.0005205622071837585
donnchadh,0.0002602811035918792
corrain,0.0002602811035918792
professor,0.0002602811035918792
college,0.0002602811035918792
cork,0.0002602811035918792
yearbook,0.0007808433107756377
vii,0.0005205622071837585
britishbirdlovers,0.0002602811035918792
decaying,0.0002602811035918792
wood,0.0002602811035918792
overview,0.0002602811035918792
ecology,0.0002602811035918792
fs,0.0002602811035918792
fed,0.0002602811035918792
february,0.008328995314940135
e,0.0007808433107756377
short,0.0002602811035918792
abdn,0.0002602811035918792
archived,0.0015616866215512754
original,0.0015616866215512754
ornithologists,0.0002602811035918792
committee,0.0002602811035918792
interscience,0.0002602811035918792
wiley,0.0002602811035918792
birds,0.0005205622071837585
bto,0.0002602811035918792
duck,0.0002602811035918792
swan,0.0002602811035918792
family,0.0002602811035918792
naturegrid,0.0005205622071837585
byte,0.0002602811035918792
countysideinfo,0.0002602811035918792
legon,0.0005205622071837585
henrici,0.0005205622071837585
cannon,0.0005205622071837585
hawksworth,0.0005205622071837585
sherwood,0.0005205622071837585
pike,0.0005205622071837585
ascomycotina,0.0005205622071837585
annotated,0.0005205622071837585
pacific,0.0002602811035918792
botanical,0.0002602811035918792
electric,0.0002602811035918792
news,0.0002602811035918792
frodin,0.0005205622071837585
standard,0.0005205622071837585
floras,0.0005205622071837585
museum,0.0002602811035918792
wildaboutbritain,0.0005205622071837585
perthshirebigtreecountry,0.0002602811035918792
figures,0.0002602811035918792
wildaboutflowers,0.0005205622071837585
endangered,0.0002602811035918792
flowers,0.0005205622071837585
countrylovers,0.0002602811035918792
county,0.0002602811035918792
mapping,0.0002602811035918792
plantlife,0.0002602811035918792
images,0.0002602811035918792
reading,0.0002602811035918792
wildlfowers,0.0002602811035918792
arkive,0.0002602811035918792
crossroads,0.0002602811035918792
pewresearch,0.0002602811035918792
obey,0.0002602811035918792
laws,0.0002602811035918792
telegraph,0.0002602811035918792
cardinal,0.0002602811035918792
altered,0.0002602811035918792
job,0.0002602811035918792
scotsman,0.0002602811035918792
bbc,0.0007808433107756377
analysis,0.0002602811035918792
methodist,0.0002602811035918792
goffsoakmethodistchurch,0.0002602811035918792
hugh,0.0002602811035918792
mcleod,0.0002602811035918792
dawkins,0.0005205622071837585
shakespeare,0.0005205622071837585
enigma,0.0005205622071837585
butler,0.001041124414367517
lives,0.0005205622071837585
god,0.0002602811035918792
harry,0.0002602811035918792
independent,0.0002602811035918792
outside,0.0002602811035918792
flagspot,0.0002602811035918792
net,0.0002602811035918792
brits,0.0002602811035918792
guardian,0.0002602811035918792
expulsion,0.0002602811035918792
readmission,0.0002602811035918792
goldsmiths,0.0002602811035918792
jewry,0.0002602811035918792
results,0.0002602811035918792
translated,0.0002602811035918792
rackham,0.0002602811035918792
harris,0.0002602811035918792
ball,0.0002602811035918792
martin,0.0002602811035918792
continuum,0.0002602811035918792
spencer,0.0002602811035918792
colin,0.0002602811035918792
food,0.0002602811035918792
extraordinary,0.0002602811035918792
columbia,0.0002602811035918792
andrews,0.0002602811035918792
rough,0.0005205622071837585
guides,0.0002602811035918792
polair,0.0002602811035918792
quotations,0.0002602811035918792
cassell,0.0002602811035918792
lonely,0.0002602811035918792
planet,0.0002602811035918792
kaufman,0.0002602811035918792
slettedahl,0.0002602811035918792
heidi,0.0002602811035918792
macpherson,0.0002602811035918792
americas,0.0002602811035918792
politics,0.002082248828735034
abc,0.0002602811035918792
clio,0.0002602811035918792
stephen,0.0002602811035918792
carroll,0.0002602811035918792
graf,0.0002602811035918792
room,0.0002602811035918792
adrian,0.0002602811035918792
placenames,0.0002602811035918792
mcfarland,0.0002602811035918792
massey,0.0002602811035918792
gerald,0.0002602811035918792
beginnings,0.0002602811035918792
cosimo,0.0002602811035918792
taylor,0.0002602811035918792
histories,0.0002602811035918792
handbook,0.0002602811035918792
topographical,0.0002602811035918792
nomenclature,0.0002602811035918792
bibliobazaar,0.0002602811035918792
botanic,0.0002602811035918792
gardens,0.0002602811035918792
kew,0.0002602811035918792
commonwealth,0.0002602811035918792
mycological,0.0005205622071837585
society,0.0007808433107756377
wikimedia,0.0002602811035918792
commons,0.0005205622071837585
media,0.0005205622071837585
interactive,0.0002602811035918792
coast,0.0005205622071837585
explores,0.0002602811035918792
cia,0.0002602811035918792
factbook,0.0002602811035918792
pathe,0.0007808433107756377
travelogue,0.0002602811035918792
journey,0.0002602811035918792
newsreel,0.0005205622071837585
know,0.0002602811035918792
festival,0.0002602811035918792
v,0.0005205622071837585
ire,0.0002602811035918792
naming,0.0002602811035918792
dispute,0.0002602811035918792
states,0.0007808433107756377
crown,0.0005205622071837585
dependencies,0.0005205622071837585
guernsey,0.0007808433107756377
jersey,0.0007808433107756377
cooperation,0.0002602811035918792
intergovernmental,0.0002602811035918792
conference,0.0002602811035918792
parliamentary,0.0002602811035918792
assembly,0.0007808433107756377
inner,0.0002602811035918792
outer,0.0002602811035918792
bailiwick,0.0005205622071837585
free,0.0002602811035918792
principality,0.0002602811035918792
romance,0.0002602811035918792
auregnais,0.0002602811035918792
guern,0.0002602811035918792
siais,0.0002602811035918792
j,0.0002602811035918792
rriais,0.0002602811035918792
sercquiais,0.0002602811035918792
bsl,0.0002602811035918792
isl,0.0002602811035918792
nisl,0.0002602811035918792
shelta,0.0002602811035918792
gypsies,0.0002602811035918792
travellers,0.0002602811035918792
kale,0.0002602811035918792
ulster,0.0002602811035918792
topics,0.0002602811035918792
chronology,0.0002602811035918792
formation,0.0002602811035918792
georgian,0.0002602811035918792
era,0.0007808433107756377
victorian,0.0002602811035918792
edwardian,0.0002602811035918792
interwar,0.0002602811035918792
ii,0.0002602811035918792
topic,0.0002602811035918792
economic,0.0005205622071837585
military,0.0005205622071837585
overseas,0.0002602811035918792
geology,0.0002602811035918792
lakes,0.0002602811035918792
lochs,0.0002602811035918792
volcanoes,0.0002602811035918792
governance,0.0002602811035918792
constitution,0.0002602811035918792
courts,0.0002602811035918792
elections,0.0002602811035918792
foreign,0.0002602811035918792
relations,0.0002602811035918792
judiciary,0.0002602811035918792
law,0.0015616866215512754
enforcement,0.0002602811035918792
legislation,0.0002602811035918792
monarchy,0.0002602811035918792
monarchs,0.0002602811035918792
nationality,0.0002602811035918792
house,0.0005205622071837585
lords,0.0002602811035918792
parties,0.0002602811035918792
cabinet,0.0002602811035918792
civil,0.0002602811035918792
service,0.0002602811035918792
departments,0.0002602811035918792
prime,0.0002602811035918792
minister,0.001041124414367517
navy,0.0002602811035918792
army,0.0002602811035918792
air,0.0002602811035918792
force,0.0002602811035918792
weapons,0.0002602811035918792
destruction,0.0002602811035918792
economy,0.0013014055179593961
banks,0.0002602811035918792
bank,0.0002602811035918792
budget,0.0002602811035918792
energy,0.0002602811035918792
mining,0.0002602811035918792
pound,0.0002602811035918792
currency,0.0002602811035918792
exchange,0.0002602811035918792
telecommunications,0.0002602811035918792
tourism,0.0013014055179593961
transport,0.0002602811035918792
crime,0.0002602811035918792
demography,0.0002602811035918792
education,0.0013014055179593961
ethnic,0.0002602811035918792
health,0.0013014055179593961
care,0.0015616866215512754
immigration,0.0002602811035918792
poverty,0.0002602811035918792
public,0.0002602811035918792
holidays,0.0002602811035918792
social,0.0007808433107756377
structure,0.0002602811035918792
art,0.0002602811035918792
cinema,0.0002602811035918792
cuisine,0.0002602811035918792
identity,0.0002602811035918792
television,0.0002602811035918792
music,0.0002602811035918792
sport,0.0002602811035918792
symbols,0.0013014055179593961
theatre,0.0002602811035918792
timeline,0.0005205622071837585
executive,0.0002602811035918792
deputy,0.0002602811035918792
outline,0.0002602811035918792
index,0.0002602811035918792
category,0.0002602811035918792
wikiproject,0.0002602811035918792
