article,0.002521432173474534
human,0.0030257186081694403
condition,0.0015128593040847202
uses,0.0005042864346949068
health,0.10186585980837116
disambiguation,0.0005042864346949068
level,0.0005042864346949068
functional,0.0010085728693898135
metabolic,0.0005042864346949068
efficiency,0.0005042864346949068
living,0.002521432173474534
humans,0.002017145738779627
general,0.0005042864346949068
person,0.002521432173474534
s,0.005547150781643974
mind,0.0005042864346949068
body,0.002521432173474534
usually,0.0010085728693898135
meaning,0.0005042864346949068
free,0.0010085728693898135
illness,0.006051437216338881
injury,0.0005042864346949068
pain,0.0010085728693898135
good,0.0015128593040847202
healthy,0.005547150781643974
world,0.011094301563287948
organization,0.009077155824508321
defined,0.0010085728693898135
broader,0.0005042864346949068
sense,0.0010085728693898135
state,0.002017145738779627
complete,0.0010085728693898135
physical,0.006555723651033788
mental,0.011598587997982855
social,0.008572869389813415
merely,0.0005042864346949068
absence,0.0010085728693898135
disease,0.0045385779122541605
infirmity,0.0005042864346949068
definition,0.0030257186081694403
subject,0.0005042864346949068
controversy,0.0010085728693898135
particular,0.0010085728693898135
lacking,0.0005042864346949068
operational,0.0005042864346949068
value,0.0010085728693898135
problem,0.0015128593040847202
created,0.0005042864346949068
use,0.002017145738779627
word,0.0005042864346949068
remains,0.0005042864346949068
enduring,0.0005042864346949068
definitions,0.0005042864346949068
proposed,0.0005042864346949068
recent,0.0005042864346949068
correlates,0.0005042864346949068
personal,0.006051437216338881
satisfaction,0.002017145738779627
classification,0.0015128593040847202
systems,0.0010085728693898135
family,0.0005042864346949068
international,0.002521432173474534
classifications,0.0005042864346949068
including,0.005042864346949068
functioning,0.0010085728693898135
disability,0.0015128593040847202
icf,0.0005042864346949068
diseases,0.0045385779122541605
icd,0.0005042864346949068
commonly,0.0005042864346949068
used,0.002017145738779627
define,0.0010085728693898135
measure,0.0005042864346949068
components,0.0010085728693898135
systematic,0.0010085728693898135
activities,0.0010085728693898135
prevent,0.0030257186081694403
cure,0.0010085728693898135
problems,0.002521432173474534
promote,0.0010085728693898135
undertaken,0.0005042864346949068
care,0.009581442259203229
providers,0.0010085728693898135
applications,0.0015128593040847202
regard,0.0005042864346949068
animal,0.0005042864346949068
covered,0.0005042864346949068
veterinary,0.0005042864346949068
sciences,0.0015128593040847202
term,0.0010085728693898135
widely,0.0010085728693898135
context,0.0010085728693898135
types,0.0005042864346949068
non,0.0010085728693898135
organizations,0.002017145738779627
impacts,0.0005042864346949068
benefit,0.0005042864346949068
communities,0.0030257186081694403
cities,0.0005042864346949068
environments,0.002521432173474534
addition,0.0010085728693898135
interventions,0.002017145738779627
surroundings,0.0005042864346949068
number,0.002017145738779627
factors,0.002521432173474534
known,0.0005042864346949068
influence,0.0010085728693898135
status,0.0030257186081694403
individuals,0.003530005042864347
background,0.0005042864346949068
lifestyle,0.002521432173474534
economic,0.0010085728693898135
conditions,0.002521432173474534
referred,0.0010085728693898135
determinants,0.003530005042864347
contents,0.0005042864346949068
maintaining,0.002017145738779627
role,0.004034291477559254
science,0.005042864346949068
public,0.013615733736762482
self,0.002017145738779627
strategies,0.0015128593040847202
occupational,0.007564296520423602
references,0.0010085728693898135
external,0.0015128593040847202
links,0.0010085728693898135
edit,0.005547150781643974
risk,0.0010085728693898135
factor,0.0015128593040847202
generally,0.0005042864346949068
individual,0.003530005042864347
lives,0.0010085728693898135
great,0.0015128593040847202
importance,0.0010085728693898135
quality,0.0005042864346949068
life,0.0045385779122541605
increasingly,0.0010085728693898135
recognized,0.0005042864346949068
maintained,0.0005042864346949068
improved,0.0005042864346949068
advancement,0.0005042864346949068
application,0.0015128593040847202
efforts,0.0010085728693898135
intelligent,0.0005042864346949068
choices,0.0010085728693898135
society,0.0010085728693898135
according,0.0005042864346949068
main,0.003530005042864347
include,0.005042864346949068
environment,0.0045385779122541605
characteristics,0.0010085728693898135
behaviors,0.0010085728693898135
specifically,0.0005042864346949068
key,0.0010085728693898135
people,0.003530005042864347
unhealthy,0.0005042864346949068
income,0.0005042864346949068
support,0.0005042864346949068
networks,0.0005042864346949068
education,0.002521432173474534
literacy,0.0005042864346949068
employment,0.0010085728693898135
working,0.0005042864346949068
practices,0.002017145738779627
coping,0.0005042864346949068
skills,0.002017145738779627
child,0.0010085728693898135
development,0.0010085728693898135
biology,0.0010085728693898135
genetics,0.002521432173474534
services,0.003530005042864347
gender,0.0005042864346949068
culture,0.0005042864346949068
donald,0.0005042864346949068
henderson,0.0005042864346949068
cdc,0.0005042864346949068
smallpox,0.0005042864346949068
eradication,0.0005042864346949068
team,0.0005042864346949068
increasing,0.0005042864346949068
studies,0.002017145738779627
reports,0.0010085728693898135
different,0.0030257186081694403
contexts,0.0005042864346949068
examine,0.0005042864346949068
linkages,0.0005042864346949068
lifestyles,0.0005042864346949068
policy,0.002017145738779627
lalonde,0.0015128593040847202
report,0.0030257186081694403
canada,0.002017145738779627
alameda,0.002017145738779627
county,0.002017145738779627
study,0.004034291477559254
california,0.0005042864346949068
series,0.0005042864346949068
focuses,0.0005042864346949068
global,0.0015128593040847202
issues,0.002017145738779627
access,0.0010085728693898135
improving,0.0015128593040847202
outcomes,0.0005042864346949068
especially,0.0010085728693898135
developing,0.0010085728693898135
countries,0.0015128593040847202
concept,0.0010085728693898135
field,0.0005042864346949068
distinct,0.0005042864346949068
medical,0.002017145738779627
emerged,0.0005042864346949068
identified,0.0005042864346949068
interdependent,0.0005042864346949068
fields,0.002017145738779627
aggregation,0.0005042864346949068
decisions,0.0015128593040847202
e,0.002521432173474534
control,0.002017145738779627
said,0.0005042864346949068
contribute,0.0010085728693898135
cause,0.0010085728693898135
death,0.0010085728693898135
environmental,0.0015128593040847202
matters,0.0005042864346949068
related,0.002017145738779627
little,0.0005042864346949068
biomedical,0.0010085728693898135
aspects,0.0010085728693898135
developed,0.002017145738779627
influenced,0.0005042864346949068
genetic,0.0005042864346949068
make,0.0010085728693898135
maintenance,0.0015128593040847202
promotion,0.0030257186081694403
achieved,0.0005042864346949068
combination,0.0005042864346949068
triangle,0.0015128593040847202
ottawa,0.002521432173474534
charter,0.0010085728693898135
stated,0.0005042864346949068
just,0.0010085728693898135
resource,0.0005042864346949068
everyday,0.0010085728693898135
objective,0.0005042864346949068
positive,0.002521432173474534
emphasizing,0.0005042864346949068
resources,0.0005042864346949068
capacities,0.0005042864346949068
focusing,0.0005042864346949068
relationships,0.0010085728693898135
data,0.0005042864346949068
suggested,0.0010085728693898135
improve,0.002521432173474534
exercise,0.0015128593040847202
sleep,0.0010085728693898135
weight,0.0010085728693898135
limiting,0.0005042864346949068
alcohol,0.0010085728693898135
avoiding,0.0005042864346949068
smoking,0.0010085728693898135
ability,0.0005042864346949068
adapt,0.0005042864346949068
manage,0.0010085728693898135
core,0.0005042864346949068
cited,0.0010085728693898135
important,0.0015128593040847202
influencing,0.0005042864346949068
includes,0.0010085728693898135
natural,0.002017145738779627
built,0.0005042864346949068
clean,0.0005042864346949068
water,0.0010085728693898135
air,0.0005042864346949068
adequate,0.0005042864346949068
housing,0.0005042864346949068
safe,0.0005042864346949068
roads,0.0005042864346949068
infants,0.0010085728693898135
children,0.0015128593040847202
shown,0.0005042864346949068
lack,0.0005042864346949068
neighborhood,0.0010085728693898135
recreational,0.0010085728693898135
spaces,0.0005042864346949068
leads,0.0005042864346949068
lower,0.0010085728693898135
levels,0.0010085728693898135
higher,0.0005042864346949068
obesity,0.0015128593040847202
linked,0.0010085728693898135
overall,0.0015128593040847202
suggests,0.0005042864346949068
benefits,0.0005042864346949068
space,0.0005042864346949068
urban,0.0005042864346949068
neighborhoods,0.0005042864346949068
taken,0.0005042864346949068
account,0.0005042864346949068
land,0.0005042864346949068
inherited,0.0005042864346949068
traits,0.0005042864346949068
parents,0.0005042864346949068
play,0.002017145738779627
determining,0.0005042864346949068
populations,0.0010085728693898135
encompass,0.0005042864346949068
predisposition,0.0005042864346949068
certain,0.0005042864346949068
habits,0.0005042864346949068
develop,0.0005042864346949068
families,0.0005042864346949068
example,0.0010085728693898135
manner,0.0005042864346949068
cope,0.0010085728693898135
stress,0.006051437216338881
emotional,0.0015128593040847202
difficulty,0.0005042864346949068
issue,0.0010085728693898135
raised,0.0005042864346949068
debate,0.0005042864346949068
relative,0.0005042864346949068
strengths,0.0005042864346949068
interactions,0.0005042864346949068
describes,0.0005042864346949068
realizes,0.0005042864346949068
abilities,0.0005042864346949068
normal,0.0005042864346949068
stresses,0.0005042864346949068
work,0.0030257186081694403
productively,0.0005042864346949068
fruitfully,0.0005042864346949068
able,0.0005042864346949068
contribution,0.0005042864346949068
community,0.002017145738779627
described,0.0010085728693898135
spectrum,0.0005042864346949068
cognitive,0.002017145738779627
behavioural,0.0005042864346949068
interfere,0.0005042864346949068
wellbeing,0.0005042864346949068
productivity,0.0005042864346949068
having,0.0010085728693898135
seriously,0.0005042864346949068
impair,0.0005042864346949068
temporarily,0.0005042864346949068
permanently,0.0005042864346949068
terms,0.0010085728693898135
disorder,0.002521432173474534
dysfunction,0.0005042864346949068
hungerford,0.0005042864346949068
et,0.002017145738779627
al,0.002017145738779627
roughly,0.0005042864346949068
quarter,0.0005042864346949068
adults,0.0010085728693898135
suffer,0.0005042864346949068
diagnosable,0.0005042864346949068
illnesses,0.0005042864346949068
leading,0.0005042864346949068
examples,0.0015128593040847202
schizophrenia,0.0005042864346949068
adhd,0.0005042864346949068
major,0.0005042864346949068
depressive,0.0015128593040847202
bipolar,0.0005042864346949068
anxiety,0.0005042864346949068
post,0.0005042864346949068
traumatic,0.0005042864346949068
autism,0.0005042864346949068
achieving,0.0005042864346949068
ongoing,0.0005042864346949068
process,0.0005042864346949068
shaped,0.0005042864346949068
evolution,0.0005042864346949068
knowledge,0.0010085728693898135
organized,0.0015128593040847202
staying,0.0005042864346949068
articles,0.0010085728693898135
sorry,0.0005042864346949068
browser,0.0010085728693898135
javascript,0.0005042864346949068
disabled,0.0005042864346949068
does,0.0005042864346949068
supported,0.0010085728693898135
player,0.0010085728693898135
download,0.0010085728693898135
clip,0.0010085728693898135
dutch,0.0010085728693898135
service,0.0015128593040847202
provides,0.0005042864346949068
natives,0.0005042864346949068
east,0.0005042864346949068
indies,0.0005042864346949068
branch,0.0005042864346949068
focused,0.0005042864346949068
approaches,0.0005042864346949068
research,0.0015128593040847202
understand,0.0010085728693898135
animals,0.0005042864346949068
function,0.0005042864346949068
impairments,0.0005042864346949068
builds,0.0010085728693898135
sub,0.0010085728693898135
biochemistry,0.0005042864346949068
physics,0.0005042864346949068
epidemiology,0.0010085728693898135
pharmacology,0.0005042864346949068
sociology,0.0005042864346949068
applied,0.0005042864346949068
endeavor,0.0005042864346949068
better,0.0015128593040847202
areas,0.002017145738779627
engineering,0.0005042864346949068
biotechnology,0.0005042864346949068
based,0.0010085728693898135
principles,0.0005042864346949068
procedures,0.0005042864346949068
provided,0.0005042864346949068
practitioners,0.0015128593040847202
trained,0.0005042864346949068
medicine,0.0010085728693898135
nursing,0.0005042864346949068
nutrition,0.0010085728693898135
pharmacy,0.0005042864346949068
psychology,0.0010085728693898135
therapy,0.0015128593040847202
professions,0.0005042864346949068
clinical,0.0010085728693898135
focus,0.0010085728693898135
mainly,0.0005042864346949068
consider,0.0005042864346949068
workplace,0.0005042864346949068
wellness,0.0005042864346949068
programs,0.002017145738779627
adopted,0.0015128593040847202
companies,0.0005042864346949068
employees,0.0005042864346949068
school,0.0005042864346949068
postage,0.0005042864346949068
stamp,0.0005042864346949068
new,0.002017145738779627
zealand,0.0005042864346949068
promoted,0.0005042864346949068
depicted,0.0005042864346949068
wide,0.0005042864346949068
variety,0.0005042864346949068
ways,0.0005042864346949068
art,0.0005042864346949068
preventing,0.0015128593040847202
prolonging,0.0005042864346949068
promoting,0.0015128593040847202
informed,0.0005042864346949068
private,0.0005042864346949068
concerned,0.0005042864346949068
threats,0.0005042864346949068
population,0.0010085728693898135
analysis,0.0015128593040847202
question,0.0005042864346949068
small,0.0005042864346949068
handful,0.0005042864346949068
large,0.0005042864346949068
inhabitants,0.0005042864346949068
continents,0.0005042864346949068
instance,0.0005042864346949068
case,0.0005042864346949068
pandemic,0.0005042864346949068
typically,0.0005042864346949068
interdisciplinary,0.0005042864346949068
categories,0.0005042864346949068
biostatistics,0.0005042864346949068
behavioral,0.0005042864346949068
injuries,0.0005042864346949068
surveillance,0.0005042864346949068
cases,0.0015128593040847202
behavior,0.0010085728693898135
relevant,0.0010085728693898135
aim,0.0005042864346949068
happening,0.0005042864346949068
occurring,0.0005042864346949068
implementing,0.0005042864346949068
educational,0.0010085728693898135
policies,0.0010085728693898135
administering,0.0005042864346949068
conducting,0.0005042864346949068
treating,0.0005042864346949068
controlling,0.0005042864346949068
pathogen,0.0005042864346949068
vital,0.0005042864346949068
outbreak,0.0005042864346949068
vaccination,0.0010085728693898135
distribution,0.0005042864346949068
condoms,0.0010085728693898135
spread,0.0005042864346949068
communicable,0.0005042864346949068
common,0.0010085728693898135
preventive,0.0005042864346949068
measures,0.0005042864346949068
campaigns,0.0005042864346949068
overcoming,0.0005042864346949068
resistance,0.0005042864346949068
takes,0.0005042864346949068
various,0.0010085728693898135
actions,0.002017145738779627
limit,0.0005042864346949068
disparities,0.0005042864346949068
country,0.0005042864346949068
continent,0.0005042864346949068
financial,0.0005042864346949068
geographical,0.0005042864346949068
sociocultural,0.0005042864346949068
constraints,0.0005042864346949068
accessing,0.0005042864346949068
using,0.0005042864346949068
citation,0.0005042864346949068
needed,0.0005042864346949068
maternal,0.0005042864346949068
administration,0.0015128593040847202
emergency,0.0005042864346949068
response,0.0010085728693898135
prevention,0.0010085728693898135
infectious,0.0005042864346949068
chronic,0.0015128593040847202
impact,0.0015128593040847202
acknowledged,0.0005042864346949068
th,0.0005042864346949068
century,0.0005042864346949068
registered,0.0005042864346949068
decrease,0.0005042864346949068
mortality,0.0015128593040847202
rates,0.0005042864346949068
continual,0.0005042864346949068
increase,0.0010085728693898135
expectancy,0.0015128593040847202
parts,0.0005042864346949068
estimated,0.0005042864346949068
increased,0.0010085728693898135
americans,0.0005042864346949068
thirty,0.0005042864346949068
years,0.0010085728693898135
worldwide,0.0005042864346949068
management,0.002017145738779627
relation,0.0010085728693898135
lady,0.0005042864346949068
washing,0.0010085728693898135
hands,0.0010085728693898135
c,0.002017145738779627
depends,0.0010085728693898135
partially,0.0010085728693898135
active,0.0005042864346949068
passive,0.0005042864346949068
assisted,0.0005042864346949068
cues,0.0005042864346949068
observe,0.0005042864346949068
adopt,0.0005042864346949068
minimizing,0.0005042864346949068
effects,0.0015128593040847202
integrative,0.0005042864346949068
hygiene,0.0005042864346949068
infection,0.0005042864346949068
bathing,0.0005042864346949068
soap,0.0005042864346949068
brushing,0.0005042864346949068
flossing,0.0005042864346949068
teeth,0.0005042864346949068
storing,0.0005042864346949068
preparing,0.0005042864346949068
handling,0.0005042864346949068
food,0.0005042864346949068
safely,0.0005042864346949068
information,0.0010085728693898135
gleaned,0.0005042864346949068
observations,0.0005042864346949068
daily,0.0005042864346949068
patterns,0.0005042864346949068
nutritional,0.0005042864346949068
intake,0.0005042864346949068
features,0.0005042864346949068
inform,0.0005042864346949068
g,0.0015128593040847202
feel,0.0005042864346949068
tired,0.0005042864346949068
morning,0.0005042864346949068
going,0.0005042864346949068
try,0.0005042864346949068
sleeping,0.0010085728693898135
pillow,0.0005042864346949068
treatment,0.0005042864346949068
plans,0.0005042864346949068
patient,0.0005042864346949068
notices,0.0005042864346949068
shoes,0.0005042864346949068
tighter,0.0005042864346949068
usual,0.0005042864346949068
exacerbation,0.0005042864346949068
left,0.0005042864346949068
sided,0.0005042864346949068
heart,0.0005042864346949068
failure,0.0005042864346949068
require,0.0005042864346949068
diuretic,0.0005042864346949068
medication,0.0005042864346949068
reduce,0.0010085728693898135
fluid,0.0005042864346949068
overload,0.0005042864346949068
structure,0.0005042864346949068
strong,0.0005042864346949068
volunteering,0.002521432173474534
longevity,0.0010085728693898135
american,0.0015128593040847202
seniors,0.0005042864346949068
age,0.0010085728693898135
frequent,0.0005042864346949068
associated,0.0015128593040847202
reduced,0.0005042864346949068
dying,0.0005042864346949068
compared,0.0005042864346949068
older,0.0015128593040847202
persons,0.0005042864346949068
did,0.0005042864346949068
volunteer,0.0005042864346949068
regardless,0.0005042864346949068
singapore,0.0010085728693898135
reported,0.0005042864346949068
retirees,0.0010085728693898135
significantly,0.0005042864346949068
performance,0.0005042864346949068
scores,0.0005042864346949068
fewer,0.0005042864346949068
symptoms,0.0005042864346949068
prolonged,0.0005042864346949068
psychological,0.0010085728693898135
negatively,0.0005042864346949068
impairment,0.0005042864346949068
aging,0.0010085728693898135
expression,0.0005042864346949068
methods,0.0015128593040847202
tolerance,0.0005042864346949068
relaxation,0.0005042864346949068
techniques,0.0005042864346949068
relieve,0.0005042864346949068
meditation,0.0005042864346949068
thinking,0.0005042864346949068
reducing,0.0005042864346949068
solving,0.0005042864346949068
time,0.0005042864346949068
reduces,0.0010085728693898135
uncertainty,0.0005042864346949068
confidence,0.0005042864346949068
reaction,0.0005042864346949068
causing,0.0005042864346949068
situations,0.0005042864346949068
applicable,0.0005042864346949068
safety,0.007564296520423602
risks,0.0010085728693898135
jobs,0.0015128593040847202
present,0.0005042864346949068
long,0.0005042864346949068
forms,0.0005042864346949068
pneumoconiosis,0.0010085728693898135
silicosis,0.0005042864346949068
coal,0.0005042864346949068
worker,0.0010085728693898135
black,0.0005042864346949068
lung,0.0005042864346949068
asthma,0.0005042864346949068
respiratory,0.0005042864346949068
workers,0.0015128593040847202
vulnerable,0.0010085728693898135
skin,0.002017145738779627
eczema,0.0005042864346949068
dermatitis,0.0005042864346949068
urticaria,0.0005042864346949068
sunburn,0.0005042864346949068
cancer,0.0005042864346949068
concern,0.0005042864346949068
carpal,0.0005042864346949068
tunnel,0.0005042864346949068
syndrome,0.0005042864346949068
lead,0.0005042864346949068
poisoning,0.0005042864346949068
sector,0.0010085728693898135
risen,0.0005042864346949068
sedentary,0.0005042864346949068
presenting,0.0005042864346949068
array,0.0005042864346949068
manufacturing,0.0005042864346949068
primary,0.0010085728693898135
contemporary,0.0005042864346949068
growing,0.0005042864346949068
rate,0.0005042864346949068
relating,0.0010085728693898135
overwork,0.0005042864346949068
complicated,0.0005042864346949068
interaction,0.0005042864346949068
governments,0.0005042864346949068
view,0.0005042864346949068
challenge,0.0005042864346949068
formed,0.0005042864346949068
ensure,0.0005042864346949068
british,0.0005042864346949068
executive,0.002017145738779627
united,0.0005042864346949068
states,0.0010085728693898135
national,0.002017145738779627
institute,0.0015128593040847202
conducts,0.0005042864346949068
handles,0.0005042864346949068
regulation,0.0005042864346949068
fitness,0.0005042864346949068
portal,0.0015128593040847202
book,0.0005042864346949068
burden,0.0005042864346949068
workforce,0.0005042864346949068
history,0.0005042864346949068
vaccine,0.0005042864346949068
merriam,0.0005042864346949068
webster,0.0005042864346949068
dictionary,0.0010085728693898135
accessed,0.0030257186081694403
april,0.0015128593040847202
preamble,0.0005042864346949068
constitution,0.0010085728693898135
conference,0.0010085728693898135
york,0.0005042864346949068
june,0.0010085728693898135
signed,0.0005042864346949068
july,0.0010085728693898135
representatives,0.0005042864346949068
official,0.0005042864346949068
records,0.0005042864346949068
p,0.0005042864346949068
entered,0.0005042864346949068
force,0.0005042864346949068
basic,0.0010085728693898135
documents,0.0005042864346949068
fifth,0.0005042864346949068
edition,0.0005042864346949068
supplement,0.0005042864346949068
october,0.0010085728693898135
callahan,0.0005042864346949068
d,0.0010085728693898135
hastings,0.0005042864346949068
center,0.0005042864346949068
http,0.0015128593040847202
www,0.0015128593040847202
jstor,0.0005042864346949068
org,0.0010085728693898135
pss,0.0005042864346949068
jadad,0.0005042864346949068
ar,0.0005042864346949068
o,0.0005042864346949068
grady,0.0005042864346949068
l,0.0015128593040847202
bmj,0.002017145738779627
com,0.0005042864346949068
cgi,0.0005042864346949068
content,0.0005042864346949068
dec,0.0005042864346949068
bellieni,0.0005042864346949068
cv,0.0005042864346949068
buonocore,0.0005042864346949068
pleasing,0.0010085728693898135
desires,0.0005042864346949068
whishes,0.0005042864346949068
approach,0.0005042864346949068
ethics,0.0005042864346949068
med,0.0005042864346949068
zenit,0.0005042864346949068
en,0.0005042864346949068
sport,0.0005042864346949068
original,0.0005042864346949068
b,0.0015128593040847202
geneva,0.0015128593040847202
agency,0.0005042864346949068
determines,0.0005042864346949068
marc,0.0005042864346949068
perspective,0.0005042864346949068
canadians,0.0005042864346949068
minister,0.0005042864346949068
supply,0.0005042864346949068
housman,0.0010085728693898135
jeff,0.0005042864346949068
dorman,0.0010085728693898135
steve,0.0005042864346949068
september,0.0010085728693898135
chronological,0.0005042864346949068
review,0.0005042864346949068
pdf,0.0005042864346949068
journal,0.0010085728693898135
reston,0.0005042864346949068
va,0.0005042864346949068
alliance,0.0005042864346949068
recreation,0.0005042864346949068
dance,0.0005042864346949068
issn,0.0005042864346949068
eric,0.0005042864346949068
document,0.0005042864346949068
ej,0.0005042864346949068
retrieved,0.0045385779122541605
december,0.0005042864346949068
georgia,0.0005042864346949068
university,0.0015128593040847202
slides,0.0005042864346949068
nutter,0.0005042864346949068
anchor,0.0005042864346949068
points,0.0005042864346949068
november,0.0005042864346949068
hpr,0.0005042864346949068
hep,0.0005042864346949068
pp,0.0005042864346949068
linear,0.0005042864346949068
model,0.0005042864346949068
previous,0.0005042864346949068
findings,0.0005042864346949068
regular,0.0005042864346949068
limited,0.0005042864346949068
consumption,0.0005042864346949068
abstinence,0.0005042864346949068
hours,0.0005042864346949068
night,0.0005042864346949068
delaying,0.0005042864346949068
citing,0.0005042864346949068
wingard,0.0005042864346949068
dl,0.0005042864346949068
berkman,0.0005042864346949068
f,0.0005042864346949068
brand,0.0005042864346949068
r,0.0005042864346949068
j,0.002017145738779627
multivariate,0.0005042864346949068
year,0.0005042864346949068
follow,0.0005042864346949068
epidemiol,0.0010085728693898135
pmid,0.0010085728693898135
huber,0.0005042864346949068
m,0.0005042864346949068
doi,0.0005042864346949068
published,0.0005042864346949068
august,0.002521432173474534
unesco,0.0005042864346949068
facts,0.0005042864346949068
figures,0.0005042864346949068
meeting,0.0005042864346949068
needs,0.0005042864346949068
bjork,0.0005042864346949068
values,0.0005042864346949068
activity,0.0005042864346949068
concepts,0.0005042864346949068
emerging,0.0005042864346949068
evidence,0.0005042864346949068
practice,0.0005042864346949068
department,0.0010085728693898135
substance,0.0005042864346949068
abuse,0.0005042864346949068
collaboration,0.0005042864346949068
victorian,0.0005042864346949068
foundation,0.0015128593040847202
melbourne,0.0005042864346949068
numbers,0.0005042864346949068
count,0.0005042864346949068
disorders,0.0005042864346949068
america,0.0005042864346949068
winslow,0.0005042864346949068
untilled,0.0005042864346949068
n,0.0005042864346949068
association,0.0010085728693898135
schools,0.0010085728693898135
birth,0.0005042864346949068
robert,0.0005042864346949068
wood,0.0005042864346949068
johnson,0.0005042864346949068
harris,0.0005042864346949068
ahs,0.0005042864346949068
thoresen,0.0005042864346949068
ce,0.0005042864346949068
delayed,0.0005042864346949068
longitudinal,0.0010085728693898135
schwingel,0.0005042864346949068
continued,0.0005042864346949068
volunteerism,0.0005042864346949068
ageing,0.0010085728693898135
mcewen,0.0005042864346949068
bs,0.0005042864346949068
protective,0.0005042864346949068
damaging,0.0005042864346949068
mediators,0.0005042864346949068
central,0.0005042864346949068
brain,0.0005042864346949068
dialogues,0.0005042864346949068
clin,0.0005042864346949068
neurosci,0.0005042864346949068
pmc,0.0005042864346949068
hse,0.0005042864346949068
britain,0.0005042864346949068
exposure,0.0005042864346949068
niosh,0.0005042864346949068
topics,0.0005042864346949068
centers,0.0005042864346949068
u,0.0010085728693898135
labor,0.0005042864346949068
k,0.0005042864346949068
look,0.0005042864346949068
wiktionary,0.0005042864346949068
wikiquote,0.0005042864346949068
collection,0.0005042864346949068
quotations,0.0005042864346949068
uk,0.0005042864346949068
net,0.0005042864346949068
oecd,0.0005042864346949068
statistics,0.0005042864346949068
colorado,0.0005042864346949068
eu,0.0005042864346949068
european,0.0005042864346949068
union,0.0005042864346949068
