article,0.0017663386323492304
country,0.0025233409033560434
uses,0.0003785011355034065
japan,0.048195811254100426
disambiguation,0.00025233409033560434
nippon,0.0018925056775170325
redirects,0.00012616704516780217
overview,0.00012616704516780217
japanese,0.02094372949785516
topics,0.0003785011355034065
outline,0.00025233409033560434
index,0.000757002271006813
related,0.00025233409033560434
articles,0.0013878374968458239
portal,0.0005046681806712087
koku,0.0008831693161746152
nihon,0.0010093363613424174
flag,0.00012616704516780217
imperial,0.0013878374968458239
seal,0.00025233409033560434
anthem,0.00025233409033560434
kimigayo,0.00025233409033560434
government,0.0023971738581882412
shichi,0.00012616704516780217
kiri,0.00012616704516780217
capital,0.0005046681806712087
largest,0.003911178400201868
city,0.0006308352258390108
tokyo,0.0026495079485238456
n,0.000757002271006813
e,0.0023971738581882412
official,0.0008831693161746152
languages,0.0011355034065102195
recognised,0.00012616704516780217
regional,0.0005046681806712087
aynu,0.00012616704516780217
itak,0.00012616704516780217
ryukyuan,0.0005046681806712087
eastern,0.00025233409033560434
western,0.0012616704516780217
dialects,0.00012616704516780217
national,0.00290184203885945
language,0.0017663386323492304
ethnic,0.0011355034065102195
groups,0.0006308352258390108
korean,0.0003785011355034065
chinese,0.0017663386323492304
demonym,0.00012616704516780217
unitary,0.00025233409033560434
parliamentary,0.00012616704516780217
democracy,0.0003785011355034065
constitutional,0.0005046681806712087
monarchy,0.0003785011355034065
emperor,0.0025233409033560434
akihito,0.0003785011355034065
prime,0.0013878374968458239
minister,0.001514004542013626
shinz,0.0003785011355034065
abe,0.0005046681806712087
legislature,0.0005046681806712087
diet,0.0016401715871814282
upper,0.0005046681806712087
house,0.0018925056775170325
councillors,0.0006308352258390108
lower,0.0003785011355034065
representatives,0.0003785011355034065
formation,0.00012616704516780217
foundation,0.00012616704516780217
day,0.0005046681806712087
february,0.0013878374968458239
bc,0.000757002271006813
meiji,0.0017663386323492304
constitution,0.001514004542013626
november,0.001514004542013626
current,0.000757002271006813
san,0.00025233409033560434
francisco,0.00025233409033560434
peace,0.0003785011355034065
treaty,0.0003785011355034065
april,0.00290184203885945
area,0.000757002271006813
total,0.0008831693161746152
km,0.0003785011355034065
nd,0.0013878374968458239
sq,0.00025233409033560434
mi,0.0003785011355034065
water,0.0003785011355034065
population,0.0034065102195306586
estimate,0.0003785011355034065
th,0.0035326772646984608
census,0.0003785011355034065
density,0.00012616704516780217
gdp,0.0006308352258390108
ppp,0.00012616704516780217
trillion,0.0003785011355034065
capita,0.0003785011355034065
rd,0.0003785011355034065
nominal,0.0003785011355034065
gini,0.00025233409033560434
medium,0.00012616704516780217
hdi,0.00012616704516780217
high,0.0012616704516780217
currency,0.00025233409033560434
yen,0.00025233409033560434
en,0.00012616704516780217
jpy,0.00012616704516780217
time,0.0010093363613424174
zone,0.0005046681806712087
jst,0.00012616704516780217
utc,0.00025233409033560434
summer,0.0008831693161746152
dst,0.00012616704516780217
observed,0.00012616704516780217
date,0.0003785011355034065
format,0.00025233409033560434
yyyy,0.00025233409033560434
mm,0.00012616704516780217
dd,0.00012616704516780217
m,0.000757002271006813
d,0.0011355034065102195
era,0.0012616704516780217
yy,0.00012616704516780217
ce,0.00012616704516780217
drives,0.00012616704516780217
left,0.0003785011355034065
calling,0.00012616704516780217
code,0.000757002271006813
iso,0.00012616704516780217
jp,0.0005046681806712087
internet,0.00025233409033560434
tld,0.00012616704516780217
contains,0.00012616704516780217
text,0.0003785011355034065
proper,0.00012616704516780217
rendering,0.00012616704516780217
support,0.0003785011355034065
question,0.00025233409033560434
marks,0.00012616704516780217
boxes,0.00012616704516780217
symbols,0.00012616704516780217
instead,0.00012616704516780217
kanji,0.00025233409033560434
kana,0.0003785011355034065
p,0.0027756749936916477
formally,0.00025233409033560434
literally,0.00025233409033560434
state,0.0018925056775170325
island,0.00012616704516780217
nation,0.0016401715871814282
east,0.0016401715871814282
asia,0.002271006813020439
located,0.0003785011355034065
pacific,0.0011355034065102195
ocean,0.00025233409033560434
lies,0.00025233409033560434
sea,0.0011355034065102195
china,0.0031541761291950542
north,0.0012616704516780217
korea,0.0023971738581882412
south,0.0020186727226848347
russia,0.0006308352258390108
stretching,0.00012616704516780217
okhotsk,0.00025233409033560434
taiwan,0.0006308352258390108
characters,0.0006308352258390108
make,0.00012616704516780217
s,0.014130709058793843
mean,0.00025233409033560434
sun,0.0006308352258390108
origin,0.0005046681806712087
referred,0.00012616704516780217
land,0.0010093363613424174
rising,0.0003785011355034065
archipelago,0.000757002271006813
islands,0.0031541761291950542
honshu,0.00012616704516780217
hokkaido,0.000757002271006813
kyushu,0.0005046681806712087
shikoku,0.0006308352258390108
comprise,0.00012616704516780217
ninety,0.00012616704516780217
seven,0.000757002271006813
percent,0.00466818067120868
world,0.00870552611657835
tenth,0.00025233409033560434
million,0.0013878374968458239
people,0.0027756749936916477
honsh,0.0006308352258390108
greater,0.00025233409033560434
includes,0.00012616704516780217
facto,0.00012616704516780217
surrounding,0.00012616704516780217
prefectures,0.0006308352258390108
metropolitan,0.0003785011355034065
residents,0.00025233409033560434
archaeological,0.00012616704516780217
research,0.0013878374968458239
indicates,0.00012616704516780217
lived,0.00025233409033560434
early,0.0016401715871814282
paleolithic,0.0003785011355034065
period,0.003785011355034065
written,0.0005046681806712087
mention,0.00012616704516780217
history,0.004415846580873076
texts,0.00025233409033560434
st,0.0003785011355034065
century,0.003028009084027252
ad,0.00012616704516780217
influence,0.0005046681806712087
nations,0.0010093363613424174
followed,0.000757002271006813
long,0.0008831693161746152
periods,0.00012616704516780217
isolation,0.00025233409033560434
characterized,0.0006308352258390108
ruled,0.00012616704516780217
successive,0.00012616704516780217
feudal,0.0006308352258390108
military,0.0025233409033560434
dictatorships,0.00012616704516780217
shogunates,0.00012616704516780217
entered,0.00025233409033560434
ended,0.0005046681806712087
united,0.0026495079485238456
states,0.0016401715871814282
fleet,0.00012616704516780217
pressured,0.00012616704516780217
open,0.0005046681806712087
west,0.000757002271006813
nearly,0.0003785011355034065
decades,0.00012616704516780217
internal,0.00012616704516780217
conflict,0.00025233409033560434
insurrection,0.00012616704516780217
restored,0.00025233409033560434
head,0.0005046681806712087
empire,0.0011355034065102195
proclaimed,0.00012616704516780217
divine,0.00012616704516780217
symbol,0.0003785011355034065
late,0.000757002271006813
centuries,0.0003785011355034065
victory,0.00025233409033560434
sino,0.0006308352258390108
war,0.004542013626040878
russo,0.00025233409033560434
allowed,0.00012616704516780217
expand,0.00025233409033560434
increasing,0.00025233409033560434
militarism,0.00012616704516780217
second,0.0013878374968458239
expanded,0.00025233409033560434
ii,0.0011355034065102195
came,0.0005046681806712087
end,0.0003785011355034065
following,0.000757002271006813
atomic,0.00025233409033560434
bombings,0.00025233409033560434
hiroshima,0.000757002271006813
nagasaki,0.0005046681806712087
adopting,0.00025233409033560434
revised,0.00012616704516780217
maintained,0.00012616704516780217
elected,0.000757002271006813
called,0.0008831693161746152
major,0.0010093363613424174
economic,0.0020186727226848347
power,0.0020186727226848347
economy,0.002144839767852637
fourth,0.0006308352258390108
purchasing,0.00025233409033560434
parity,0.00025233409033560434
exporter,0.00012616704516780217
importer,0.00012616704516780217
officially,0.00012616704516780217
renounced,0.00012616704516780217
right,0.00025233409033560434
declare,0.00025233409033560434
maintains,0.00025233409033560434
modern,0.002271006813020439
sixth,0.0003785011355034065
budget,0.0003785011355034065
used,0.0010093363613424174
self,0.0008831693161746152
defense,0.0010093363613424174
peacekeeping,0.00025233409033560434
roles,0.00012616704516780217
singapore,0.0006308352258390108
lowest,0.0003785011355034065
homicide,0.00025233409033560434
rate,0.0005046681806712087
including,0.0008831693161746152
attempted,0.00012616704516780217
according,0.0008831693161746152
health,0.0012616704516780217
ministry,0.0010093363613424174
women,0.0005046681806712087
highest,0.000757002271006813
life,0.000757002271006813
expectancy,0.0003785011355034065
infant,0.00012616704516780217
mortality,0.00012616704516780217
contents,0.00012616704516780217
etymology,0.00025233409033560434
prehistory,0.00025233409033560434
ancient,0.0006308352258390108
politics,0.0005046681806712087
foreign,0.002144839767852637
relations,0.000757002271006813
administrative,0.0010093363613424174
divisions,0.0003785011355034065
geography,0.0006308352258390108
climate,0.0020186727226848347
biodiversity,0.00025233409033560434
environment,0.0008831693161746152
science,0.0008831693161746152
technology,0.0008831693161746152
infrastructure,0.0003785011355034065
demographics,0.0005046681806712087
religion,0.000757002271006813
education,0.0013878374968458239
culture,0.0026495079485238456
art,0.0017663386323492304
music,0.0012616704516780217
literature,0.0016401715871814282
cuisine,0.0008831693161746152
sports,0.0005046681806712087
references,0.00025233409033560434
reading,0.00025233409033560434
external,0.00025233409033560434
links,0.00025233409033560434
main,0.003658844309866263
names,0.00025233409033560434
english,0.0005046681806712087
word,0.0006308352258390108
derives,0.00012616704516780217
pronunciation,0.0005046681806712087
pronounced,0.00012616704516780217
listen,0.00025233409033560434
help,0.00025233409033560434
info,0.0003785011355034065
formal,0.00025233409033560434
purposes,0.00012616704516780217
international,0.003658844309866263
sporting,0.00012616704516780217
events,0.00012616704516780217
restoration,0.000757002271006813
title,0.00025233409033560434
dai,0.00025233409033560434
teikoku,0.00012616704516780217
meaning,0.0003785011355034065
great,0.0003785011355034065
today,0.0005046681806712087
equivalent,0.00012616704516780217
countries,0.0012616704516780217
like,0.0010093363613424174
form,0.0003785011355034065
does,0.00012616704516780217
contain,0.00012616704516780217
descriptive,0.00012616704516780217
designation,0.00012616704516780217
generally,0.0003785011355034065
given,0.0005046681806712087
appended,0.00012616704516780217
character,0.00012616704516780217
refer,0.00012616704516780217
nihonjin,0.00012616704516780217
nihongo,0.00012616704516780217
translated,0.00012616704516780217
nomenclature,0.00012616704516780217
comes,0.00025233409033560434
missions,0.00012616704516780217
refers,0.00012616704516780217
eastward,0.00025233409033560434
position,0.00025233409033560434
relative,0.0003785011355034065
use,0.0010093363613424174
known,0.001514004542013626
wa,0.00025233409033560434
wakoku,0.00012616704516780217
trade,0.0006308352258390108
routes,0.00025233409033560434
mandarin,0.00012616704516780217
possibly,0.00012616704516780217
wu,0.00025233409033560434
recorded,0.0006308352258390108
marco,0.00025233409033560434
polo,0.00025233409033560434
cipangu,0.00012616704516780217
shanghainese,0.00012616704516780217
dialect,0.0003785011355034065
zeppen,0.00012616704516780217
z,0.00012616704516780217
old,0.00012616704516780217
malay,0.0003785011355034065
jepang,0.00012616704516780217
borrowed,0.00012616704516780217
southern,0.00025233409033560434
coastal,0.0003785011355034065
probably,0.00025233409033560434
fukienese,0.00025233409033560434
ningpo,0.00025233409033560434
encountered,0.00012616704516780217
portuguese,0.00025233409033560434
traders,0.0003785011355034065
malacca,0.00012616704516780217
bring,0.0005046681806712087
europe,0.0006308352258390108
letter,0.00012616704516780217
spelled,0.00012616704516780217
giapan,0.00025233409033560434
golden,0.00025233409033560434
hall,0.00012616704516780217
storey,0.00012616704516780217
pagoda,0.00012616704516780217
h,0.0008831693161746152
ry,0.000757002271006813
ji,0.0003785011355034065
oldest,0.0005046681806712087
wooden,0.00012616704516780217
buildings,0.00025233409033560434
treasures,0.00025233409033560434
unesco,0.0008831693161746152
heritage,0.0008831693161746152
site,0.0008831693161746152
constitutes,0.00012616704516780217
habitation,0.00012616704516780217
start,0.00025233409033560434
j,0.001514004542013626
mon,0.0003785011355034065
mesolithic,0.00012616704516780217
neolithic,0.00012616704516780217
semi,0.00012616704516780217
sedentary,0.00012616704516780217
hunter,0.00025233409033560434
gatherer,0.00025233409033560434
include,0.0013878374968458239
ancestors,0.00012616704516780217
contemporary,0.0006308352258390108
ainu,0.000757002271006813
yamato,0.0003785011355034065
pit,0.00012616704516780217
dwelling,0.00012616704516780217
rudimentary,0.00012616704516780217
agriculture,0.00025233409033560434
decorated,0.00025233409033560434
clay,0.00012616704516780217
vessels,0.00012616704516780217
surviving,0.00012616704516780217
examples,0.00012616704516780217
pottery,0.00025233409033560434
yayoi,0.0005046681806712087
began,0.000757002271006813
enter,0.00012616704516780217
intermingling,0.00012616704516780217
starting,0.00012616704516780217
saw,0.0005046681806712087
introduction,0.00025233409033560434
practices,0.0003785011355034065
wet,0.00012616704516780217
rice,0.0005046681806712087
farming,0.00012616704516780217
new,0.0035326772646984608
style,0.00025233409033560434
metallurgy,0.00012616704516780217
introduced,0.0012616704516780217
appears,0.00012616704516780217
book,0.0003785011355034065
han,0.00012616704516780217
records,0.00012616704516780217
kingdoms,0.00012616704516780217
powerful,0.00012616704516780217
kingdom,0.0005046681806712087
yamataikoku,0.00012616704516780217
buddhism,0.0010093363613424174
baekje,0.00012616704516780217
subsequent,0.00025233409033560434
development,0.001514004542013626
primarily,0.0005046681806712087
influenced,0.000757002271006813
despite,0.00025233409033560434
resistance,0.00012616704516780217
promoted,0.00012616704516780217
ruling,0.00025233409033560434
class,0.0003785011355034065
gained,0.0003785011355034065
widespread,0.0003785011355034065
acceptance,0.00012616704516780217
beginning,0.0003785011355034065
asuka,0.00025233409033560434
nara,0.000757002271006813
marked,0.0005046681806712087
emergence,0.0003785011355034065
strong,0.0003785011355034065
centered,0.00012616704516780217
court,0.0006308352258390108
heij,0.00012616704516780217
ky,0.0012616704516780217
appearance,0.00012616704516780217
nascent,0.00012616704516780217
buddhist,0.00012616704516780217
inspired,0.00012616704516780217
architecture,0.0008831693161746152
smallpox,0.00012616704516780217
epidemic,0.00025233409033560434
believed,0.00012616704516780217
killed,0.0003785011355034065
kammu,0.00012616704516780217
moved,0.00012616704516780217
nagaoka,0.00012616704516780217
relocating,0.00012616704516780217
heian,0.000757002271006813
kyoto,0.0012616704516780217
samurai,0.0008831693161746152
warriors,0.00025233409033560434
face,0.00025233409033560434
mongols,0.00012616704516780217
mongol,0.00025233409033560434
invasions,0.00025233409033560434
distinctly,0.00012616704516780217
indigenous,0.00025233409033560434
emerged,0.0003785011355034065
noted,0.00012616704516780217
poetry,0.0003785011355034065
prose,0.00012616704516780217
lady,0.00012616704516780217
murasaki,0.00025233409033560434
tale,0.0008831693161746152
genji,0.0005046681806712087
lyrics,0.00012616704516780217
spread,0.00025233409033560434
chiefly,0.00025233409033560434
sects,0.00012616704516780217
tendai,0.00012616704516780217
saich,0.00012616704516780217
shingon,0.00012616704516780217
k,0.0006308352258390108
kai,0.00025233409033560434
pure,0.00012616704516780217
sh,0.000757002271006813
shinsh,0.00012616704516780217
greatly,0.0003785011355034065
popular,0.0017663386323492304
half,0.0005046681806712087
dominance,0.00012616704516780217
defeat,0.00012616704516780217
taira,0.00012616704516780217
clan,0.00025233409033560434
sung,0.00025233409033560434
epic,0.00012616704516780217
heike,0.00012616704516780217
minamoto,0.00012616704516780217
yoritomo,0.00012616704516780217
appointed,0.0005046681806712087
shogun,0.0003785011355034065
established,0.0006308352258390108
base,0.0005046681806712087
kamakura,0.0005046681806712087
death,0.0003785011355034065
regents,0.00012616704516780217
shoguns,0.00012616704516780217
zen,0.00025233409033560434
school,0.000757002271006813
shogunate,0.0008831693161746152
repelled,0.00012616704516780217
eventually,0.00012616704516780217
overthrown,0.00012616704516780217
daigo,0.00025233409033560434
defeated,0.00025233409033560434
ashikaga,0.0006308352258390108
takauji,0.00025233409033560434
kill,0.00012616704516780217
commoner,0.00012616704516780217
slightest,0.00012616704516780217
insult,0.00012616704516780217
widely,0.0005046681806712087
feared,0.00012616704516780217
edo,0.0010093363613424174
establishes,0.00012616704516780217
muromachi,0.0003785011355034065
receives,0.00025233409033560434
glory,0.00012616704516780217
age,0.000757002271006813
yoshimitsu,0.00012616704516780217
based,0.0011355034065102195
miyabi,0.00012616704516780217
prospered,0.00025233409033560434
evolves,0.00012616704516780217
higashiyama,0.00012616704516780217
hand,0.00012616704516780217
succeeding,0.00012616704516780217
failed,0.00012616704516780217
control,0.0003785011355034065
warlords,0.00012616704516780217
daimyo,0.0003785011355034065
civil,0.0005046681806712087
nin,0.00025233409033560434
opening,0.0003785011355034065
sengoku,0.00012616704516780217
warring,0.00012616704516780217
jesuit,0.00012616704516780217
missionaries,0.00012616704516780217
portugal,0.00012616704516780217
reached,0.00012616704516780217
initiating,0.00012616704516780217
direct,0.00012616704516780217
commercial,0.00012616704516780217
cultural,0.0008831693161746152
exchange,0.000757002271006813
oda,0.00012616704516780217
nobunaga,0.00012616704516780217
conquered,0.00025233409033560434
using,0.00012616704516780217
european,0.0010093363613424174
firearms,0.00012616704516780217
assassinated,0.00012616704516780217
successor,0.00012616704516780217
toyotomi,0.00025233409033560434
hideyoshi,0.0006308352258390108
unified,0.00025233409033560434
invaded,0.0003785011355034065
twice,0.00025233409033560434
defeats,0.00012616704516780217
ming,0.00012616704516780217
forces,0.0006308352258390108
troops,0.0005046681806712087
withdrawn,0.00012616704516780217
azuchi,0.00025233409033560434
momoyama,0.00025233409033560434
tokugawa,0.0006308352258390108
ieyasu,0.00025233409033560434
served,0.00025233409033560434
regent,0.00012616704516780217
son,0.00012616704516780217
gain,0.00012616704516780217
political,0.000757002271006813
broke,0.00012616704516780217
rival,0.00012616704516780217
clans,0.00012616704516780217
battle,0.00012616704516780217
sekigahara,0.00012616704516780217
enacted,0.00012616704516780217
measures,0.00025233409033560434
buke,0.00012616704516780217
shohatto,0.00012616704516780217
conduct,0.00012616704516780217
autonomous,0.00012616704516780217
isolationist,0.00012616704516780217
sakoku,0.00025233409033560434
closed,0.00012616704516780217
policy,0.0012616704516780217
spanned,0.00012616704516780217
tenuous,0.00012616704516780217
unity,0.00025233409033560434
study,0.0003785011355034065
sciences,0.00012616704516780217
rangaku,0.00012616704516780217
continued,0.00025233409033560434
contact,0.00012616704516780217
dutch,0.00012616704516780217
enclave,0.00025233409033560434
dejima,0.00012616704516780217
gave,0.00012616704516780217
rise,0.00025233409033560434
kokugaku,0.00012616704516780217
studies,0.0005046681806712087
march,0.0051728488518798885
commodore,0.00012616704516780217
matthew,0.00012616704516780217
perry,0.00012616704516780217
black,0.00012616704516780217
ships,0.00025233409033560434
navy,0.00025233409033560434
forced,0.00012616704516780217
outside,0.00025233409033560434
convention,0.00012616704516780217
kanagawa,0.000757002271006813
similar,0.00012616704516780217
treaties,0.00012616704516780217
bakumatsu,0.00012616704516780217
brought,0.00012616704516780217
crises,0.00012616704516780217
resignation,0.00012616704516780217
led,0.0006308352258390108
boshin,0.00012616704516780217
establishment,0.00025233409033560434
centralized,0.00012616704516780217
nominally,0.00012616704516780217
generals,0.00012616704516780217
surrender,0.00025233409033560434
judicial,0.0003785011355034065
institutions,0.00012616704516780217
cabinet,0.0005046681806712087
organized,0.00012616704516780217
privy,0.00012616704516780217
council,0.0006308352258390108
assembled,0.00012616704516780217
transformed,0.00012616704516780217
industrialized,0.00012616704516780217
pursued,0.00012616704516780217
sphere,0.00025233409033560434
victories,0.00012616704516780217
sakhalin,0.00012616704516780217
grew,0.00012616704516780217
rule,0.00012616704516780217
brief,0.00025233409033560434
taish,0.00025233409033560434
overshadowed,0.00012616704516780217
expansionism,0.00012616704516780217
militarization,0.00012616704516780217
enabled,0.00012616704516780217
victorious,0.00012616704516780217
allies,0.0006308352258390108
widen,0.00012616704516780217
territorial,0.00025233409033560434
holdings,0.00025233409033560434
expansionist,0.00012616704516780217
occupying,0.00012616704516780217
manchuria,0.00025233409033560434
result,0.0008831693161746152
condemnation,0.00012616704516780217
occupation,0.00025233409033560434
resigned,0.00012616704516780217
league,0.0003785011355034065
years,0.0010093363613424174
later,0.00025233409033560434
signed,0.00025233409033560434
anti,0.00025233409033560434
comintern,0.00012616704516780217
pact,0.0005046681806712087
nazi,0.00012616704516780217
germany,0.0003785011355034065
tripartite,0.00012616704516780217
axis,0.00025233409033560434
powers,0.00012616704516780217
negotiated,0.00012616704516780217
soviet,0.00025233409033560434
neutrality,0.00012616704516780217
parts,0.00012616704516780217
precipitating,0.00012616704516780217
army,0.00025233409033560434
swiftly,0.00012616704516780217
captured,0.00012616704516780217
nanjing,0.00012616704516780217
conducted,0.00012616704516780217
nanking,0.00012616704516780217
massacre,0.00012616704516780217
french,0.00025233409033560434
indochina,0.00012616704516780217
placed,0.00012616704516780217
oil,0.0005046681806712087
embargo,0.00025233409033560434
december,0.002271006813020439
attacked,0.00012616704516780217
naval,0.00025233409033560434
pearl,0.00012616704516780217
harbor,0.00012616704516780217
declared,0.00012616704516780217
bringing,0.00025233409033560434
invasion,0.00025233409033560434
agreed,0.00025233409033560434
unconditional,0.00012616704516780217
august,0.0027756749936916477
cost,0.00025233409033560434
rest,0.00025233409033560434
prosperity,0.00012616704516780217
millions,0.0003785011355034065
lives,0.00012616704516780217
industry,0.00012616704516780217
destroyed,0.00012616704516780217
repatriated,0.00012616704516780217
colonies,0.00012616704516780217
camps,0.00012616704516780217
largely,0.0006308352258390108
eliminating,0.00012616704516780217
restoring,0.00012616704516780217
independence,0.00012616704516780217
territories,0.00025233409033560434
convened,0.00012616704516780217
tribunal,0.00025233409033560434
far,0.0003785011355034065
prosecute,0.00012616704516780217
leaders,0.0006308352258390108
crimes,0.00025233409033560434
bacteriological,0.00012616704516780217
units,0.00012616704516780217
members,0.0005046681806712087
family,0.00025233409033560434
involved,0.00012616704516780217
exonerated,0.00012616704516780217
criminal,0.00025233409033560434
prosecutions,0.00012616704516780217
supreme,0.00025233409033560434
allied,0.00025233409033560434
commander,0.00012616704516780217
calls,0.00025233409033560434
trials,0.00012616704516780217
adopted,0.00012616704516780217
emphasizing,0.00012616704516780217
liberal,0.0003785011355034065
democratic,0.0003785011355034065
granted,0.00012616704516780217
membership,0.0003785011355034065
achieved,0.00012616704516780217
rapid,0.00025233409033560434
growth,0.0011355034065102195
surpassed,0.00012616704516780217
mid,0.0003785011355034065
suffered,0.00025233409033560434
recession,0.0003785011355034065
positive,0.00012616704516780217
signaled,0.00012616704516780217
gradual,0.00012616704516780217
recovery,0.00025233409033560434
strongest,0.00012616704516780217
earthquake,0.0012616704516780217
triggered,0.00025233409033560434
fukushima,0.0003785011355034065
daiichi,0.00025233409033560434
nuclear,0.0012616704516780217
disaster,0.00025233409033560434
worst,0.00012616704516780217
disasters,0.00012616704516780217
empress,0.00012616704516780217
michiko,0.00012616704516780217
limited,0.0005046681806712087
ceremonial,0.00012616704516780217
figurehead,0.00012616704516780217
defined,0.00012616704516780217
held,0.00012616704516780217
sovereignty,0.00012616704516780217
vested,0.00012616704516780217
naruhito,0.00012616704516780217
crown,0.00012616704516780217
prince,0.00012616704516780217
stands,0.00025233409033560434
line,0.00012616704516780217
throne,0.00012616704516780217
legislative,0.00025233409033560434
organ,0.00012616704516780217
bicameral,0.00012616704516780217
parliament,0.00012616704516780217
consists,0.0003785011355034065
seats,0.0005046681806712087
vote,0.00012616704516780217
dissolved,0.00012616704516780217
popularly,0.00012616704516780217
serve,0.00012616704516780217
year,0.0018925056775170325
terms,0.0003785011355034065
universal,0.00025233409033560434
suffrage,0.00012616704516780217
adults,0.00012616704516780217
secret,0.00012616704516780217
ballot,0.00012616704516780217
offices,0.00012616704516780217
dominated,0.00012616704516780217
social,0.0008831693161746152
party,0.0005046681806712087
conservative,0.00012616704516780217
ldp,0.0003785011355034065
enjoyed,0.00025233409033560434
near,0.00025233409033560434
continuous,0.00012616704516780217
electoral,0.00012616704516780217
success,0.00025233409033560434
month,0.00012616704516780217
holds,0.00012616704516780217
designated,0.00025233409033560434
appoints,0.00012616704516780217
dismisses,0.00012616704516780217
ministers,0.0003785011355034065
landslide,0.00012616704516780217
general,0.0005046681806712087
election,0.00012616704516780217
replaced,0.00012616704516780217
yoshihiko,0.00012616704516780217
noda,0.00012616704516780217
explicitly,0.00012616704516780217
requires,0.00025233409033560434
appoint,0.00012616704516780217
historically,0.00012616704516780217
law,0.0008831693161746152
legal,0.0003785011355034065
developed,0.000757002271006813
independently,0.00012616704516780217
kujikata,0.00012616704516780217
osadamegaki,0.00012616704516780217
notably,0.00025233409033560434
example,0.0006308352258390108
draft,0.00012616704516780217
german,0.00025233409033560434
b,0.0025233409033560434
rgerliches,0.00012616704516780217
gesetzbuch,0.00012616704516780217
post,0.000757002271006813
modifications,0.00012616704516780217
remains,0.0003785011355034065
effect,0.00012616704516780217
statutory,0.00025233409033560434
originates,0.00012616704516780217
rubber,0.00012616704516780217
stamp,0.00012616704516780217
promulgate,0.00012616704516780217
legislation,0.00025233409033560434
passed,0.00012616704516780217
specifically,0.00012616704516780217
giving,0.00012616704516780217
oppose,0.00012616704516780217
divided,0.0003785011355034065
basic,0.00012616704516780217
tiers,0.00012616704516780217
levels,0.00025233409033560434
courts,0.00012616704516780217
body,0.00012616704516780217
codes,0.00025233409033560434
jds,0.00012616704516780217
kong,0.0006308352258390108
ddg,0.00012616704516780217
guided,0.00012616704516780217
missile,0.0005046681806712087
destroyer,0.00012616704516780217
launching,0.00025233409033560434
standard,0.00025233409033560434
ballistic,0.00012616704516780217
member,0.0003785011355034065
g,0.0006308352258390108
apec,0.00012616704516780217
asean,0.00012616704516780217
plus,0.00012616704516780217
participant,0.0003785011355034065
summit,0.0003785011355034065
security,0.0011355034065102195
australia,0.0008831693161746152
india,0.000757002271006813
october,0.0016401715871814282
donor,0.00012616704516780217
assistance,0.00025233409033560434
france,0.00025233409033560434
donating,0.00012616704516780217
billion,0.0003785011355034065
close,0.00012616704516780217
alliance,0.00025233409033560434
acts,0.00012616704516780217
cornerstone,0.00012616704516780217
non,0.0006308352258390108
permanent,0.00025233409033560434
recently,0.0005046681806712087
seeking,0.00012616704516780217
engaged,0.00012616704516780217
disputes,0.00025233409033560434
neighbors,0.00012616704516780217
kuril,0.00012616704516780217
liancourt,0.00012616704516780217
rocks,0.00012616704516780217
senkaku,0.00012616704516780217
eez,0.00012616704516780217
okinotorishima,0.00012616704516780217
faces,0.00012616704516780217
ongoing,0.00025233409033560434
dispute,0.00012616704516780217
abduction,0.00025233409033560434
citizens,0.0003785011355034065
weapons,0.00012616704516780217
program,0.0005046681806712087
talks,0.00025233409033560434
budgets,0.00012616704516780217
contributed,0.00012616704516780217
combatant,0.00012616704516780217
iraq,0.0003785011355034065
subsequently,0.00012616704516780217
withdrew,0.00012616704516780217
maritime,0.0005046681806712087
force,0.0008831693161746152
regular,0.00012616704516780217
rimpac,0.00025233409033560434
exercises,0.00012616704516780217
restricted,0.00012616704516780217
renounces,0.00012616704516780217
governed,0.00012616704516780217
ground,0.0003785011355034065
jgsdf,0.00012616704516780217
jmsdf,0.00012616704516780217
air,0.0003785011355034065
jasdf,0.00012616704516780217
operations,0.00025233409033560434
deployment,0.00012616704516780217
overseas,0.00012616704516780217
keidanren,0.00012616704516780217
lift,0.00012616704516780217
ban,0.00025233409033560434
arms,0.00012616704516780217
exports,0.0003785011355034065
join,0.00012616704516780217
multinational,0.00012616704516780217
projects,0.00025233409033560434
joint,0.0003785011355034065
strike,0.00012616704516780217
fighter,0.00012616704516780217
information,0.0006308352258390108
regions,0.0010093363613424174
cities,0.0010093363613424174
towns,0.0006308352258390108
villages,0.0005046681806712087
overseen,0.00012616704516780217
governor,0.00012616704516780217
bureaucracy,0.00012616704516780217
prefecture,0.0006308352258390108
currently,0.0005046681806712087
undergoing,0.00012616704516780217
reorganization,0.00012616704516780217
merging,0.00012616704516780217
process,0.00012616704516780217
reduce,0.00025233409033560434
number,0.000757002271006813
sub,0.00012616704516780217
expected,0.00025233409033560434
cut,0.00025233409033560434
costs,0.00012616704516780217
geology,0.00012616704516780217
topographic,0.00012616704516780217
map,0.00025233409033560434
hanami,0.00012616704516780217
celebrations,0.00012616704516780217
cherry,0.00025233409033560434
blossom,0.00012616704516780217
ueno,0.00012616704516780217
park,0.0003785011355034065
autumn,0.00025233409033560434
maple,0.00012616704516780217
leaves,0.00012616704516780217
momiji,0.00012616704516780217
bu,0.0005046681806712087
mount,0.00012616704516780217
ya,0.00012616704516780217
extending,0.00012616704516780217
coast,0.0006308352258390108
controls,0.00012616704516780217
latitudes,0.00012616704516780217
longitudes,0.00012616704516780217
hokkaid,0.0005046681806712087
okinawa,0.0006308352258390108
chain,0.00012616704516780217
forested,0.00012616704516780217
mountainous,0.00012616704516780217
unsuitable,0.00012616704516780217
agricultural,0.00025233409033560434
industrial,0.0006308352258390108
residential,0.00012616704516780217
habitable,0.00012616704516780217
zones,0.00025233409033560434
mainly,0.00012616704516780217
areas,0.0003785011355034065
extremely,0.00025233409033560434
densities,0.00012616704516780217
densely,0.00012616704516780217
populated,0.00012616704516780217
volcanic,0.00012616704516780217
ring,0.00025233409033560434
large,0.0008831693161746152
oceanic,0.00012616704516780217
movements,0.00025233409033560434
occurring,0.00012616704516780217
hundreds,0.00012616704516780217
silurian,0.00012616704516780217
pleistocene,0.00012616704516780217
subduction,0.00025233409033560434
philippine,0.00012616704516780217
plate,0.0006308352258390108
beneath,0.00012616704516780217
continental,0.0003785011355034065
amurian,0.00012616704516780217
originally,0.00012616704516780217
attached,0.00012616704516780217
eurasian,0.00012616704516780217
continent,0.0003785011355034065
subducting,0.00012616704516780217
plates,0.00012616704516780217
pulled,0.00012616704516780217
ago,0.00012616704516780217
active,0.00012616704516780217
volcanoes,0.00025233409033560434
destructive,0.00012616704516780217
earthquakes,0.00012616704516780217
resulting,0.00012616704516780217
tsunami,0.000757002271006813
occur,0.00012616704516780217
times,0.00290184203885945
recent,0.00025233409033560434
quakes,0.00012616704516780217
hanshin,0.00012616704516780217
t,0.0017663386323492304
hoku,0.0003785011355034065
magnitude,0.0003785011355034065
quake,0.00012616704516780217
hit,0.00012616704516780217
struck,0.00012616704516780217
northeastern,0.00025233409033560434
generated,0.00012616704516780217
predominantly,0.00012616704516780217
temperate,0.0005046681806712087
varies,0.00012616704516780217
geographical,0.00012616704516780217
features,0.0005046681806712087
divide,0.00012616704516780217
principal,0.00012616704516780217
climatic,0.00012616704516780217
central,0.0006308352258390108
highland,0.00025233409033560434
seto,0.00025233409033560434
inland,0.0003785011355034065
northernmost,0.00012616704516780217
humid,0.0006308352258390108
cold,0.00025233409033560434
winters,0.0005046681806712087
warm,0.00025233409033560434
cool,0.00012616704516780217
summers,0.0003785011355034065
precipitation,0.0003785011355034065
heavy,0.0006308352258390108
usually,0.00025233409033560434
develop,0.00012616704516780217
deep,0.00025233409033560434
snowbanks,0.00012616704516780217
winter,0.000757002271006813
northwest,0.00012616704516780217
winds,0.00025233409033560434
snowfall,0.00025233409033560434
region,0.00025233409033560434
cooler,0.00012616704516780217
experiences,0.00025233409033560434
hot,0.0005046681806712087
temperatures,0.00012616704516780217
foehn,0.00012616704516780217
wind,0.00025233409033560434
typical,0.00012616704516780217
temperature,0.0006308352258390108
differences,0.00025233409033560434
night,0.00012616704516780217
light,0.00012616704516780217
snowy,0.00012616704516780217
mountains,0.00012616704516780217
ch,0.0008831693161746152
goku,0.0003785011355034065
shelter,0.00012616704516780217
seasonal,0.0005046681806712087
mild,0.00025233409033560434
weather,0.00012616704516780217
round,0.00012616704516780217
subtropical,0.0003785011355034065
milder,0.00012616704516780217
occasional,0.00025233409033560434
southeast,0.00012616704516780217
ryukyu,0.00025233409033560434
especially,0.00025233409033560434
rainy,0.0003785011355034065
season,0.0003785011355034065
exhibits,0.00025233409033560434
variation,0.00012616704516780217
blooming,0.00012616704516780217
spring,0.00012616704516780217
blossoms,0.00012616704516780217
cicada,0.00012616704516780217
fall,0.00025233409033560434
foliage,0.00012616704516780217
colors,0.00012616704516780217
celebrated,0.00025233409033560434
average,0.00025233409033560434
c,0.001514004542013626
f,0.000757002271006813
measured,0.00012616704516780217
begins,0.00025233409033560434
rain,0.00025233409033560434
gradually,0.00012616704516780217
moves,0.00012616704516780217
reaching,0.00012616704516780217
july,0.0013878374968458239
middle,0.0003785011355034065
june,0.001514004542013626
lasts,0.00012616704516780217
weeks,0.00012616704516780217
typhoons,0.00012616704516780217
forest,0.00012616704516780217
ecoregions,0.00012616704516780217
reflect,0.00012616704516780217
range,0.00012616704516780217
moist,0.00012616704516780217
broadleaf,0.00025233409033560434
forests,0.0003785011355034065
bonin,0.00012616704516780217
mixed,0.00025233409033560434
coniferous,0.00012616704516780217
portions,0.00012616704516780217
northern,0.00025233409033560434
species,0.00012616704516780217
wildlife,0.00025233409033560434
brown,0.00025233409033560434
bear,0.00012616704516780217
macaque,0.00012616704516780217
raccoon,0.00012616704516780217
dog,0.00012616704516780217
giant,0.00012616704516780217
salamander,0.00012616704516780217
network,0.0005046681806712087
parks,0.00025233409033560434
protect,0.00012616704516780217
important,0.00012616704516780217
flora,0.00025233409033560434
fauna,0.00025233409033560434
thirty,0.00012616704516780217
ramsar,0.0003785011355034065
wetland,0.00012616704516780217
sites,0.0005046681806712087
inscribed,0.0003785011355034065
list,0.0011355034065102195
outstanding,0.00012616704516780217
natural,0.0003785011355034065
value,0.0003785011355034065
environmental,0.0011355034065102195
issues,0.0005046681806712087
policies,0.00025233409033560434
downplayed,0.00012616704516780217
corporations,0.00012616704516780217
pollution,0.00025233409033560434
responding,0.00012616704516780217
concern,0.00012616704516780217
problem,0.0003785011355034065
protection,0.00025233409033560434
laws,0.00012616704516780217
crisis,0.00012616704516780217
encouraged,0.00012616704516780217
efficient,0.00012616704516780217
energy,0.001514004542013626
lack,0.00012616704516780217
resources,0.00025233409033560434
urban,0.00025233409033560434
nox,0.00012616704516780217
suspended,0.00012616704516780217
particulate,0.00012616704516780217
matter,0.00012616704516780217
toxics,0.00012616704516780217
waste,0.00012616704516780217
management,0.0003785011355034065
eutrophication,0.00012616704516780217
nature,0.00025233409033560434
conservation,0.0006308352258390108
change,0.0005046681806712087
chemical,0.00025233409033560434
operation,0.00012616704516780217
friendly,0.00025233409033560434
technologies,0.00012616704516780217
ranked,0.00012616704516780217
best,0.0003785011355034065
performance,0.0003785011355034065
signatory,0.00012616704516780217
protocol,0.00012616704516780217
host,0.00012616704516780217
conference,0.00025233409033560434
created,0.00025233409033560434
obligation,0.00012616704516780217
carbon,0.00012616704516780217
dioxide,0.00012616704516780217
emissions,0.00012616704516780217
steps,0.00012616704516780217
curb,0.00012616704516780217
stock,0.0008831693161746152
structural,0.00012616704516780217
transport,0.0008831693161746152
road,0.000757002271006813
futures,0.0003785011355034065
contracts,0.00012616704516780217
banking,0.00012616704516780217
insurance,0.000757002271006813
osaka,0.000757002271006813
brokers,0.00012616704516780217
economically,0.00012616704516780217
embrace,0.00012616704516780217
market,0.000757002271006813
enterprises,0.0006308352258390108
founded,0.00025233409033560434
overall,0.0003785011355034065
real,0.0003785011355034065
miracle,0.00025233409033560434
averaged,0.00012616704516780217
slowed,0.00012616704516780217
markedly,0.00012616704516780217
lost,0.00012616704516780217
decade,0.00012616704516780217
effects,0.00012616704516780217
asset,0.00012616704516780217
price,0.00012616704516780217
bubble,0.00012616704516780217
domestic,0.0006308352258390108
intended,0.00012616704516780217
wring,0.00012616704516780217
speculative,0.00012616704516780217
excesses,0.00012616704516780217
estate,0.00012616704516780217
markets,0.0006308352258390108
efforts,0.00012616704516780217
revive,0.00012616704516780217
met,0.00012616704516780217
little,0.00012616704516780217
hampered,0.00012616704516780217
global,0.000757002271006813
slowdown,0.00012616704516780217
showed,0.00012616704516780217
signs,0.00012616704516780217
surpassing,0.00012616704516780217
rates,0.0003785011355034065
union,0.00025233409033560434
update,0.00025233409033560434
january,0.007696189755235932
public,0.0008831693161746152
debt,0.0005046681806712087
annual,0.00012616704516780217
gross,0.00025233409033560434
product,0.00025233409033560434
moody,0.00025233409033560434
rating,0.0005046681806712087
term,0.00012616704516780217
sovereign,0.00025233409033560434
notch,0.00012616704516780217
aa,0.00025233409033560434
inline,0.00012616704516780217
size,0.00012616704516780217
deficit,0.0003785011355034065
borrowing,0.00012616704516780217
level,0.00025233409033560434
deficits,0.00012616704516780217
downgrade,0.00012616704516780217
service,0.00025233409033560434
sector,0.00012616704516780217
accounts,0.00025233409033560434
quarters,0.00012616704516780217
capacity,0.00012616704516780217
home,0.000757002271006813
technologically,0.00012616704516780217
advanced,0.00025233409033560434
producers,0.00025233409033560434
motor,0.0003785011355034065
vehicles,0.00025233409033560434
electronics,0.0003785011355034065
machine,0.00012616704516780217
tools,0.00012616704516780217
steel,0.00025233409033560434
nonferrous,0.00012616704516780217
metals,0.00025233409033560434
substances,0.00012616704516780217
textiles,0.0003785011355034065
processed,0.00012616704516780217
foods,0.0003785011355034065
businesses,0.00012616704516780217
cultivate,0.00012616704516780217
fish,0.00025233409033560434
catch,0.00012616704516780217
labor,0.0003785011355034065
consisted,0.00012616704516780217
workers,0.0005046681806712087
low,0.00012616704516780217
unemployment,0.00012616704516780217
poverty,0.00025233409033560434
housing,0.0005046681806712087
supply,0.00012616704516780217
plug,0.00012616704516780217
hybrid,0.00012616704516780217
car,0.0003785011355034065
manufactured,0.00012616704516780217
toyota,0.0003785011355034065
carmakers,0.00012616704516780217
producer,0.00012616704516780217
automobiles,0.00025233409033560434
amounted,0.00012616704516780217
export,0.00025233409033560434
hong,0.0003785011355034065
transportation,0.0003785011355034065
equipment,0.00025233409033560434
electrical,0.00012616704516780217
machinery,0.0005046681806712087
chemicals,0.0003785011355034065
import,0.00012616704516780217
saudi,0.0003785011355034065
arabia,0.0003785011355034065
arab,0.00025233409033560434
emirates,0.00025233409033560434
indonesia,0.0005046681806712087
imports,0.00012616704516780217
fossil,0.00012616704516780217
fuels,0.00012616704516780217
foodstuffs,0.00012616704516780217
particular,0.00025233409033560434
beef,0.00012616704516780217
raw,0.00012616704516780217
materials,0.0003785011355034065
industries,0.00012616704516780217
share,0.0003785011355034065
oecd,0.0010093363613424174
junichiro,0.00012616704516780217
koizumi,0.00012616704516780217
administration,0.0003785011355034065
pro,0.00012616704516780217
competition,0.00025233409033560434
reforms,0.00012616704516780217
investment,0.0003785011355034065
soared,0.00012616704516780217
ranks,0.00025233409033560434
ease,0.00012616704516780217
doing,0.00012616704516780217
business,0.0003785011355034065
smallest,0.00012616704516780217
tax,0.00012616704516780217
revenues,0.00012616704516780217
variant,0.00012616704516780217
capitalism,0.00012616704516780217
distinct,0.00012616704516780217
keiretsu,0.00012616704516780217
influential,0.00012616704516780217
lifetime,0.00012616704516780217
employment,0.00012616704516780217
seniority,0.00012616704516780217
career,0.00025233409033560434
advancement,0.00012616704516780217
relatively,0.00012616704516780217
common,0.00025233409033560434
work,0.00025233409033560434
companies,0.0005046681806712087
methods,0.00012616704516780217
way,0.00012616704516780217
shareholder,0.00012616704516780217
activism,0.00012616704516780217
rare,0.00012616704516780217
nintendo,0.00012616704516780217
ntt,0.00012616704516780217
docomo,0.00012616704516780217
canon,0.00012616704516780217
honda,0.00012616704516780217
takeda,0.00012616704516780217
pharmaceutical,0.00012616704516780217
sony,0.00012616704516780217
panasonic,0.00012616704516780217
toshiba,0.00012616704516780217
sharp,0.00012616704516780217
banks,0.00012616704516780217
nikkei,0.00012616704516780217
topix,0.00012616704516780217
indices,0.00012616704516780217
capitalization,0.00012616704516780217
forbes,0.0003785011355034065
experiment,0.00025233409033560434
module,0.00025233409033560434
kibo,0.00025233409033560434
space,0.0013878374968458239
station,0.0005046681806712087
leading,0.00025233409033560434
scientific,0.00025233409033560434
particularly,0.00025233409033560434
biomedical,0.00012616704516780217
researchers,0.00012616704516780217
leader,0.00012616704516780217
fundamental,0.00012616704516780217
having,0.00012616704516780217
produced,0.0005046681806712087
sixteen,0.00025233409033560434
nobel,0.0003785011355034065
laureates,0.00025233409033560434
physics,0.00012616704516780217
chemistry,0.00012616704516780217
medicine,0.00012616704516780217
fields,0.0003785011355034065
medalists,0.00025233409033560434
gauss,0.00025233409033560434
prize,0.0003785011355034065
laureate,0.00012616704516780217
prominent,0.00012616704516780217
technological,0.00012616704516780217
contributions,0.00012616704516780217
engineering,0.00025233409033560434
robotics,0.00025233409033560434
optics,0.00012616704516780217
semiconductors,0.00012616704516780217
leads,0.00025233409033560434
production,0.00025233409033560434
possessing,0.00012616704516780217
robots,0.00012616704516780217
aerospace,0.0010093363613424174
exploration,0.0013878374968458239
agency,0.001514004542013626
jaxa,0.0006308352258390108
conducts,0.00012616704516780217
planetary,0.00012616704516780217
aviation,0.00012616704516780217
rockets,0.00012616704516780217
satellites,0.00012616704516780217
added,0.00012616704516780217
shuttle,0.00012616704516780217
assembly,0.00012616704516780217
flights,0.00012616704516780217
plans,0.0003785011355034065
probe,0.0005046681806712087
venus,0.0003785011355034065
akatsuki,0.0003785011355034065
developing,0.00012616704516780217
mercury,0.0003785011355034065
magnetospheric,0.00012616704516780217
orbiter,0.00025233409033560434
launched,0.00025233409033560434
building,0.00012616704516780217
moon,0.0006308352258390108
september,0.0013878374968458239
lunar,0.000757002271006813
explorer,0.0003785011355034065
selene,0.0005046681806712087
selenological,0.00012616704516780217
iia,0.00012616704516780217
model,0.00012616704516780217
carrier,0.00012616704516780217
rocket,0.00012616704516780217
tanegashima,0.00012616704516780217
center,0.0003785011355034065
kaguya,0.0006308352258390108
princess,0.00012616704516780217
bamboo,0.00025233409033560434
cutter,0.00025233409033560434
mission,0.0003785011355034065
apollo,0.00012616704516780217
purpose,0.00012616704516780217
gather,0.00012616704516780217
data,0.0003785011355034065
evolution,0.00025233409033560434
orbit,0.00012616704516780217
flying,0.00012616704516780217
altitude,0.00012616704516780217
deliberately,0.00012616704516780217
crashed,0.00012616704516780217
nozomi,0.00012616704516780217
shinkansen,0.0005046681806712087
bullet,0.00025233409033560434
train,0.0003785011355034065
petroleum,0.00012616704516780217
coal,0.00012616704516780217
gas,0.00012616704516780217
hydropower,0.00012616704516780217
electricity,0.00012616704516780217
plants,0.00012616704516780217
taken,0.00012616704516780217
offline,0.00012616704516780217
opposition,0.00012616704516780217
officials,0.00012616704516780217
continuing,0.00012616704516780217
try,0.00012616704516780217
sway,0.00012616704516780217
opinion,0.00012616704516780217
favor,0.00012616704516780217
returning,0.00012616704516780217
reactors,0.00012616704516780217
dependence,0.00012616704516780217
imported,0.00025233409033560434
aimed,0.00012616704516780217
diversify,0.00012616704516780217
sources,0.00012616704516780217
maintain,0.00012616704516780217
efficiency,0.0003785011355034065
spending,0.00012616704516780217
extensive,0.00012616704516780217
kilometers,0.00012616704516780217
paved,0.00025233409033560434
means,0.00012616704516780217
single,0.00012616704516780217
speed,0.00025233409033560434
access,0.00025233409033560434
toll,0.00025233409033560434
roads,0.00012616704516780217
connects,0.00012616704516780217
operated,0.00012616704516780217
collecting,0.00012616704516780217
cars,0.00012616704516780217
inexpensive,0.00012616704516780217
ownership,0.00012616704516780217
fees,0.00025233409033560434
fuel,0.00012616704516780217
levies,0.00012616704516780217
promote,0.00012616704516780217
just,0.0003785011355034065
distance,0.00012616704516780217
traveled,0.00012616704516780217
usage,0.00012616704516780217
dozens,0.00012616704516780217
railway,0.0003785011355034065
compete,0.00012616704516780217
local,0.0005046681806712087
passenger,0.00025233409033560434
jr,0.00025233409033560434
kintetsu,0.00012616704516780217
corporation,0.00025233409033560434
seibu,0.00012616704516780217
keio,0.00012616704516780217
trains,0.00025233409033560434
connect,0.00012616704516780217
safety,0.00025233409033560434
punctuality,0.00025233409033560434
proposals,0.00012616704516780217
maglev,0.00012616704516780217
route,0.00012616704516780217
stage,0.00012616704516780217
airports,0.00025233409033560434
airport,0.000757002271006813
haneda,0.00012616704516780217
busiest,0.00025233409033560434
gateways,0.00012616704516780217
narita,0.00012616704516780217
kansai,0.0003785011355034065
centrair,0.00012616704516780217
nagoya,0.0003785011355034065
port,0.0005046681806712087
accounting,0.00012616704516780217
minority,0.0006308352258390108
wedding,0.00012616704516780217
shrine,0.0003785011355034065
estimated,0.00012616704516780217
living,0.00025233409033560434
society,0.0010093363613424174
linguistically,0.00012616704516780217
culturally,0.00012616704516780217
homogeneous,0.00025233409033560434
composed,0.00012616704516780217
small,0.00025233409033560434
populations,0.00012616704516780217
zainichi,0.00025233409033560434
koreans,0.00025233409033560434
filipinos,0.00012616704516780217
brazilians,0.0003785011355034065
descent,0.00025233409033560434
peruvians,0.00025233409033560434
latin,0.0003785011355034065
american,0.0006308352258390108
expatriates,0.00012616704516780217
said,0.00012616704516780217
descendants,0.00012616704516780217
nikkeijin,0.00012616704516780217
spouses,0.00012616704516780217
community,0.00012616704516780217
westerners,0.00012616704516780217
dominant,0.00012616704516780217
native,0.0003785011355034065
group,0.0003785011355034065
primary,0.00025233409033560434
peoples,0.00012616704516780217
burakumin,0.00012616704516780217
persons,0.0003785011355034065
ancestry,0.00012616704516780217
incorporated,0.00012616704516780217
ogasawara,0.00025233409033560434
roughly,0.00012616704516780217
micronesian,0.00012616704516780217
polynesian,0.00012616704516780217
backgrounds,0.00012616704516780217
families,0.0003785011355034065
going,0.00012616704516780217
generations,0.00012616704516780217
spite,0.00012616704516780217
belief,0.00012616704516780217
ethnically,0.00012616704516780217
born,0.0003785011355034065
naturalized,0.00012616704516780217
absence,0.00012616704516780217
ethnicity,0.00012616704516780217
race,0.0005046681806712087
statistics,0.0013878374968458239
nationals,0.00012616704516780217
analysis,0.00025233409033560434
describes,0.00012616704516780217
multiethnic,0.00025233409033560434
john,0.0005046681806712087
lie,0.00025233409033560434
statement,0.00012616704516780217
refused,0.00012616704516780217
sectors,0.00012616704516780217
tend,0.00012616704516780217
preserve,0.00012616704516780217
idea,0.00012616704516780217
monocultural,0.00012616704516780217
ideology,0.00025233409033560434
homogeneity,0.00012616704516780217
traditionally,0.00025233409033560434
rejected,0.00025233409033560434
need,0.00012616704516780217
recognize,0.00012616704516780217
claims,0.00012616704516780217
minorities,0.00012616704516780217
tar,0.00012616704516780217
described,0.00025233409033560434
civilization,0.00012616704516780217
longest,0.00012616704516780217
birth,0.0003785011355034065
rapidly,0.00012616704516780217
aging,0.00025233409033560434
baby,0.00012616704516780217
boom,0.00025233409033560434
decrease,0.00012616704516780217
aged,0.00012616704516780217
projected,0.00012616704516780217
changes,0.00012616704516780217
demographic,0.00025233409033560434
structure,0.00012616704516780217
potential,0.00012616704516780217
decline,0.0003785011355034065
workforce,0.00012616704516780217
increase,0.00012616704516780217
benefits,0.00012616704516780217
pension,0.00012616704516780217
plan,0.00012616704516780217
growing,0.00025233409033560434
younger,0.00025233409033560434
preferring,0.00012616704516780217
marry,0.00012616704516780217
dropped,0.00012616704516780217
fifth,0.00025233409033560434
falling,0.00012616704516780217
greatest,0.00012616704516780217
available,0.00012616704516780217
deaths,0.00012616704516780217
included,0.00025233409033560434
missing,0.00012616704516780217
drop,0.00012616704516780217
demographers,0.00012616704516780217
planners,0.00012616704516780217
heated,0.00012616704516780217
debate,0.00012616704516780217
cope,0.00012616704516780217
immigration,0.0005046681806712087
incentives,0.00012616704516780217
suggested,0.00025233409033560434
solution,0.00012616704516780217
provide,0.00012616704516780217
accepts,0.00012616704516780217
steady,0.00012616704516780217
flow,0.00012616704516780217
naturalization,0.00012616704516780217
unhcr,0.00012616704516780217
accepted,0.00012616704516780217
refugees,0.00012616704516780217
resettlement,0.00012616704516780217
took,0.00012616704516780217
suffers,0.00012616704516780217
suicide,0.0005046681806712087
suicides,0.0003785011355034065
exceeded,0.00012616704516780217
twelfth,0.00012616704516780217
straight,0.00012616704516780217
cause,0.00012616704516780217
v,0.0012616704516780217
rank,0.00025233409033560434
pop,0.0005046681806712087
tokyoyokohama,0.00012616704516780217
osakanagoya,0.00012616704516780217
yokohama,0.00012616704516780217
sendai,0.00012616704516780217
miyagi,0.00025233409033560434
kitakyushu,0.00012616704516780217
fukuoka,0.0005046681806712087
aichi,0.00025233409033560434
chiba,0.0003785011355034065
sapporo,0.00025233409033560434
sakai,0.00012616704516780217
kobe,0.00012616704516780217
hy,0.00025233409033560434
niigata,0.0003785011355034065
hamamatsu,0.00012616704516780217
shizuoka,0.0005046681806712087
kumamoto,0.0003785011355034065
kawasaki,0.00012616704516780217
sagamihara,0.00012616704516780217
saitama,0.0003785011355034065
torii,0.00012616704516780217
itsukushima,0.00012616704516780217
views,0.00012616704516780217
enjoys,0.00012616704516780217
religious,0.0003785011355034065
freedom,0.00025233409033560434
estimates,0.00025233409033560434
suggest,0.00012616704516780217
subscribe,0.00012616704516780217
shinto,0.00012616704516780217
followers,0.00012616704516780217
syncretism,0.00012616704516780217
religions,0.0003785011355034065
affiliated,0.00012616704516780217
temple,0.0003785011355034065
true,0.00012616704516780217
believers,0.00025233409033560434
identify,0.00012616704516780217
belonging,0.00012616704516780217
edwin,0.00012616704516780217
reischauer,0.00012616704516780217
marius,0.00012616704516780217
jansen,0.00025233409033560434
regularly,0.00012616704516780217
tell,0.00012616704516780217
pollsters,0.00012616704516780217
consider,0.00012616704516780217
participation,0.00012616704516780217
festivals,0.00025233409033560434
occasions,0.00012616704516780217
visit,0.00012616704516780217
taoism,0.00012616704516780217
confucianism,0.00025233409033560434
beliefs,0.00012616704516780217
customs,0.00012616704516780217
streets,0.00012616704516780217
tanabata,0.00012616704516780217
obon,0.00012616704516780217
christmas,0.00012616704516780217
fewer,0.00012616704516780217
christian,0.0003785011355034065
islam,0.00012616704516780217
hinduism,0.00012616704516780217
sikhism,0.00012616704516780217
judaism,0.00012616704516780217
numerous,0.00012616704516780217
speaks,0.00012616704516780217
agglutinative,0.00012616704516780217
distinguished,0.00012616704516780217
honorifics,0.00012616704516780217
reflecting,0.00012616704516780217
hierarchical,0.00012616704516780217
verb,0.00012616704516780217
forms,0.0006308352258390108
vocabulary,0.00012616704516780217
indicating,0.00012616704516780217
status,0.0003785011355034065
speaker,0.00012616704516780217
listener,0.00012616704516780217
writing,0.00012616704516780217
sets,0.00012616704516780217
syllabaries,0.00012616704516780217
simplified,0.00012616704516780217
alphabet,0.00012616704516780217
arabic,0.00012616704516780217
numerals,0.00012616704516780217
japonic,0.00012616704516780217
spoken,0.00012616704516780217
children,0.00025233409033560434
learn,0.00012616704516780217
proven,0.00012616704516780217
relationship,0.00012616704516780217
moribund,0.00012616704516780217
elderly,0.00025233409033560434
speakers,0.00012616704516780217
remaining,0.00012616704516780217
private,0.00012616704516780217
schools,0.0003785011355034065
require,0.00012616704516780217
students,0.00012616704516780217
courses,0.00012616704516780217
announcement,0.00012616704516780217
results,0.00012616704516780217
entrance,0.00012616704516780217
examinations,0.00012616704516780217
university,0.0051728488518798885
secondary,0.00012616704516780217
universities,0.0003785011355034065
compulsory,0.00012616704516780217
comprises,0.00012616704516780217
elementary,0.00012616704516780217
continue,0.00012616704516780217
senior,0.00012616704516780217
mext,0.00025233409033560434
graduates,0.00012616704516780217
attend,0.00012616704516780217
junior,0.00012616704516780217
college,0.00012616704516780217
higher,0.00012616704516780217
institution,0.00012616704516780217
ranking,0.00025233409033560434
programme,0.00012616704516780217
student,0.00012616704516780217
assessment,0.00025233409033560434
coordinated,0.00012616704516780217
knowledge,0.00012616704516780217
skills,0.00012616704516780217
olds,0.00012616704516780217
care,0.0003785011355034065
provided,0.00025233409033560434
governments,0.00025233409033560434
payment,0.00012616704516780217
personal,0.00012616704516780217
medical,0.00012616704516780217
services,0.00012616704516780217
offered,0.00012616704516780217
provides,0.00012616704516780217
equality,0.00012616704516780217
set,0.00012616704516780217
committee,0.00025233409033560434
employers,0.00012616704516780217
participate,0.00012616704516780217
administered,0.00012616704516780217
covered,0.00012616704516780217
sponsored,0.00012616704516780217
patients,0.00012616704516780217
free,0.0003785011355034065
select,0.00012616704516780217
physicians,0.00012616704516780217
facilities,0.00012616704516780217
choice,0.00025233409033560434
kinkaku,0.00012616704516780217
pavilion,0.00012616704516780217
special,0.0003785011355034065
historic,0.00012616704516780217
place,0.00012616704516780217
scenic,0.00012616704516780217
beauty,0.00012616704516780217
torching,0.00012616704516780217
monk,0.00012616704516780217
subject,0.00012616704516780217
novel,0.00025233409033560434
mishima,0.00025233409033560434
folklore,0.00025233409033560434
evolved,0.00012616704516780217
origins,0.0005046681806712087
combines,0.00012616704516780217
influences,0.0003785011355034065
america,0.00012616704516780217
traditional,0.0010093363613424174
arts,0.0006308352258390108
crafts,0.00012616704516780217
ceramics,0.00012616704516780217
lacquerware,0.00012616704516780217
swords,0.00012616704516780217
dolls,0.00012616704516780217
performances,0.00012616704516780217
bunraku,0.00012616704516780217
kabuki,0.00012616704516780217
noh,0.00025233409033560434
dance,0.00012616704516780217
rakugo,0.00012616704516780217
tea,0.0003785011355034065
ceremony,0.0003785011355034065
ikebana,0.0003785011355034065
martial,0.0003785011355034065
calligraphy,0.00012616704516780217
origami,0.00012616704516780217
onsen,0.00025233409033560434
geisha,0.00025233409033560434
games,0.0003785011355034065
promotion,0.00012616704516780217
tangible,0.00012616704516780217
intangible,0.00012616704516780217
properties,0.00025233409033560434
significance,0.00012616704516780217
garden,0.00012616704516780217
aesthetics,0.0003785011355034065
wave,0.00012616704516780217
series,0.00025233409033560434
woodblock,0.00025233409033560434
prints,0.00025233409033560434
hokusai,0.00025233409033560434
shrines,0.00012616704516780217
ise,0.00025233409033560434
prototype,0.00025233409033560434
wood,0.00025233409033560434
tatami,0.00012616704516780217
mats,0.00012616704516780217
sliding,0.00012616704516780217
doors,0.00012616704516780217
break,0.00012616704516780217
distinction,0.00012616704516780217
rooms,0.00012616704516780217
indoor,0.00012616704516780217
outdoor,0.00012616704516780217
sculpture,0.00012616704516780217
painting,0.00025233409033560434
figurative,0.00012616704516780217
paintings,0.00012616704516780217
dating,0.00012616704516780217
synthesis,0.00012616704516780217
adaptation,0.00012616704516780217
ideas,0.00012616704516780217
interaction,0.00012616704516780217
significant,0.0003785011355034065
ukiyo,0.00025233409033560434
exported,0.00012616704516780217
movement,0.00012616704516780217
japonism,0.00012616704516780217
impressionism,0.00012616704516780217
famous,0.00012616704516780217
artists,0.00012616704516780217
hiroshige,0.00012616704516780217
fusion,0.00012616704516780217
printing,0.00012616704516780217
creation,0.00012616704516780217
manga,0.0005046681806712087
comic,0.00012616704516780217
animation,0.00012616704516780217
television,0.00025233409033560434
film,0.00012616704516780217
anime,0.00025233409033560434
video,0.00025233409033560434
game,0.00012616704516780217
consoles,0.00012616704516780217
eclectic,0.00012616704516780217
diverse,0.00012616704516780217
instruments,0.00025233409033560434
koto,0.00012616704516780217
accompanied,0.00012616704516780217
recitative,0.00012616704516780217
drama,0.00012616704516780217
dates,0.00012616704516780217
folk,0.00012616704516780217
guitar,0.00012616704516780217
shamisen,0.00012616704516780217
sixteenth,0.00025233409033560434
classical,0.00025233409033560434
integral,0.00012616704516780217
ensemble,0.00012616704516780217
gagaku,0.00012616704516780217
composers,0.00025233409033560434
notable,0.00012616704516780217
toru,0.00012616704516780217
takemitsu,0.00012616704516780217
rentar,0.00012616704516780217
taki,0.00012616704516780217
heavily,0.00012616704516780217
trends,0.0003785011355034065
karaoke,0.00025233409033560434
practiced,0.00025233409033560434
activity,0.00012616704516780217
survey,0.000757002271006813
affairs,0.0008831693161746152
participated,0.00012616704516780217
pursuits,0.00012616704516780217
flower,0.00025233409033560434
arranging,0.00025233409033560434
ceremonies,0.00012616704516780217
illustrated,0.00012616704516780217
handscroll,0.00012616704516780217
treasure,0.00012616704516780217
earliest,0.00025233409033560434
works,0.0003785011355034065
kojiki,0.00012616704516780217
shoki,0.00012616704516780217
chronicles,0.00012616704516780217
man,0.00025233409033560434
y,0.0003785011355034065
anthology,0.00025233409033560434
phonograms,0.00012616704516780217
hiragana,0.00012616704516780217
katakana,0.00012616704516780217
considered,0.00025233409033560434
narrative,0.00012616704516780217
account,0.00012616704516780217
pillow,0.00012616704516780217
sei,0.00012616704516780217
nagon,0.00012616704516780217
shikibu,0.00012616704516780217
townspeople,0.00012616704516780217
overtook,0.00012616704516780217
aristocracy,0.00012616704516780217
consumers,0.00012616704516780217
popularity,0.00012616704516780217
saikaku,0.00012616704516780217
reveals,0.00012616704516780217
readership,0.00012616704516780217
authorship,0.00012616704516780217
bash,0.00012616704516780217
revivified,0.00012616704516780217
poetic,0.00025233409033560434
tradition,0.00012616704516780217
kokinsh,0.00012616704516780217
haikai,0.00012616704516780217
haiku,0.00012616704516780217
wrote,0.00012616704516780217
travelogue,0.00012616704516780217
oku,0.00012616704516780217
hosomichi,0.00012616704516780217
literary,0.00012616704516780217
integrated,0.00012616704516780217
natsume,0.00012616704516780217
seki,0.00012616704516780217
mori,0.00012616704516780217
gai,0.00012616704516780217
novelists,0.00012616704516780217
nosuke,0.00012616704516780217
akutagawa,0.00012616704516780217
jun,0.00012616704516780217
ichir,0.00012616704516780217
tanizaki,0.00012616704516780217
yukio,0.0003785011355034065
haruki,0.00012616704516780217
murakami,0.00012616704516780217
winning,0.00025233409033560434
authors,0.00012616704516780217
yasunari,0.00012616704516780217
kawabata,0.00012616704516780217
kenzabur,0.00012616704516780217
kaiseki,0.00012616704516780217
breakfast,0.00012616704516780217
ryokan,0.00012616704516780217
inn,0.00012616704516780217
combining,0.00012616704516780217
staple,0.00025233409033560434
typically,0.00012616704516780217
noodles,0.00012616704516780217
soup,0.00012616704516780217
okazu,0.00012616704516780217
dishes,0.00012616704516780217
vegetable,0.00012616704516780217
tofu,0.00012616704516780217
add,0.00012616704516780217
flavor,0.00012616704516780217
food,0.00025233409033560434
ingredients,0.0003785011355034065
red,0.00012616704516780217
meats,0.00012616704516780217
previously,0.00012616704516780217
emphasis,0.00012616704516780217
seasonality,0.00012616704516780217
quality,0.00012616704516780217
presentation,0.00012616704516780217
offers,0.00012616704516780217
vast,0.00012616704516780217
array,0.00012616704516780217
specialties,0.00012616704516780217
recipes,0.00012616704516780217
michelin,0.0003785011355034065
guide,0.00025233409033560434
awarded,0.00012616704516780217
stars,0.00012616704516780217
combined,0.00012616704516780217
sport,0.0006308352258390108
sumo,0.0003785011355034065
wrestlers,0.00012616704516780217
referee,0.00012616704516780217
entering,0.00012616704516780217
judo,0.00012616704516780217
karate,0.00012616704516780217
kendo,0.00012616704516780217
spectators,0.00012616704516780217
hosted,0.0003785011355034065
olympics,0.00025233409033560434
nagano,0.00025233409033560434
baseball,0.0005046681806712087
spectator,0.00012616704516780217
professional,0.0003785011355034065
football,0.0005046681806712087
association,0.00012616704516780217
wide,0.00012616704516780217
venue,0.00012616704516780217
intercontinental,0.00012616704516780217
cup,0.0006308352258390108
fifa,0.0006308352258390108
successful,0.00012616704516780217
teams,0.00012616704516780217
asian,0.0008831693161746152
won,0.00012616704516780217
golf,0.00025233409033560434
auto,0.00012616704516780217
racing,0.00012616704516780217
super,0.00025233409033560434
gt,0.00012616704516780217
formula,0.00012616704516780217
nba,0.00012616704516780217
player,0.00012616704516780217
yuta,0.00025233409033560434
tabuse,0.00025233409033560434
bureau,0.0012616704516780217
retrieved,0.018420388594499116
factbook,0.0005046681806712087
cia,0.0006308352258390108
legend,0.00012616704516780217
jimmu,0.00012616704516780217
statistical,0.0006308352258390108
yearbook,0.00025233409033560434
decreases,0.00012616704516780217
row,0.00012616704516780217
count,0.00012616704516780217
released,0.00012616704516780217
monetary,0.00012616704516780217
fund,0.00012616704516780217
human,0.0006308352258390108
report,0.0003785011355034065
sipri,0.00025233409033560434
expenditure,0.00025233409033560434
org,0.00012616704516780217
ninth,0.00012616704516780217
crime,0.0003785011355034065
justice,0.00025233409033560434
systems,0.00012616704516780217
office,0.0003785011355034065
drugs,0.00012616704516780217
pp,0.003658844309866263
bbc,0.0011355034065102195
news,0.0011355034065102195
longevity,0.00012616704516780217
uk,0.0003785011355034065
israel,0.00025233409033560434
haaretz,0.00012616704516780217
table,0.00012616704516780217
prospects,0.00025233409033560434
revision,0.00012616704516780217
piggott,0.00012616704516780217
joan,0.00012616704516780217
r,0.0003785011355034065
kingship,0.00012616704516780217
stanford,0.00025233409033560434
press,0.0035326772646984608
isbn,0.006560686348725713
boxer,0.00025233409033560434
charles,0.00012616704516780217
ralph,0.00012616704516780217
california,0.0006308352258390108
pires,0.00012616704516780217
enters,0.00012616704516780217
derived,0.00025233409033560434
japun,0.00012616704516780217
japang,0.00012616704516780217
jihpenkuo,0.00012616704516780217
chipangu,0.00012616704516780217
fired,0.00012616704516780217
imagination,0.00012616704516780217
columbus,0.00012616704516780217
discovery,0.00025233409033560434
mancall,0.00012616704516780217
peter,0.00025233409033560434
ilande,0.00012616704516780217
travel,0.00025233409033560434
narratives,0.00012616704516780217
oxford,0.0003785011355034065
citation,0.00012616704516780217
matsumara,0.00012616704516780217
hirofumi,0.00012616704516780217
dodo,0.00025233409033560434
dental,0.00012616704516780217
characteristics,0.00025233409033560434
tohoku,0.00012616704516780217
implications,0.00025233409033560434
biological,0.00012616704516780217
affinity,0.00012616704516780217
emishi,0.00012616704516780217
anthropological,0.00012616704516780217
doi,0.0011355034065102195
ase,0.00012616704516780217
hammer,0.00012616704516780217
michael,0.00025233409033560434
et,0.0003785011355034065
al,0.0003785011355034065
karafet,0.00012616704516780217
tm,0.00012616704516780217
omoto,0.00012616704516780217
harihara,0.00012616704516780217
stoneking,0.00012616704516780217
horai,0.00012616704516780217
dual,0.00012616704516780217
farmer,0.00012616704516780217
chromosomes,0.00012616704516780217
journal,0.0005046681806712087
genetics,0.00012616704516780217
pmid,0.00025233409033560434
travis,0.00012616704516780217
jomon,0.00012616704516780217
genes,0.00012616704516780217
pittsburgh,0.00012616704516780217
denoon,0.00012616704516780217
donald,0.0003785011355034065
hudson,0.00012616704516780217
mark,0.00012616704516780217
multicultural,0.00025233409033560434
palaeolithic,0.00012616704516780217
postmodern,0.00012616704516780217
cambridge,0.0011355034065102195
plant,0.00012616704516780217
museum,0.0005046681806712087
kofun,0.00025233409033560434
takashi,0.00012616704516780217
okazaki,0.00012616704516780217
goodwin,0.00012616704516780217
janet,0.00012616704516780217
volume,0.00012616704516780217
delmer,0.00012616704516780217
ed,0.0023971738581882412
beasley,0.00012616704516780217
william,0.0003785011355034065
gerald,0.00012616704516780217
experience,0.00012616704516780217
short,0.00012616704516780217
totman,0.0011355034065102195
conrad,0.0011355034065102195
blackwell,0.0012616704516780217
hays,0.00012616704516780217
epidemics,0.00012616704516780217
pandemics,0.00012616704516780217
impacts,0.00012616704516780217
abc,0.00012616704516780217
clio,0.00012616704516780217
sansom,0.00012616704516780217
george,0.00012616704516780217
turnbull,0.00025233409033560434
stephen,0.00025233409033560434
cassel,0.00012616704516780217
osprey,0.00012616704516780217
publishing,0.0003785011355034065
toby,0.00012616704516780217
ronald,0.00012616704516780217
reopening,0.00012616704516780217
diplomacy,0.00012616704516780217
legitimation,0.00012616704516780217
bakufu,0.00012616704516780217
ohtsu,0.00025233409033560434
makoto,0.00012616704516780217
values,0.00012616704516780217
jes,0.00012616704516780217
x,0.00025233409033560434
matsusaka,0.00012616704516780217
tak,0.00012616704516780217
tsutsui,0.00012616704516780217
companion,0.00012616704516780217
hiroshi,0.00012616704516780217
shimizu,0.00012616704516780217
hitoshi,0.00012616704516780217
hirakawa,0.00012616704516780217
advance,0.00012616704516780217
routledge,0.0003785011355034065
ibiblio,0.0003785011355034065
judgment,0.00012616704516780217
chapter,0.00025233409033560434
viii,0.00012616704516780217
conventional,0.00012616704516780217
atrocities,0.00012616704516780217
worth,0.00012616704516780217
roland,0.00012616704516780217
eruption,0.00012616704516780217
mcfarland,0.00012616704516780217
netherlands,0.00025233409033560434
declares,0.00012616704516780217
pape,0.00012616704516780217
robert,0.0003785011355034065
surrendered,0.00012616704516780217
watt,0.00012616704516780217
lori,0.00012616704516780217
repatriation,0.00012616704516780217
reintegration,0.00012616704516780217
postwar,0.00012616704516780217
harvard,0.0003785011355034065
thomas,0.00025233409033560434
longman,0.00012616704516780217
coleman,0.00012616704516780217
joseph,0.00012616704516780217
coup,0.00012616704516780217
plot,0.00012616704516780217
bid,0.00025233409033560434
rearm,0.00012616704516780217
dead,0.0005046681806712087
link,0.0005046681806712087
scraps,0.00012616704516780217
zero,0.00025233409033560434
fackler,0.0003785011355034065
martin,0.0003785011355034065
drew,0.00012616704516780217
kevin,0.00012616704516780217
devastation,0.00012616704516780217
crashes,0.00025233409033560434
york,0.001514004542013626
ex,0.00012616704516780217
premier,0.00012616704516780217
chosen,0.00012616704516780217
govern,0.00012616704516780217
dean,0.00025233409033560434
meryll,0.00025233409033560434
cases,0.00025233409033560434
cavendish,0.00025233409033560434
kanamori,0.00012616704516780217
shigenari,0.00012616704516780217
pre,0.00025233409033560434
economics,0.00025233409033560434
declaration,0.00025233409033560434
cooperation,0.0003785011355034065
net,0.00012616704516780217
green,0.00012616704516780217
assertiveness,0.00012616704516780217
good,0.00012616704516780217
washington,0.00025233409033560434
clear,0.00012616704516780217
backs,0.00012616704516780217
unsc,0.00012616704516780217
chronicle,0.00012616704516780217
archived,0.0018925056775170325
original,0.0018925056775170325
schoenbaum,0.00012616704516780217
northeast,0.00012616704516780217
edward,0.00012616704516780217
elgar,0.00012616704516780217
chanlett,0.00012616704516780217
avery,0.00012616704516780217
emma,0.00012616704516780217
crs,0.00012616704516780217
congress,0.00012616704516780217
federation,0.00012616704516780217
scientists,0.00012616704516780217
stockholm,0.00012616704516780217
institute,0.0011355034065102195
says,0.00025233409033560434
herald,0.00012616704516780217
tribune,0.00012616704516780217
lobby,0.00012616704516780217
wants,0.00012616704516780217
weapon,0.00012616704516780217
eased,0.00012616704516780217
reuters,0.00025233409033560434
mccargo,0.0003785011355034065
duncan,0.0003785011355034065
macmillan,0.0005046681806712087
mabuchi,0.00012616704516780217
masaru,0.00012616704516780217
municipal,0.00012616704516780217
amalgamation,0.00012616704516780217
bank,0.00025233409033560434
facts,0.00012616704516780217
figures,0.00012616704516780217
classifications,0.00012616704516780217
division,0.00012616704516780217
department,0.0006308352258390108
barnes,0.00012616704516780217
gina,0.00012616704516780217
l,0.00012616704516780217
durham,0.00012616704516780217
tectonics,0.00012616704516780217
oregon,0.00012616704516780217
james,0.00025233409033560434
berkeley,0.00012616704516780217
usgs,0.00025233409033560434
gov,0.00025233409033560434
shakes,0.00012616704516780217
karan,0.00012616704516780217
pradyumna,0.00012616704516780217
prasad,0.00012616704516780217
gilbreath,0.00012616704516780217
dick,0.00012616704516780217
kentucky,0.00012616704516780217
jnto,0.00025233409033560434
gifu,0.00025233409033560434
sees,0.00025233409033560434
review,0.00025233409033560434
essential,0.00025233409033560434
diversity,0.00012616704516780217
uniqueness,0.00012616704516780217
embassy,0.00025233409033560434
usa,0.00025233409033560434
annotated,0.00012616704516780217
sekiyama,0.00012616704516780217
takeshi,0.00012616704516780217
yale,0.00012616704516780217
extra,0.00012616704516780217
emission,0.00012616704516780217
cuts,0.00025233409033560434
goal,0.00012616704516780217
sustainable,0.00012616704516780217
howe,0.00012616704516780217
christopher,0.00025233409033560434
supremacy,0.00012616704516780217
hurst,0.00012616704516780217
company,0.00025233409033560434
ryan,0.00012616704516780217
liam,0.00012616704516780217
unmasked,0.00012616704516780217
reality,0.00012616704516780217
masake,0.00012616704516780217
hisane,0.00012616704516780217
farewell,0.00012616704516780217
inman,0.00012616704516780217
confirmed,0.00012616704516780217
guardian,0.00012616704516780217
london,0.0005046681806712087
concerns,0.00012616704516780217
manufacturing,0.00025233409033560434
construction,0.00012616704516780217
handbook,0.0005046681806712087
background,0.00012616704516780217
note,0.00012616704516780217
tries,0.00012616704516780217
vehicle,0.00012616704516780217
oica,0.00012616704516780217
blustein,0.00012616704516780217
paul,0.00012616704516780217
passes,0.00012616704516780217
u,0.00025233409033560434
soars,0.00012616704516780217
economist,0.00025233409033560434
activist,0.00012616704516780217
shareholders,0.00012616704516780217
swarm,0.00012616704516780217
financial,0.00012616704516780217
mcdonald,0.00012616704516780217
joe,0.00012616704516780217
spend,0.00012616704516780217
businessweek,0.00012616704516780217
dr,0.00012616704516780217
kiyoshi,0.00012616704516780217
ito,0.00012616704516780217
robot,0.00012616704516780217
continues,0.00012616704516780217
commission,0.00012616704516780217
homepage,0.00012616704516780217
planet,0.00025233409033560434
isas,0.00025233409033560434
meteorology,0.00012616704516780217
astronautical,0.00025233409033560434
bepicolombo,0.00025233409033560434
mmo,0.00012616704516780217
moondaily,0.00012616704516780217
selected,0.00012616704516780217
nickname,0.00012616704516780217
successfully,0.00012616704516780217
launches,0.00025233409033560434
corporate,0.00025233409033560434
image,0.00012616704516780217
taking,0.00012616704516780217
earth,0.00012616704516780217
hdtv,0.00012616704516780217
hood,0.00012616704516780217
tsukimori,0.00012616704516780217
osamu,0.00012616704516780217
reactor,0.00012616704516780217
shuts,0.00012616704516780217
save,0.00012616704516780217
peak,0.00012616704516780217
pollack,0.00012616704516780217
andrew,0.00025233409033560434
database,0.00012616704516780217
subscription,0.00012616704516780217
required,0.00012616704516780217
diving,0.00012616704516780217
hitachi,0.00012616704516780217
approve,0.00012616704516780217
independent,0.00012616704516780217
traffic,0.00012616704516780217
nakagawa,0.00012616704516780217
matsunaka,0.00012616704516780217
ryoji,0.00012616704516780217
funding,0.00012616704516780217
elsevier,0.00012616704516780217
profile,0.0003785011355034065
pipe,0.00012616704516780217
dream,0.00012616704516780217
live,0.00012616704516780217
limbo,0.00012616704516780217
onishi,0.00012616704516780217
norimitsu,0.00012616704516780217
testing,0.00012616704516780217
insular,0.00025233409033560434
heartbreak,0.00012616704516780217
registered,0.00012616704516780217
foreigners,0.00012616704516780217
nationality,0.00012616704516780217
fogarty,0.00012616704516780217
philippa,0.00012616704516780217
recognition,0.00012616704516780217
invisible,0.00012616704516780217
mccormack,0.00012616704516780217
gavan,0.00012616704516780217
dilemmas,0.00012616704516780217
jpri,0.00012616704516780217
paper,0.00012616704516780217
immigrants,0.00012616704516780217
thanks,0.00012616704516780217
mass,0.00025233409033560434
aso,0.00012616704516780217
ogawa,0.00012616704516780217
naohiro,0.00012616704516780217
future,0.00025233409033560434
transcript,0.00012616704516780217
speech,0.00012616704516780217
delivered,0.00012616704516780217
drops,0.00012616704516780217
forecast,0.00012616704516780217
sakanaka,0.00012616704516780217
hidenori,0.00012616704516780217
director,0.00012616704516780217
message,0.00012616704516780217
howard,0.00012616704516780217
needs,0.00012616704516780217
resists,0.00012616704516780217
record,0.00012616704516780217
apply,0.00012616704516780217
refugee,0.0003785011355034065
presidential,0.00012616704516780217
memorandum,0.00012616704516780217
fiscal,0.00025233409033560434
admissions,0.00012616704516780217
numbers,0.00012616704516780217
authorizations,0.00012616704516780217
white,0.00012616704516780217
strom,0.00012616704516780217
stephanie,0.00012616704516780217
mired,0.00012616704516780217
soar,0.00012616704516780217
lewis,0.00012616704516780217
leo,0.00012616704516780217
gripped,0.00012616704516780217
consecutive,0.00012616704516780217
ozawa,0.00012616704516780217
silva,0.00012616704516780217
chikako,0.00012616704516780217
lonely,0.00012616704516780217
die,0.00012616704516780217
pacts,0.00012616704516780217
existential,0.00012616704516780217
suffering,0.00012616704516780217
cult,0.00012616704516780217
med,0.00012616704516780217
psychiatry,0.00012616704516780217
rights,0.00025233409033560434
kisala,0.00012616704516780217
wargo,0.00012616704516780217
logic,0.00012616704516780217
nothingness,0.00012616704516780217
nishida,0.00012616704516780217
kitar,0.00012616704516780217
hawaii,0.00025233409033560434
continuity,0.00012616704516780217
belknap,0.00025233409033560434
kato,0.00025233409033560434
mariko,0.00012616704516780217
christianity,0.00012616704516780217
margins,0.00012616704516780217
clarke,0.00025233409033560434
understanding,0.00012616704516780217
faiths,0.00012616704516780217
reader,0.00012616704516780217
digest,0.00025233409033560434
miyagawa,0.00012616704516780217
shigeru,0.00012616704516780217
massachusetts,0.00025233409033560434
heinrich,0.00012616704516780217
patrick,0.00012616704516780217
planning,0.00012616704516780217
lpol,0.00012616704516780217
fc,0.00012616704516780217
alive,0.00012616704516780217
ellington,0.00025233409033560434
lucien,0.00025233409033560434
indiana,0.00012616704516780217
rhetoric,0.00012616704516780217
questions,0.00012616704516780217
qs,0.00025233409033560434
rankings,0.00025233409033560434
topuniversities,0.00012616704516780217
pisa,0.00012616704516780217
shows,0.00012616704516780217
making,0.00025233409033560434
gains,0.00012616704516780217
learning,0.00025233409033560434
outcomes,0.00012616704516780217
rodwin,0.00012616704516780217
victor,0.00012616704516780217
tange,0.00012616704516780217
kenzo,0.00012616704516780217
kawazoe,0.00012616704516780217
noboru,0.00012616704516780217
kazuo,0.00025233409033560434
nishi,0.00012616704516780217
hozumi,0.00012616704516780217
kodansha,0.00025233409033560434
arrowsmith,0.00012616704516780217
rupert,0.00012616704516780217
richard,0.00012616704516780217
modernism,0.00012616704516780217
african,0.00012616704516780217
avant,0.00012616704516780217
garde,0.00012616704516780217
nmp,0.00012616704516780217
herman,0.00012616704516780217
leonard,0.00012616704516780217
horwitz,0.00012616704516780217
jer,0.00012616704516780217
kent,0.00012616704516780217
steve,0.00012616704516780217
miller,0.00012616704516780217
skyler,0.00012616704516780217
gamespot,0.00012616704516780217
malm,0.00012616704516780217
musical,0.00012616704516780217
olivier,0.00025233409033560434
messiaen,0.0003785011355034065
sept,0.00012616704516780217
ha,0.00012616704516780217
ka,0.00012616704516780217
vincent,0.00025233409033560434
perez,0.00012616704516780217
benitez,0.00012616704516780217
page,0.00025233409033560434
theologian,0.00012616704516780217
ashgate,0.00012616704516780217
shenton,0.00012616704516780217
campion,0.00012616704516780217
chris,0.00012616704516780217
observer,0.00012616704516780217
martinez,0.00012616704516780217
worlds,0.00012616704516780217
gender,0.00012616704516780217
shifting,0.00012616704516780217
boundaries,0.00012616704516780217
cultures,0.00012616704516780217
repr,0.00012616704516780217
keene,0.00025233409033560434
seeds,0.00012616704516780217
heart,0.00012616704516780217
columbia,0.00025233409033560434
gakuin,0.00012616704516780217
windows,0.00012616704516780217
antiquity,0.00012616704516780217
ages,0.00012616704516780217
past,0.00012616704516780217
michigan,0.00012616704516780217
royall,0.00012616704516780217
tyler,0.00012616704516780217
penguin,0.00012616704516780217
classics,0.00012616704516780217
xii,0.00012616704516780217
walls,0.00012616704516780217
forum,0.00025233409033560434
newsletter,0.00012616704516780217
pbs,0.00012616704516780217
daily,0.00012616704516780217
olympic,0.00025233409033560434
nagata,0.00012616704516780217
yoichi,0.00012616704516780217
holway,0.00012616704516780217
palmer,0.00012616704516780217
pete,0.00012616704516780217
viking,0.00012616704516780217
soccer,0.00012616704516780217
putting,0.00012616704516780217
roots,0.00012616704516780217
previous,0.00012616704516780217
cups,0.00012616704516780217
afc,0.00012616704516780217
confederation,0.00012616704516780217
edge,0.00012616704516780217
maiden,0.00012616704516780217
varcoe,0.00012616704516780217
fred,0.00012616704516780217
gets,0.00012616704516780217
metropolis,0.00025233409033560434
len,0.00012616704516780217
omnibus,0.00012616704516780217
hoop,0.00012616704516780217
dreams,0.00012616704516780217
jordan,0.0003785011355034065
consulate,0.00012616704516780217
flath,0.00012616704516780217
henshall,0.00012616704516780217
palgrave,0.00012616704516780217
iwabuchi,0.00012616704516780217
recentering,0.00012616704516780217
globalization,0.00012616704516780217
transnationalism,0.00012616704516780217
duke,0.00012616704516780217
yoshu,0.00012616704516780217
library,0.00025233409033560434
samuels,0.00012616704516780217
securing,0.00012616704516780217
grand,0.00012616704516780217
strategy,0.00012616704516780217
cornell,0.00012616704516780217
silverberg,0.00012616704516780217
erotic,0.00012616704516780217
grotesque,0.00012616704516780217
nonsense,0.00012616704516780217
sugimoto,0.00012616704516780217
varley,0.00012616704516780217
wikipedia,0.00012616704516780217
sister,0.00012616704516780217
definitions,0.00012616704516780217
translations,0.00012616704516780217
wiktionary,0.00012616704516780217
media,0.00025233409033560434
commons,0.00025233409033560434
wikiversity,0.00012616704516780217
stories,0.00012616704516780217
wikinews,0.00012616704516780217
textbooks,0.00012616704516780217
wikibooks,0.00012616704516780217
wikivoyage,0.00012616704516780217
kantei,0.00012616704516780217
kunaicho,0.00012616704516780217
tourism,0.00012616704516780217
tourist,0.00012616704516780217
organization,0.00012616704516780217
entry,0.00012616704516780217
ucb,0.00012616704516780217
libraries,0.00012616704516780217
govpubs,0.00012616704516780217
directory,0.00012616704516780217
project,0.00012616704516780217
key,0.00012616704516780217
forecasts,0.00012616704516780217
chronology,0.00012616704516780217
heisei,0.00012616704516780217
topic,0.00012616704516780217
addresses,0.00012616704516780217
districts,0.00012616704516780217
extreme,0.00012616704516780217
points,0.00012616704516780217
lakes,0.00012616704516780217
rivers,0.00012616704516780217
governance,0.00012616704516780217
elections,0.00012616704516780217
lgbt,0.00012616704516780217
judiciary,0.00012616704516780217
enforcement,0.00012616704516780217
parties,0.00012616704516780217
ministries,0.00012616704516780217
deputy,0.00012616704516780217
forestry,0.00012616704516780217
fishing,0.00012616704516780217
solar,0.00012616704516780217
telecommunications,0.00012616704516780217
etiquette,0.00012616704516780217
gambling,0.00012616704516780217
sexuality,0.00012616704516780217
smoking,0.00012616704516780217
woman,0.00012616704516780217
cartoon,0.00012616704516780217
comics,0.00012616704516780217
bonsai,0.00012616704516780217
miniature,0.00012616704516780217
trees,0.00012616704516780217
cinema,0.00012616704516780217
folktales,0.00012616704516780217
gardens,0.00012616704516780217
hostess,0.00012616704516780217
kawaii,0.00012616704516780217
cuteness,0.00012616704516780217
mythology,0.00012616704516780217
springs,0.00012616704516780217
sent,0.00012616704516780217
bath,0.00012616704516780217
theatre,0.00012616704516780217
category,0.00012616704516780217
wikiproject,0.00012616704516780217
geographic,0.00012616704516780217
locale,0.00012616704516780217
kant,0.00025233409033560434
nanp,0.00012616704516780217
hokuriku,0.00012616704516780217
shin,0.00025233409033560434
etsu,0.00025233409033560434
sanin,0.00012616704516780217
sany,0.00012616704516780217
aomori,0.00012616704516780217
iwate,0.00012616704516780217
akita,0.00012616704516780217
yamagata,0.00012616704516780217
ibaraki,0.00012616704516780217
tochigi,0.00012616704516780217
gunma,0.00012616704516780217
toyama,0.00012616704516780217
ishikawa,0.00012616704516780217
fukui,0.00012616704516780217
yamanashi,0.00012616704516780217
mie,0.00012616704516780217
shiga,0.00012616704516780217
wakayama,0.00012616704516780217
tottori,0.00012616704516780217
shimane,0.00012616704516780217
okayama,0.00012616704516780217
yamaguchi,0.00012616704516780217
tokushima,0.00012616704516780217
kagawa,0.00012616704516780217
ehime,0.00012616704516780217
chi,0.00012616704516780217
saga,0.00012616704516780217
ita,0.00012616704516780217
miyazaki,0.00012616704516780217
kagoshima,0.00012616704516780217
republic,0.0003785011355034065
mongolia,0.00012616704516780217
roc,0.00012616704516780217
macau,0.00012616704516780217
vietnam,0.00025233409033560434
russian,0.00012616704516780217
philippines,0.0003785011355034065
nato,0.00012616704516780217
afghanistan,0.00012616704516780217
argentina,0.00025233409033560434
bahrain,0.00025233409033560434
egypt,0.00012616704516780217
kuwait,0.00025233409033560434
morocco,0.00025233409033560434
zealand,0.0003785011355034065
pakistan,0.00012616704516780217
thailand,0.0003785011355034065
eas,0.00012616704516780217
seventh,0.00012616704516780217
brunei,0.00025233409033560434
burma,0.00012616704516780217
cambodia,0.00025233409033560434
laos,0.00012616704516780217
malaysia,0.00025233409033560434
harper,0.00012616704516780217
hollande,0.00012616704516780217
merkel,0.00012616704516780217
letta,0.00012616704516780217
putin,0.00012616704516780217
cameron,0.00012616704516780217
obama,0.00012616704516780217
rompuy,0.00012616704516780217
barroso,0.00012616704516780217
brazil,0.00012616704516780217
canada,0.00025233409033560434
italy,0.00012616704516780217
mexico,0.00012616704516780217
africa,0.00025233409033560434
turkey,0.00012616704516780217
trilateral,0.00012616704516780217
li,0.00012616704516780217
keqiang,0.00012616704516780217
geun,0.00012616704516780217
hye,0.00012616704516780217
wang,0.00012616704516780217
yi,0.00012616704516780217
fumio,0.00012616704516780217
kishida,0.00012616704516780217
yun,0.00012616704516780217
byung,0.00012616704516780217
se,0.00012616704516780217
monarchies,0.00012616704516780217
monarchs,0.00025233409033560434
constituent,0.00012616704516780217
americas,0.00012616704516780217
oceania,0.00012616704516780217
antigua,0.00012616704516780217
barbuda,0.00012616704516780217
andorra,0.00012616704516780217
bahamas,0.00012616704516780217
barbados,0.00012616704516780217
belize,0.00012616704516780217
belgium,0.00012616704516780217
bhutan,0.00012616704516780217
denmark,0.00012616704516780217
grenada,0.00012616704516780217
jamaica,0.00012616704516780217
liechtenstein,0.00012616704516780217
lesotho,0.00012616704516780217
luxembourg,0.00012616704516780217
monaco,0.00012616704516780217
norway,0.00012616704516780217
oman,0.00012616704516780217
papua,0.00012616704516780217
guinea,0.00012616704516780217
qatar,0.00012616704516780217
spain,0.00012616704516780217
saint,0.0003785011355034065
kitts,0.00012616704516780217
nevis,0.00012616704516780217
lucia,0.00012616704516780217
grenadines,0.00012616704516780217
solomon,0.00012616704516780217
swaziland,0.00012616704516780217
sweden,0.00012616704516780217
tonga,0.00012616704516780217
tuvalu,0.00012616704516780217
vatican,0.00012616704516780217
type,0.00012616704516780217
absolute,0.00012616704516780217
elective,0.00012616704516780217
hereditary,0.00012616704516780217
diarchy,0.00012616704516780217
federal,0.00012616704516780217
italics,0.00012616704516780217
indicate,0.00012616704516780217
commonwealth,0.00012616704516780217
realms,0.00012616704516780217
person,0.00012616704516780217
