uses,0.003105590062111801
rebel,0.006211180124223602
disambiguation,0.007763975155279502
rebellion,0.024844720496894408
revolution,0.004658385093167702
insurrection,0.009316770186335404
uprising,0.007763975155279502
redirect,0.0015527950310559005
fist,0.0015527950310559005
hope,0.0015527950310559005
mexican,0.0015527950310559005
artist,0.0015527950310559005
mauricio,0.0015527950310559005
garc,0.0015527950310559005
vega,0.0015527950310559005
refusal,0.0015527950310559005
obedience,0.0015527950310559005
order,0.0015527950310559005
seen,0.0015527950310559005
encompassing,0.0015527950310559005
range,0.003105590062111801
behaviors,0.0015527950310559005
aimed,0.003105590062111801
destroying,0.0015527950310559005
taking,0.0015527950310559005
position,0.0015527950310559005
established,0.006211180124223602
authority,0.006211180124223602
government,0.021739130434782608
governor,0.0015527950310559005
president,0.003105590062111801
political,0.007763975155279502
leader,0.0015527950310559005
person,0.0015527950310559005
charge,0.0015527950310559005
hand,0.003105590062111801
forms,0.0015527950310559005
behaviour,0.0015527950310559005
include,0.006211180124223602
non,0.006211180124223602
violent,0.006211180124223602
methods,0.003105590062111801
overlapping,0.0015527950310559005
quite,0.0015527950310559005
identical,0.0015527950310559005
phenomena,0.0015527950310559005
civil,0.018633540372670808
disobedience,0.006211180124223602
resistance,0.023291925465838508
nonviolent,0.006211180124223602
encompass,0.0015527950310559005
campaigns,0.003105590062111801
participate,0.0015527950310559005
rebellions,0.007763975155279502
especially,0.0015527950310559005
armed,0.007763975155279502
known,0.0015527950310559005
rebels,0.006211180124223602
history,0.006211180124223602
different,0.003105590062111801
groups,0.003105590062111801
opposed,0.0015527950310559005
governments,0.0015527950310559005
called,0.003105590062111801
peasant,0.003105590062111801
revolts,0.003105590062111801
erupted,0.0015527950310559005
southwestern,0.0015527950310559005
france,0.003105590062111801
united,0.007763975155279502
states,0.007763975155279502
term,0.004658385093167702
used,0.003105590062111801
continentals,0.0015527950310559005
british,0.0015527950310559005
revolutionary,0.0015527950310559005
war,0.023291925465838508
confederacy,0.0015527950310559005
union,0.003105590062111801
american,0.0015527950310559005
general,0.003105590062111801
sought,0.003105590062111801
establish,0.0015527950310559005
new,0.0015527950310559005
place,0.003105590062111801
example,0.003105590062111801
boxer,0.0015527950310559005
implement,0.0015527950310559005
stronger,0.0015527950310559005
china,0.0015527950310559005
weak,0.0015527950310559005
divided,0.0015527950310559005
time,0.0015527950310559005
jacobite,0.003105590062111801
risings,0.0015527950310559005
attempted,0.0015527950310559005
restore,0.0015527950310559005
deposed,0.0015527950310559005
stuart,0.0015527950310559005
kings,0.0015527950310559005
thrones,0.0015527950310559005
england,0.0015527950310559005
ireland,0.0015527950310559005
scotland,0.0015527950310559005
abolish,0.0015527950310559005
monarchy,0.0015527950310559005
completely,0.0015527950310559005
types,0.0015527950310559005
limited,0.003105590062111801
does,0.003105590062111801
recognize,0.003105590062111801
belligerents,0.003105590062111801
insurgents,0.0015527950310559005
revolt,0.010869565217391304
insurgency,0.0015527950310559005
larger,0.0015527950310559005
conflict,0.003105590062111801
recognised,0.003105590062111801
case,0.0015527950310559005
movements,0.004658385093167702
brought,0.0015527950310559005
fall,0.0015527950310559005
head,0.0015527950310559005
state,0.0015527950310559005
cases,0.004658385093167702
considered,0.0015527950310559005
form,0.0015527950310559005
examples,0.003105590062111801
people,0.0015527950310559005
power,0.004658385093167702
philippines,0.0015527950310559005
s,0.020186335403726708
ousted,0.0015527950310559005
marcos,0.0015527950310559005
mass,0.0015527950310559005
mobilization,0.0015527950310559005
authoritarian,0.0015527950310559005
rule,0.0015527950310559005
pinochet,0.0015527950310559005
chile,0.0015527950310559005
various,0.003105590062111801
contributing,0.0015527950310559005
revolutions,0.003105590062111801
eastern,0.0015527950310559005
europe,0.0015527950310559005
dissolution,0.0015527950310559005
soviet,0.0015527950310559005
serbia,0.0015527950310559005
georgia,0.0015527950310559005
ukraine,0.0015527950310559005
arab,0.0015527950310559005
spring,0.0015527950310559005
opposition,0.0015527950310559005
movement,0.004658385093167702
saw,0.0015527950310559005
upholding,0.0015527950310559005
country,0.0015527950310559005
constitutional,0.0015527950310559005
unlawful,0.0015527950310559005
refused,0.0015527950310559005
acknowledge,0.0015527950310559005
defeat,0.0015527950310559005
election,0.0015527950310559005
capture,0.0015527950310559005
element,0.0015527950310559005
acting,0.0015527950310559005
defender,0.0015527950310559005
legality,0.0015527950310559005
constitutionalism,0.0015527950310559005
number,0.0015527950310559005
terms,0.0015527950310559005
associated,0.0015527950310559005
positive,0.0015527950310559005
connotations,0.003105590062111801
pejorative,0.0015527950310559005
violence,0.0015527950310559005
paramilitary,0.0015527950310559005
force,0.0015527950310559005
mutiny,0.0015527950310559005
carried,0.007763975155279502
military,0.003105590062111801
security,0.0015527950310559005
forces,0.0015527950310559005
commanders,0.0015527950310559005
freedom,0.0015527950310559005
fighters,0.0015527950310559005
occupying,0.0015527950310559005
foreign,0.0015527950310559005
localized,0.0015527950310559005
radicals,0.0015527950310559005
usually,0.0015527950310559005
meant,0.0015527950310559005
overthrow,0.0015527950310559005
current,0.0015527950310559005
subversion,0.0015527950310559005
overt,0.0015527950310559005
attempts,0.0015527950310559005
sabotaging,0.0015527950310559005
spies,0.0015527950310559005
subversives,0.0015527950310559005
terrorism,0.0015527950310559005
kinds,0.0015527950310559005
economic,0.0015527950310559005
religious,0.0015527950310559005
militant,0.0015527950310559005
individuals,0.0015527950310559005
references,0.0015527950310559005
lalor,0.0015527950310559005
john,0.0015527950310559005
joseph,0.0015527950310559005
cyclop,0.0015527950310559005
dia,0.0015527950310559005
science,0.0015527950310559005
economy,0.003105590062111801
rand,0.0015527950310559005
mcnally,0.0015527950310559005
p,0.0015527950310559005
social,0.003105590062111801
origins,0.0015527950310559005
early,0.0015527950310559005
modern,0.0015527950310559005
journal,0.0015527950310559005
oxford,0.007763975155279502
english,0.003105590062111801
dictionary,0.003105590062111801
nd,0.003105590062111801
edition,0.003105590062111801
action,0.006211180124223602
rising,0.003105590062111801
arms,0.0015527950310559005
open,0.0015527950310559005
governmental,0.0015527950310559005
restraint,0.0015527950310559005
pl,0.0015527950310559005
instance,0.0015527950310559005
incipient,0.0015527950310559005
insurgent,0.0015527950310559005
rises,0.0015527950310559005
constituted,0.0015527950310559005
recognized,0.0015527950310559005
belligerent,0.0015527950310559005
hall,0.0015527950310559005
kermit,0.0015527950310559005
l,0.0015527950310559005
guide,0.0015527950310559005
supreme,0.003105590062111801
court,0.003105590062111801
decisions,0.0015527950310559005
university,0.003105590062111801
press,0.003105590062111801
isbn,0.003105590062111801
pp,0.0015527950310559005
supporting,0.0015527950310559005
lincoln,0.0015527950310559005
issue,0.0015527950310559005
upheld,0.0015527950310559005
theory,0.0015527950310559005
suppressed,0.0015527950310559005
according,0.0015527950310559005
rules,0.0015527950310559005
way,0.0015527950310559005
able,0.0015527950310559005
fight,0.0015527950310559005
international,0.0015527950310559005
actually,0.0015527950310559005
having,0.0015527950310559005
jure,0.0015527950310559005
existence,0.0015527950310559005
confederate,0.0015527950310559005
chapters,0.0015527950310559005
specialists,0.0015527950310559005
cited,0.0015527950310559005
adam,0.0015527950310559005
roberts,0.0015527950310559005
needed,0.0015527950310559005
timothy,0.0015527950310559005
garton,0.0015527950310559005
ash,0.0015527950310559005
eds,0.0015527950310559005
politics,0.0015527950310559005
experience,0.0015527950310559005
gandhi,0.0015527950310559005
present,0.0015527950310559005
v,0.0015527950310559005
t,0.003105590062111801
e,0.003105590062111801
tax,0.02795031055900621
topics,0.003105590062111801
conscientious,0.003105590062111801
objection,0.0015527950310559005
taxation,0.006211180124223602
list,0.0015527950310559005
resisters,0.0015527950310559005
barter,0.0015527950310559005
gift,0.0015527950310559005
local,0.0015527950310559005
currency,0.0015527950310559005
self,0.0015527950310559005
sufficiency,0.0015527950310559005
simple,0.0015527950310559005
living,0.0015527950310559005
avoidance,0.0015527950310559005
evasion,0.0015527950310559005
unreported,0.0015527950310559005
employment,0.0015527950310559005
organizations,0.0015527950310559005
addiopizzo,0.0015527950310559005
aide,0.0015527950310559005
toi,0.0015527950310559005
le,0.0015527950310559005
ciel,0.0015527950310559005
aidera,0.0015527950310559005
britain,0.0015527950310559005
anti,0.003105590062111801
poll,0.004658385093167702
federation,0.0015527950310559005
unions,0.0015527950310559005
association,0.0015527950310559005
real,0.0015527950310559005
estate,0.0015527950310559005
taxpayers,0.0015527950310559005
committee,0.003105590062111801
irish,0.0015527950310559005
national,0.004658385093167702
land,0.0015527950310559005
league,0.003105590062111801
campaign,0.0015527950310559005
peace,0.0015527950310559005
fund,0.0015527950310559005
coordinating,0.0015527950310559005
northern,0.0015527950310559005
california,0.0015527950310559005
pagal,0.0015527950310559005
panthis,0.0015527950310559005
peacemakers,0.0015527950310559005
women,0.003105590062111801
media,0.0015527950310559005
act,0.0015527950310559005
conscience,0.0015527950310559005
clericis,0.0015527950310559005
laicos,0.0015527950310559005
cold,0.0015527950310559005
income,0.003105590062111801
protest,0.0015527950310559005
vyborg,0.0015527950310559005
manifesto,0.0015527950310559005
peasants,0.0015527950310559005
rappenkrieg,0.0015527950310559005
va,0.0015527950310559005
nu,0.0015527950310559005
pieds,0.0015527950310559005
papier,0.0015527950310559005
timbr,0.0015527950310559005
representation,0.0015527950310559005
boston,0.0015527950310559005
tea,0.0015527950310559005
party,0.0015527950310559005
regulation,0.0015527950310559005
gasp,0.0015527950310559005
affair,0.0015527950310559005
whiskey,0.0015527950310559005
white,0.0015527950310559005
lotus,0.0015527950310559005
fries,0.0015527950310559005
tithe,0.0015527950310559005
rebecca,0.0015527950310559005
riots,0.003105590062111801
hut,0.0015527950310559005
dog,0.0015527950310559005
bambatha,0.0015527950310559005
bardoli,0.0015527950310559005
satyagraha,0.003105590062111801
champaran,0.0015527950310559005
kheda,0.0015527950310559005
poplar,0.0015527950310559005
rates,0.0015527950310559005
mau,0.0015527950310559005
igbo,0.0015527950310559005
salt,0.0015527950310559005
march,0.0015527950310559005
beit,0.0015527950310559005
sahour,0.0015527950310559005
greek,0.0015527950310559005
protests,0.0015527950310559005
related,0.0015527950310559005
objector,0.0015527950310559005
direct,0.0015527950310559005
threshold,0.0015527950310559005
render,0.0015527950310559005
unto,0.0015527950310559005
caesar,0.0015527950310559005
noncompliance,0.0015527950310559005
protester,0.0015527950310559005
slavery,0.0015527950310559005
theft,0.0015527950310559005
