article,0.003716409376786735
modern,0.0015723270440251573
state,0.003716409376786735
syria,0.04030874785591767
uses,0.0001429388221841052
disambiguation,0.0001429388221841052
syrian,0.01486563750714694
arab,0.008719268153230417
republic,0.0025728987993138934
al,0.008862206975414523
jumhuryah,0.0001429388221841052
arabia,0.0012864493996569467
suriah,0.0001429388221841052
flag,0.0004288164665523156
coat,0.0002858776443682104
arms,0.0004288164665523156
anthem,0.0002858776443682104
homat,0.0001429388221841052
el,0.0004288164665523156
diyarguardians,0.0001429388221841052
land,0.0002858776443682104
capital,0.0010005717552887365
damascus,0.004288164665523156
n,0.0012864493996569467
e,0.0025728987993138934
largest,0.0012864493996569467
city,0.0017152658662092624
aleppo,0.0032875929102344197
official,0.000714694110920526
languages,0.0008576329331046312
arabic,0.002144082332761578
government,0.005002858776443682
dominant,0.0002858776443682104
party,0.002001143510577473
unitarysemi,0.0001429388221841052
presidential,0.0002858776443682104
president,0.003716409376786735
bashar,0.0011435105774728416
assad,0.0032875929102344197
prime,0.0008576329331046312
minister,0.0008576329331046312
wael,0.0001429388221841052
nader,0.0001429388221841052
halqi,0.0001429388221841052
speaker,0.0001429388221841052
people,0.0024299599771297883
s,0.0110062893081761
council,0.0017152658662092624
mohammad,0.0002858776443682104
jihad,0.0002858776443682104
laham,0.0001429388221841052
legislature,0.0005717552887364208
establishment,0.0004288164665523156
independence,0.0012864493996569467
ottoman,0.0017152658662092624
empire,0.0017152658662092624
september,0.0018582046883933675
france,0.0017152658662092624
april,0.0024299599771297883
secession,0.0001429388221841052
theunited,0.0001429388221841052
area,0.0005717552887364208
total,0.0010005717552887365
km,0.000714694110920526
th,0.002001143510577473
sq,0.0002858776443682104
mi,0.0002858776443682104
water,0.0005717552887364208
population,0.0024299599771297883
july,0.0012864493996569467
estimate,0.0004288164665523156
rd,0.0002858776443682104
density,0.0002858776443682104
st,0.0002858776443682104
gdp,0.0010005717552887365
ppp,0.0001429388221841052
billion,0.0008576329331046312
capita,0.0004288164665523156
nominal,0.0001429388221841052
gini,0.0002858776443682104
medium,0.0002858776443682104
hdi,0.0001429388221841052
currency,0.0004288164665523156
pound,0.0004288164665523156
syp,0.0001429388221841052
time,0.0015723270440251573
zone,0.0004288164665523156
eet,0.0001429388221841052
utc,0.0002858776443682104
summer,0.0001429388221841052
dst,0.0001429388221841052
eest,0.0001429388221841052
drives,0.0001429388221841052
right,0.000714694110920526
calling,0.0001429388221841052
code,0.0005717552887364208
b,0.004145225843339051
iso,0.0001429388221841052
sy,0.0002858776443682104
internet,0.0001429388221841052
tld,0.0001429388221841052
language,0.0015723270440251573
spoken,0.0008576329331046312
varieties,0.0001429388221841052
north,0.001429388221841052
mesopotamian,0.0002858776443682104
kurmanji,0.0004288164665523156
kurdish,0.0011435105774728416
armenian,0.0011435105774728416
aramaic,0.0010005717552887365
circassian,0.0001429388221841052
turkish,0.0011435105774728416
russian,0.0001429388221841052
lebanon,0.004288164665523156
ri,0.0001429388221841052
listen,0.0001429388221841052
sirr,0.0001429388221841052
ee,0.0001429388221841052
ala,0.0001429388221841052
lc,0.0001429388221841052
riy,0.0001429388221841052
r,0.0004288164665523156
yah,0.0001429388221841052
syriac,0.0005717552887364208
officially,0.0001429388221841052
country,0.004002287021154946
western,0.0008576329331046312
asia,0.0008576329331046312
bordering,0.0005717552887364208
mediterranean,0.0017152658662092624
sea,0.0010005717552887365
west,0.0004288164665523156
turkey,0.002715837621497999
iraq,0.0031446540880503146
east,0.0031446540880503146
jordan,0.002144082332761578
south,0.001429388221841052
israel,0.0038593481989708405
southwest,0.0005717552887364208
fertile,0.0005717552887364208
plains,0.0001429388221841052
high,0.0010005717552887365
mountains,0.0004288164665523156
deserts,0.0001429388221841052
home,0.0005717552887364208
diverse,0.0001429388221841052
ethnic,0.0005717552887364208
religious,0.0010005717552887365
groups,0.0008576329331046312
including,0.0012864493996569467
kurds,0.0010005717552887365
armenians,0.0002858776443682104
assyrians,0.000714694110920526
turks,0.0005717552887364208
christians,0.0002858776443682104
druze,0.0008576329331046312
alawite,0.0004288164665523156
shias,0.0001429388221841052
sunnis,0.0001429388221841052
make,0.0008576329331046312
majority,0.0011435105774728416
english,0.0004288164665523156
synonymous,0.0001429388221841052
levant,0.0002858776443682104
known,0.0017152658662092624
sham,0.0002858776443682104
encompasses,0.0002858776443682104
sites,0.0001429388221841052
ancient,0.0012864493996569467
kingdoms,0.0001429388221841052
empires,0.0002858776443682104
eblan,0.0002858776443682104
civilization,0.000714694110920526
millennium,0.0004288164665523156
bc,0.0012864493996569467
islamic,0.0018582046883933675
era,0.0002858776443682104
oldest,0.0002858776443682104
continuously,0.0001429388221841052
inhabited,0.0001429388221841052
world,0.004859919954259577
seat,0.000714694110920526
umayyad,0.0008576329331046312
caliphate,0.0005717552887364208
provincial,0.0004288164665523156
mamluk,0.0005717552887364208
sultanate,0.0002858776443682104
egypt,0.0031446540880503146
established,0.0004288164665523156
war,0.005574614065180103
french,0.0024299599771297883
mandate,0.0011435105774728416
represented,0.0004288164665523156
emerge,0.0001429388221841052
ruled,0.0002858776443682104
gained,0.0001429388221841052
parliamentary,0.0004288164665523156
post,0.0005717552887364208
period,0.0011435105774728416
tumultuous,0.0001429388221841052
large,0.0004288164665523156
number,0.0015723270440251573
military,0.00357347055460263
coups,0.0001429388221841052
coup,0.0011435105774728416
attempts,0.0001429388221841052
shook,0.0001429388221841052
entered,0.0002858776443682104
brief,0.0002858776443682104
union,0.001429388221841052
terminated,0.0001429388221841052
emergency,0.000714694110920526
law,0.0012864493996569467
effectively,0.0004288164665523156
suspending,0.0002858776443682104
constitutional,0.0008576329331046312
protections,0.0002858776443682104
citizens,0.0004288164665523156
considered,0.0004288164665523156
non,0.000714694110920526
democratic,0.0001429388221841052
preceded,0.0001429388221841052
father,0.0001429388221841052
hafez,0.000714694110920526
office,0.0001429388221841052
member,0.000714694110920526
international,0.0032875929102344197
organization,0.0004288164665523156
united,0.003430531732418525
nations,0.0017152658662092624
aligned,0.0004288164665523156
movement,0.0011435105774728416
currently,0.0002858776443682104
suspended,0.0008576329331046312
league,0.002144082332761578
organisation,0.0005717552887364208
cooperation,0.000714694110920526
self,0.0002858776443682104
march,0.002144082332761578
embroiled,0.0001429388221841052
civil,0.0024299599771297883
wake,0.0002858776443682104
uprisings,0.0001429388221841052
extension,0.0002858776443682104
spring,0.000714694110920526
mass,0.0002858776443682104
revolutions,0.0004288164665523156
protests,0.0002858776443682104
neo,0.0004288164665523156
ba,0.002287021154945683
athist,0.0005717552887364208
alternative,0.0002858776443682104
formed,0.0004288164665523156
opposition,0.0017152658662092624
umbrella,0.0002858776443682104
group,0.000714694110920526
national,0.0024299599771297883
coalition,0.0018582046883933675
representatives,0.0002858776443682104
subsequently,0.0001429388221841052
invited,0.0002858776443682104
recognised,0.0002858776443682104
sole,0.0002858776443682104
representative,0.0002858776443682104
states,0.002287021154945683
kingdom,0.0008576329331046312
contents,0.0001429388221841052
etymology,0.0004288164665523156
history,0.0025728987993138934
antiquity,0.0002858776443682104
christian,0.0012864493996569467
geography,0.0011435105774728416
politics,0.0012864493996569467
human,0.0015723270440251573
rights,0.002001143510577473
foreign,0.0018582046883933675
relations,0.0017152658662092624
administrative,0.0004288164665523156
divisions,0.0002858776443682104
economy,0.002001143510577473
petroleum,0.0005717552887364208
industry,0.0004288164665523156
transport,0.0005717552887364208
demographics,0.0005717552887364208
religion,0.0008576329331046312
cities,0.0011435105774728416
culture,0.0011435105774728416
arts,0.0004288164665523156
popular,0.0011435105774728416
sports,0.0004288164665523156
cuisine,0.0010005717552887365
education,0.0018582046883933675
health,0.000714694110920526
references,0.0004288164665523156
reading,0.0002858776443682104
external,0.0002858776443682104
links,0.0004288164665523156
main,0.0038593481989708405
derived,0.0004288164665523156
greek,0.0008576329331046312
syrians,0.0012864493996569467
rioi,0.0001429388221841052
roi,0.0001429388221841052
greeks,0.0002858776443682104
applied,0.0002858776443682104
distinction,0.0002858776443682104
scholars,0.0002858776443682104
argued,0.0001429388221841052
word,0.0005717552887364208
related,0.000714694110920526
cognate,0.0001429388221841052
assyria,0.0004288164665523156
ultimately,0.0001429388221841052
akkadian,0.0002858776443682104
ur,0.0001429388221841052
believed,0.0001429388221841052
siryon,0.0001429388221841052
sidonians,0.0001429388221841052
gave,0.0001429388221841052
mount,0.0001429388221841052
hermon,0.0002858776443682104
discovery,0.0004288164665523156
inek,0.0001429388221841052
y,0.0001429388221841052
inscription,0.0001429388221841052
support,0.0001429388221841052
theory,0.0001429388221841052
term,0.0001429388221841052
derives,0.0001429388221841052
designated,0.0004288164665523156
changed,0.0004288164665523156
classically,0.0001429388221841052
lies,0.0004288164665523156
eastern,0.0010005717552887365
end,0.0004288164665523156
minor,0.0001429388221841052
stretching,0.0001429388221841052
inland,0.0002858776443682104
include,0.0010005717552887365
parts,0.0002858776443682104
having,0.0002858776443682104
uncertain,0.0001429388221841052
border,0.0005717552887364208
northeast,0.0010005717552887365
pliny,0.0004288164665523156
elder,0.0001429388221841052
describes,0.0001429388221841052
commagene,0.0001429388221841052
sophene,0.0001429388221841052
adiabene,0.0001429388221841052
larger,0.0001429388221841052
divided,0.000714694110920526
provinces,0.0002858776443682104
roman,0.0011435105774728416
politically,0.0001429388221841052
independent,0.000714694110920526
judaea,0.0001429388221841052
later,0.0011435105774728416
renamed,0.0001429388221841052
palaestina,0.0002858776443682104
ad,0.000714694110920526
region,0.0011435105774728416
corresponding,0.0002858776443682104
day,0.0005717552887364208
palestinian,0.000714694110920526
territories,0.0008576329331046312
extreme,0.0002858776443682104
phoenicia,0.0002858776443682104
damascena,0.0001429388221841052
coele,0.0001429388221841052
hollow,0.0001429388221841052
eleutheris,0.0001429388221841052
river,0.0004288164665523156
female,0.0002858776443682104
figurine,0.0001429388221841052
orient,0.0001429388221841052
museum,0.0001429388221841052
approximately,0.0008576329331046312
centers,0.0001429388221841052
neolithic,0.0008576329331046312
pre,0.0002858776443682104
pottery,0.0002858776443682104
agriculture,0.0008576329331046312
cattle,0.0001429388221841052
breeding,0.0001429388221841052
appeared,0.0001429388221841052
following,0.0004288164665523156
ppnb,0.0001429388221841052
rectangular,0.0001429388221841052
houses,0.0001429388221841052
mureybet,0.0001429388221841052
used,0.0008576329331046312
vessels,0.0001429388221841052
stone,0.0001429388221841052
gyps,0.0001429388221841052
burnt,0.0001429388221841052
lime,0.0001429388221841052
vaiselles,0.0001429388221841052
blanches,0.0001429388221841052
finds,0.0001429388221841052
obsidian,0.0001429388221841052
tools,0.0001429388221841052
anatolia,0.0002858776443682104
evidences,0.0001429388221841052
early,0.0010005717552887365
trade,0.000714694110920526
hamoukar,0.0001429388221841052
emar,0.0001429388221841052
played,0.0002858776443682104
important,0.0010005717552887365
role,0.0004288164665523156
late,0.0005717552887364208
bronze,0.0001429388221841052
age,0.0002858776443682104
archaeologists,0.0001429388221841052
demonstrated,0.0001429388221841052
earth,0.0001429388221841052
excavated,0.0001429388221841052
ebla,0.0005717552887364208
near,0.0008576329331046312
idlib,0.0005717552887364208
northern,0.0011435105774728416
great,0.0005717552887364208
semitic,0.0008576329331046312
spread,0.0002858776443682104
red,0.0001429388221841052
appears,0.0001429388221841052
founded,0.0002858776443682104
gradually,0.0002858776443682104
built,0.0004288164665523156
sumer,0.0001429388221841052
akkad,0.0002858776443682104
peoples,0.0005717552887364208
northwest,0.0004288164665523156
gifts,0.0001429388221841052
pharaohs,0.0001429388221841052
excavations,0.0001429388221841052
confirm,0.0001429388221841052
contact,0.0001429388221841052
believe,0.0001429388221841052
written,0.0002858776443682104
paleo,0.0001429388221841052
canaanite,0.0001429388221841052
recent,0.0001429388221841052
classifications,0.0001429388221841052
eblaite,0.0001429388221841052
shown,0.0001429388221841052
closely,0.0002858776443682104
likely,0.0001429388221841052
conquered,0.0004288164665523156
sargon,0.0001429388221841052
restored,0.0002858776443682104
nation,0.0001429388221841052
amorites,0.0001429388221841052
centuries,0.0004288164665523156
flourished,0.0001429388221841052
second,0.0010005717552887365
hittites,0.0002858776443682104
province,0.000714694110920526
palmyra,0.0001429388221841052
occupied,0.0005717552887364208
successively,0.0001429388221841052
canaanites,0.0001429388221841052
phoenicians,0.0004288164665523156
arameans,0.0001429388221841052
general,0.0005717552887364208
disruptions,0.0001429388221841052
exchanges,0.0001429388221841052
associated,0.0004288164665523156
settled,0.0001429388221841052
coast,0.0002858776443682104
canaan,0.0001429388221841052
egyptians,0.0001429388221841052
sumerians,0.0001429388221841052
babylonians,0.0001429388221841052
variously,0.0001429388221841052
strategic,0.0001429388221841052
ground,0.0002858776443682104
various,0.0005717552887364208
marsh,0.0001429388221841052
eventually,0.0005717552887364208
persians,0.0001429388221841052
took,0.0004288164665523156
hegemony,0.0001429388221841052
dominion,0.0001429388221841052
transferred,0.0001429388221841052
macedonians,0.0001429388221841052
alexander,0.0002858776443682104
conquests,0.0002858776443682104
seleucid,0.0001429388221841052
pompey,0.0001429388221841052
captured,0.0002858776443682104
antioch,0.000714694110920526
turning,0.0001429388221841052
control,0.0004288164665523156
passed,0.0002858776443682104
romans,0.0001429388221841052
byzantines,0.0001429388221841052
heyday,0.0001429388221841052
probably,0.0001429388221841052
exceeded,0.0001429388221841052
century,0.0011435105774728416
prosperous,0.0001429388221841052
particularly,0.0001429388221841052
nd,0.0001429388221841052
emperor,0.000714694110920526
severus,0.0001429388221841052
cousin,0.0001429388221841052
elagabalus,0.0001429388221841052
family,0.000714694110920526
held,0.0004288164665523156
hereditary,0.0001429388221841052
priesthood,0.0001429388221841052
sun,0.0002858776443682104
god,0.0002858776443682104
gabal,0.0001429388221841052
emesa,0.0001429388221841052
homs,0.0012864493996569467
philip,0.0001429388221841052
marcus,0.0001429388221841052
julius,0.0001429388221841052
philippus,0.0001429388221841052
significant,0.000714694110920526
christianity,0.0001429388221841052
saulus,0.0001429388221841052
tarsus,0.0001429388221841052
better,0.0001429388221841052
apostle,0.0002858776443682104
paul,0.0004288164665523156
converted,0.0001429388221841052
road,0.0001429388221841052
emerged,0.0001429388221841052
figure,0.0002858776443682104
church,0.000714694110920526
left,0.0002858776443682104
missionary,0.0001429388221841052
journeys,0.0001429388221841052
acts,0.0001429388221841052
articles,0.0008576329331046312
abbasid,0.0004288164665523156
ayyubid,0.0001429388221841052
dynasty,0.0008576329331046312
zengid,0.0001429388221841052
hamdanid,0.0001429388221841052
fresco,0.0001429388221841052
qasr,0.0001429388221841052
hayr,0.0001429388221841052
gharb,0.0001429388221841052
rashidun,0.0001429388221841052
army,0.0012864493996569467
led,0.0011435105774728416
khalid,0.0001429388221841052
ibn,0.0001429388221841052
walid,0.0001429388221841052
mid,0.0005717552887364208
rulers,0.0001429388221841052
placed,0.0002858776443682104
power,0.0008576329331046312
dramatically,0.0004288164665523156
declined,0.0002858776443682104
rule,0.000714694110920526
mainly,0.0004288164665523156
totalitarianism,0.0001429388221841052
corruption,0.0001429388221841052
resulting,0.0001429388221841052
oppressed,0.0001429388221841052
overthrown,0.0002858776443682104
moved,0.0001429388221841052
baghdad,0.0001429388221841052
replacing,0.0001429388221841052
based,0.0004288164665523156
tulunids,0.0001429388221841052
annexed,0.0002858776443682104
abbasids,0.0001429388221841052
replaced,0.0001429388221841052
ikhshidids,0.0001429388221841052
hamdanids,0.0001429388221841052
originating,0.0001429388221841052
sayf,0.0001429388221841052
dawla,0.0001429388221841052
battle,0.0011435105774728416
wadi,0.0001429388221841052
khazandar,0.0001429388221841052
mongols,0.0008576329331046312
ghazan,0.0001429388221841052
defeated,0.0004288164665523156
mamluks,0.0004288164665523156
sections,0.0001429388221841052
coastline,0.0001429388221841052
briefly,0.0001429388221841052
frankish,0.0001429388221841052
overlords,0.0001429388221841052
crusades,0.0001429388221841052
collectively,0.0001429388221841052
crusader,0.0001429388221841052
principality,0.0001429388221841052
threatened,0.0001429388221841052
shi,0.0001429388221841052
extremists,0.0001429388221841052
assassins,0.0001429388221841052
hassassin,0.0001429388221841052
fell,0.0001429388221841052
hulegu,0.0002858776443682104
january,0.0011435105774728416
needed,0.0004288164665523156
break,0.0001429388221841052
attack,0.0004288164665523156
return,0.0004288164665523156
china,0.000714694110920526
deal,0.0004288164665523156
succession,0.0001429388221841052
dispute,0.0001429388221841052
months,0.0005717552887364208
arrived,0.0001429388221841052
ain,0.0001429388221841052
jalut,0.0001429388221841052
galilee,0.0001429388221841052
leader,0.0004288164665523156
baibars,0.0001429388221841052
died,0.0002858776443682104
taken,0.0001429388221841052
qalawun,0.0004288164665523156
meantime,0.0001429388221841052
emir,0.0001429388221841052
named,0.0001429388221841052
sunqur,0.0001429388221841052
ashqar,0.0004288164665523156
tried,0.0001429388221841052
declare,0.0004288164665523156
ruler,0.0002858776443682104
june,0.0015723270440251573
fled,0.0002858776443682104
married,0.0001429388221841052
mongol,0.0002858776443682104
woman,0.0001429388221841052
appealed,0.0001429388221841052
help,0.000714694110920526
ilkhanate,0.0001429388221841052
persuaded,0.0001429388221841052
join,0.0001429388221841052
fought,0.0002858776443682104
october,0.0031446540880503146
won,0.0002858776443682104
timur,0.0001429388221841052
lenk,0.0001429388221841052
invaded,0.0002858776443682104
sacked,0.0001429388221841052
defeating,0.0001429388221841052
inhabitants,0.0002858776443682104
massacred,0.0004288164665523156
artisans,0.0001429388221841052
deported,0.0001429388221841052
samarkand,0.0001429388221841052
route,0.0002858776443682104
europe,0.0001429388221841052
far,0.0001429388221841052
ended,0.0005717552887364208
need,0.0001429388221841052
overland,0.0001429388221841052
section,0.000714694110920526
requires,0.0005717552887364208
expansion,0.0005717552887364208
december,0.0008576329331046312
women,0.0002858776443682104
conquering,0.0001429388221841052
incorporating,0.0001429388221841052
burdensome,0.0001429388221841052
respected,0.0001429388221841052
koran,0.0001429388221841052
accepted,0.0001429388221841052
mantle,0.0001429388221841052
defenders,0.0001429388221841052
faith,0.0002858776443682104
major,0.0004288164665523156
entrepot,0.0001429388221841052
mecca,0.0002858776443682104
acquired,0.0001429388221841052
holy,0.0001429388221841052
character,0.0001429388221841052
muslims,0.0004288164665523156
baraka,0.0001429388221841052
spiritual,0.0001429388221841052
force,0.0005717552887364208
blessing,0.0001429388221841052
countless,0.0001429388221841052
pilgrims,0.0001429388221841052
hajj,0.0001429388221841052
pilgrimage,0.0001429388221841052
administration,0.0002858776443682104
followed,0.0005717552887364208
unique,0.0001429388221841052
lead,0.0001429388221841052
peaceful,0.0004288164665523156
coexistence,0.0001429388221841052
minority,0.0002858776443682104
shia,0.0002858776443682104
muslim,0.0005717552887364208
orthodox,0.000714694110920526
maronite,0.0002858776443682104
jewish,0.0001429388221841052
constituted,0.0002858776443682104
millet,0.0001429388221841052
heads,0.0001429388221841052
community,0.0002858776443682104
administered,0.0001429388221841052
personal,0.000714694110920526
status,0.0005717552887364208
performed,0.0001429388221841052
certain,0.0001429388221841052
functions,0.0001429388221841052
midst,0.0001429388221841052
allied,0.0001429388221841052
diplomats,0.0001429388221841052
frenchman,0.0001429388221841052
fran,0.0001429388221841052
ois,0.0001429388221841052
georges,0.0001429388221841052
picot,0.0002858776443682104
briton,0.0001429388221841052
mark,0.0002858776443682104
sykes,0.0002858776443682104
secretly,0.0001429388221841052
agreed,0.0001429388221841052
division,0.0001429388221841052
respective,0.0001429388221841052
zones,0.0001429388221841052
influence,0.000714694110920526
agreement,0.0001429388221841052
initially,0.0001429388221841052
separated,0.0001429388221841052
ran,0.0002858776443682104
straight,0.0001429388221841052
line,0.0002858776443682104
iran,0.0011435105774728416
oil,0.003001715265866209
mosul,0.0002858776443682104
just,0.0005717552887364208
negotiation,0.0001429388221841052
cede,0.0001429388221841052
british,0.0005717552887364208
citation,0.0001429388221841052
recognized,0.0001429388221841052
internationally,0.0001429388221841052
date,0.0001429388221841052
inauguration,0.0001429388221841052
hashim,0.0002858776443682104
atassi,0.0004288164665523156
short,0.0001429388221841052
lived,0.0004288164665523156
faisal,0.0001429388221841052
hashemite,0.0001429388221841052
maysalun,0.0001429388221841052
troops,0.0008576329331046312
year,0.0015723270440251573
san,0.0001429388221841052
remo,0.0001429388221841052
conference,0.0002858776443682104
proposed,0.0002858776443682104
sultan,0.0002858776443682104
atrash,0.0005717552887364208
revolt,0.0001429388221841052
broke,0.0001429388221841052
mountain,0.0001429388221841052
engulf,0.0001429388221841052
battles,0.0002858776443682104
notably,0.0004288164665523156
kafr,0.0001429388221841052
mazraa,0.0001429388221841052
august,0.0011435105774728416
salkhad,0.0001429388221841052
musayfirah,0.0001429388221841052
suwayda,0.0004288164665523156
sent,0.0002858776443682104
thousands,0.0005717552887364208
morocco,0.0011435105774728416
senegal,0.0004288164665523156
leading,0.000714694110920526
regain,0.0001429388221841052
resistance,0.0001429388221841052
lasted,0.0001429388221841052
sentenced,0.0001429388221841052
death,0.0005717552887364208
escaped,0.0001429388221841052
rebels,0.0005717552887364208
transjordan,0.0001429388221841052
pardoned,0.0001429388221841052
returned,0.0001429388221841052
signing,0.0001429388221841052
treaty,0.0004288164665523156
negotiated,0.0001429388221841052
elected,0.0005717552887364208
incarnation,0.0001429388221841052
came,0.0002858776443682104
refused,0.0001429388221841052
ratify,0.0001429388221841052
fall,0.0002858776443682104
ii,0.0002858776443682104
vichy,0.0001429388221841052
free,0.0005717552887364208
campaign,0.0002858776443682104
continuing,0.0002858776443682104
pressure,0.0004288164665523156
nationalists,0.0001429388221841052
forced,0.0001429388221841052
evacuate,0.0001429388221841052
leaving,0.0001429388221841052
hands,0.0001429388221841052
republican,0.0001429388221841052
d,0.0024299599771297883
tat,0.0002858776443682104
upheaval,0.0001429388221841052
dominated,0.0004288164665523156
involved,0.0001429388221841052
israeli,0.000714694110920526
aligning,0.0001429388221841052
local,0.0001429388221841052
attempting,0.0001429388221841052
prevent,0.0001429388221841052
defeat,0.0002858776443682104
trigger,0.0001429388221841052
factors,0.0001429388221841052
col,0.0004288164665523156
husni,0.0001429388221841052
za,0.0002858776443682104
im,0.0001429388221841052
described,0.0001429388221841052
overthrow,0.0005717552887364208
start,0.0001429388221841052
soon,0.0001429388221841052
sami,0.0001429388221841052
hinnawi,0.0001429388221841052
quickly,0.0001429388221841052
deposed,0.0002858776443682104
adib,0.0001429388221841052
shishakli,0.0002858776443682104
abolished,0.0002858776443682104
multipartyism,0.0001429388221841052
altogether,0.0001429388221841052
increasingly,0.0002858776443682104
concentrated,0.0001429388221841052
security,0.0008576329331046312
weakness,0.0001429388221841052
institutions,0.0002858776443682104
mismanagement,0.0001429388221841052
nasserism,0.0001429388221841052
ideologies,0.0001429388221841052
created,0.0001429388221841052
nationalist,0.0002858776443682104
socialist,0.0005717552887364208
movements,0.0001429388221841052
disaffected,0.0001429388221841052
elements,0.0002858776443682104
society,0.0008576329331046312
minorities,0.0005717552887364208
demanded,0.0001429388221841052
radical,0.0001429388221841052
reform,0.0005717552887364208
november,0.0018582046883933675
direct,0.0004288164665523156
result,0.0005717552887364208
suez,0.0001429388221841052
crisis,0.0005717552887364208
signed,0.0001429388221841052
pact,0.0001429388221841052
soviet,0.0004288164665523156
providing,0.0001429388221841052
foothold,0.0001429388221841052
communist,0.0001429388221841052
exchange,0.0005717552887364208
equipment,0.0004288164665523156
increase,0.0001429388221841052
strength,0.0001429388221841052
technology,0.0002858776443682104
worried,0.0001429388221841052
feasible,0.0001429388221841052
attempt,0.0001429388221841052
retake,0.0001429388221841052
skenderun,0.0001429388221841052
heated,0.0001429388221841052
debates,0.0001429388221841052
lessened,0.0001429388221841052
threat,0.0002858776443682104
february,0.0012864493996569467
shukri,0.0001429388221841052
quwatli,0.0001429388221841052
nasser,0.0001429388221841052
announced,0.0002858776443682104
merging,0.0001429388221841052
creating,0.0001429388221841052
political,0.000714694110920526
parties,0.0008576329331046312
communists,0.0001429388221841052
ceased,0.0001429388221841052
overt,0.0001429388221841052
activities,0.0001429388221841052
officers,0.0002858776443682104
alarmed,0.0001429388221841052
poor,0.0001429388221841052
position,0.0001429388221841052
increasing,0.0004288164665523156
fragility,0.0001429388221841052
decided,0.0001429388221841052
form,0.000714694110920526
secret,0.0001429388221841052
committee,0.0005717552887364208
initial,0.0002858776443682104
members,0.0012864493996569467
lieutenant,0.0001429388221841052
colonel,0.0001429388221841052
muhammad,0.0002858776443682104
umran,0.0002858776443682104
salah,0.0005717552887364208
jadid,0.000714694110920526
captain,0.0001429388221841052
seceded,0.0001429388221841052
ensuing,0.0001429388221841052
instability,0.0002858776443682104
culminated,0.0002858776443682104
takeover,0.0001429388221841052
engineered,0.0001429388221841052
ath,0.0015723270440251573
michel,0.0001429388221841052
aflaq,0.0001429388221841052
din,0.0001429388221841052
bitar,0.0001429388221841052
new,0.0017152658662092624
cabinet,0.0002858776443682104
carried,0.0004288164665523156
intra,0.0001429388221841052
imprisoned,0.0002858776443682104
amin,0.0001429388221841052
hafiz,0.0001429388221841052
regionalist,0.0001429388221841052
civilian,0.0001429388221841052
nureddin,0.0001429388221841052
formal,0.0001429388221841052
head,0.0005717552887364208
effective,0.0001429388221841052
split,0.0002858776443682104
original,0.001429388221841052
pan,0.0004288164665523156
iraqi,0.0010005717552887365
conflict,0.0010005717552887365
cultivation,0.0001429388221841052
disputed,0.0001429388221841052
lands,0.0001429388221841052
sparked,0.0001429388221841052
prewar,0.0001429388221841052
aerial,0.0001429388221841052
clashes,0.0001429388221841052
launched,0.0001429388221841052
preemptive,0.0001429388221841052
strike,0.0002858776443682104
begin,0.0001429388221841052
joined,0.0001429388221841052
final,0.0001429388221841052
days,0.0001429388221841052
turned,0.0001429388221841052
attention,0.0001429388221841052
capturing,0.0001429388221841052
entire,0.0001429388221841052
golan,0.0008576329331046312
heights,0.0008576329331046312
hours,0.0001429388221841052
caused,0.0002858776443682104
steps,0.0001429388221841052
quneitra,0.0004288164665523156
village,0.0002858776443682104
largely,0.0001429388221841052
destroyed,0.0001429388221841052
withdrawal,0.0001429388221841052
disagreement,0.0002858776443682104
developed,0.0004288164665523156
controlled,0.000714694110920526
apparatus,0.0001429388221841052
retreat,0.0001429388221841052
forces,0.0012864493996569467
aid,0.0002858776443682104
plo,0.0001429388221841052
black,0.0004288164665523156
hostilities,0.0001429388221841052
reflected,0.0001429388221841052
struggle,0.000714694110920526
corrective,0.0001429388221841052
bloodless,0.0001429388221841052
installed,0.0001429388221841052
strongman,0.0001429388221841052
initiated,0.0001429388221841052
yom,0.0002858776443682104
kippur,0.0002858776443682104
defense,0.0002858776443682104
reversed,0.0002858776443682104
gains,0.0001429388221841052
pushed,0.0001429388221841052
deeper,0.0001429388221841052
territory,0.000714694110920526
beginning,0.0002858776443682104
thirty,0.0001429388221841052
occupation,0.0004288164665523156
years,0.0015723270440251573
attempted,0.0001429388221841052
stop,0.0001429388221841052
taking,0.0001429388221841052
southern,0.0005717552887364208
extensive,0.0002858776443682104
use,0.0002858776443682104
proxy,0.0001429388221841052
militias,0.0001429388221841052
remained,0.0001429388221841052
uprising,0.0005717552887364208
brotherhood,0.0001429388221841052
aimed,0.0002858776443682104
islamists,0.0001429388221841052
attacked,0.0001429388221841052
civilians,0.000714694110920526
duty,0.0001429388221841052
personnel,0.0002858776443682104
killed,0.0004288164665523156
retaliatory,0.0001429388221841052
reached,0.0001429388221841052
climax,0.0001429388221841052
hama,0.0011435105774728416
massacre,0.0001429388221841052
regular,0.0001429388221841052
shift,0.0001429388221841052
participated,0.0002858776443682104
gulf,0.0005717552887364208
saddam,0.0001429388221841052
hussein,0.0001429388221841052
multilateral,0.0001429388221841052
madrid,0.0001429388221841052
engaged,0.0001429388221841052
negotiations,0.0004288164665523156
failed,0.0001429388221841052
talks,0.0001429388221841052
meeting,0.0001429388221841052
clinton,0.0001429388221841052
geneva,0.0001429388221841052
situation,0.0002858776443682104
clickable,0.0001429388221841052
version,0.0001429388221841052
map,0.0001429388221841052
shaded,0.0001429388221841052
areas,0.0002858776443682104
son,0.0001429388221841052
election,0.0004288164665523156
unopposed,0.0001429388221841052
saw,0.0001429388221841052
birth,0.0004288164665523156
hopes,0.0002858776443682104
autumn,0.0001429388221841052
authorities,0.0004288164665523156
suppressed,0.0001429388221841052
imprisoning,0.0001429388221841052
intellectuals,0.0001429388221841052
instead,0.0001429388221841052
reforms,0.0005717552887364208
limited,0.0004288164665523156
market,0.0002858776443682104
bombed,0.0001429388221841052
site,0.0001429388221841052
claiming,0.0001429388221841052
terrorist,0.0001429388221841052
training,0.0005717552887364208
facility,0.0001429388221841052
arabs,0.0005717552887364208
clashed,0.0001429388221841052
northeastern,0.0002858776443682104
qamishli,0.0004288164665523156
signs,0.0001429388221841052
rioting,0.0001429388221841052
seen,0.0004288164665523156
towns,0.0004288164665523156
qameshli,0.0001429388221841052
hassakeh,0.0001429388221841052
jet,0.0002858776443682104
fighters,0.0002858776443682104
operation,0.0001429388221841052
orchard,0.0001429388221841052
suspected,0.0001429388221841052
nuclear,0.0004288164665523156
reactor,0.0001429388221841052
construction,0.0001429388221841052
korean,0.0001429388221841052
technicians,0.0001429388221841052
ongoing,0.0008576329331046312
inspired,0.0001429388221841052
began,0.0005717552887364208
chain,0.0001429388221841052
crackdown,0.0001429388221841052
defectors,0.0001429388221841052
declared,0.0001429388221841052
formation,0.0001429388221841052
forming,0.0001429388221841052
fighting,0.0001429388221841052
units,0.0001429388221841052
sunni,0.0002858776443682104
figures,0.0002858776443682104
alawites,0.0002858776443682104
according,0.0010005717552887365
sources,0.0002858776443682104
escape,0.0001429388221841052
violence,0.0004288164665523156
refugees,0.0015723270440251573
neighboring,0.0001429388221841052
countries,0.0018582046883933675
nears,0.0001429388221841052
worries,0.0001429388221841052
fragmented,0.0001429388221841052
cease,0.0001429388221841052
function,0.0001429388221841052
burj,0.0001429388221841052
islam,0.0002858776443682104
beach,0.0001429388221841052
latakia,0.0010005717552887365
latitudes,0.0001429388221841052
longitudes,0.0001429388221841052
consists,0.0005717552887364208
arid,0.0001429388221841052
plateau,0.0001429388221841052
fairly,0.0001429388221841052
green,0.0001429388221841052
jazira,0.0002858776443682104
hawran,0.0001429388221841052
agricultural,0.0002858776443682104
euphrates,0.0004288164665523156
crosses,0.0001429388221841052
comprise,0.0001429388221841052
called,0.0005717552887364208
cradle,0.0002858776443682104
climate,0.0001429388221841052
dry,0.0001429388221841052
hot,0.0002858776443682104
winters,0.0001429388221841052
mild,0.0001429388221841052
elevation,0.0001429388221841052
snowfall,0.0001429388221841052
does,0.0002858776443682104
occasionally,0.0001429388221841052
occur,0.0001429388221841052
winter,0.0002858776443682104
commercial,0.0001429388221841052
quantities,0.0001429388221841052
discovered,0.0004288164665523156
fields,0.0005717552887364208
suwaydiyah,0.0001429388221841052
qaratshui,0.0001429388221841052
rumayian,0.0001429388221841052
tayyem,0.0001429388221841052
dayr,0.0001429388221841052
az,0.0001429388221841052
zawr,0.0001429388221841052
natural,0.000714694110920526
kirkuk,0.0001429388221841052
resource,0.0001429388221841052
chief,0.0002858776443682104
export,0.0005717552887364208
gas,0.0008576329331046312
field,0.0004288164665523156
jbessa,0.0001429388221841052
parliament,0.0002858776443682104
formally,0.0001429388221841052
unitary,0.0001429388221841052
constitution,0.002144082332761578
adopted,0.0002858776443682104
transformed,0.0002858776443682104
semi,0.0001429388221841052
individuals,0.0001429388221841052
progressive,0.0004288164665523156
responsible,0.0001429388221841052
passing,0.0001429388221841052
laws,0.0005717552887364208
approving,0.0001429388221841052
appropriations,0.0001429388221841052
debating,0.0001429388221841052
policy,0.0002858776443682104
event,0.0001429388221841052
vote,0.0001429388221841052
confidence,0.0001429388221841052
simple,0.0001429388221841052
required,0.0002858776443682104
tender,0.0001429388221841052
resignation,0.0001429388221841052
executive,0.0001429388221841052
branch,0.0002858776443682104
vice,0.0002858776443682104
presidents,0.0001429388221841052
ministers,0.0004288164665523156
gives,0.0001429388221841052
appoint,0.0002858776443682104
issue,0.0001429388221841052
case,0.0001429388221841052
require,0.0001429388221841052
ratification,0.0001429388221841052
amnesty,0.0001429388221841052
amend,0.0001429388221841052
servants,0.0001429388221841052
legislative,0.0002858776443682104
unicameral,0.0001429388221841052
previous,0.0001429388221841052
did,0.0001429388221841052
hold,0.0004288164665523156
multi,0.0001429388221841052
elections,0.0008576329331046312
thirds,0.0002858776443682104
seats,0.0001429388221841052
automatically,0.0001429388221841052
allocated,0.0001429388221841052
ruling,0.0002858776443682104
outside,0.0004288164665523156
seven,0.0001429388221841052
change,0.0002858776443682104
liberation,0.0004288164665523156
armed,0.0002858776443682104
anti,0.0004288164665523156
chose,0.0001429388221841052
candidates,0.0001429388221841052
supporters,0.0001429388221841052
boycott,0.0001429388221841052
secretary,0.0001429388221841052
governing,0.0001429388221841052
illegal,0.0001429388221841052
judicial,0.0004288164665523156
branches,0.0001429388221841052
supreme,0.0004288164665523156
court,0.000714694110920526
cassation,0.0001429388221841052
courts,0.0008576329331046312
jurisprudence,0.0002858776443682104
source,0.000714694110920526
legislation,0.0002858776443682104
levels,0.0001429388221841052
instance,0.0001429388221841052
appeals,0.0001429388221841052
highest,0.0001429388221841052
tribunal,0.0001429388221841052
handle,0.0001429388221841052
questions,0.0001429388221841052
sssc,0.0002858776443682104
decree,0.0001429388221841052
amended,0.0001429388221841052
essentially,0.0001429388221841052
codified,0.0001429388221841052
sharia,0.0002858776443682104
declares,0.0001429388221841052
revolutionary,0.0001429388221841052
wounded,0.0001429388221841052
arrive,0.0001429388221841052
hospital,0.0001429388221841052
long,0.000714694110920526
concern,0.0001429388221841052
organizations,0.0004288164665523156
watch,0.0002858776443682104
referred,0.0001429388221841052
record,0.0001429388221841052
worst,0.0002858776443682104
freedom,0.0012864493996569467
house,0.0005717552887364208
ranked,0.0002858776443682104
annual,0.0001429388221841052
survey,0.0004288164665523156
accused,0.0001429388221841052
arresting,0.0001429388221841052
democracy,0.0001429388221841052
activists,0.0002858776443682104
censoring,0.0001429388221841052
websites,0.0001429388221841052
detaining,0.0001429388221841052
bloggers,0.0001429388221841052
imposing,0.0001429388221841052
travel,0.000714694110920526
bans,0.0002858776443682104
arbitrary,0.0001429388221841052
detention,0.0001429388221841052
torture,0.0002858776443682104
disappearances,0.0001429388221841052
widespread,0.0001429388221841052
guarantees,0.0001429388221841052
gender,0.0001429388221841052
equality,0.0001429388221841052
critics,0.0001429388221841052
say,0.0002858776443682104
statutes,0.0001429388221841052
penal,0.0001429388221841052
discriminate,0.0001429388221841052
girls,0.0001429388221841052
grants,0.0001429388221841052
leniency,0.0001429388221841052
honour,0.0001429388221841052
killing,0.0001429388221841052
reported,0.0001429388221841052
deaths,0.0002858776443682104
children,0.0005717552887364208
young,0.0002858776443682104
old,0.0004288164665523156
boys,0.0001429388221841052
gang,0.0001429388221841052
raped,0.0001429388221841052
services,0.0002858776443682104
opposing,0.0001429388221841052
claim,0.0005717552887364208
injured,0.0001429388221841052
shelling,0.0001429388221841052
effect,0.0002858776443682104
justified,0.0001429388221841052
light,0.0002858776443682104
soldier,0.0001429388221841052
wearing,0.0002858776443682104
model,0.0001429388221841052
shms,0.0001429388221841052
biological,0.0001429388221841052
chemical,0.0001429388221841052
warfare,0.0001429388221841052
mask,0.0001429388221841052
aiming,0.0001429388221841052
chinese,0.0001429388221841052
type,0.0001429388221841052
assault,0.0001429388221841052
rifle,0.0001429388221841052
commander,0.0001429388221841052
comprising,0.0001429388221841052
mobilization,0.0001429388221841052
conscripted,0.0001429388221841052
males,0.0004288164665523156
serve,0.0005717552887364208
reaching,0.0001429388221841052
obligatory,0.0001429388221841052
service,0.0004288164665523156
decreased,0.0002858776443682104
half,0.0002858776443682104
soldiers,0.0001429388221841052
deployed,0.0001429388221841052
decades,0.0001429388221841052
breakup,0.0001429388221841052
principal,0.0001429388221841052
material,0.0001429388221841052
credit,0.0001429388221841052
slowed,0.0001429388221841052
ability,0.0001429388221841052
acquire,0.0001429388221841052
arsenal,0.0001429388221841052
surface,0.0002858776443682104
missiles,0.0002858776443682104
scud,0.0002858776443682104
c,0.0018582046883933675
kilometer,0.0001429388221841052
range,0.0002858776443682104
procured,0.0001429388221841052
korea,0.0005717552887364208
kilometers,0.0001429388221841052
allegedly,0.0001429388221841052
zisser,0.0002858776443682104
received,0.0001429388221841052
financial,0.0002858776443682104
persian,0.0002858776443682104
participation,0.0001429388221841052
sizable,0.0002858776443682104
portion,0.0001429388221841052
funds,0.0001429388221841052
earmarked,0.0001429388221841052
spending,0.0002858776443682104
lacks,0.0001429388221841052
single,0.0001429388221841052
coherent,0.0001429388221841052
topic,0.0001429388221841052
improve,0.0001429388221841052
rewording,0.0001429388221841052
sentences,0.0001429388221841052
removing,0.0001429388221841052
irrelevant,0.0001429388221841052
information,0.0002858776443682104
specific,0.0002858776443682104
concerns,0.0001429388221841052
appear,0.0001429388221841052
talk,0.0001429388221841052
page,0.0002858776443682104
diplomatic,0.0004288164665523156
missions,0.0001429388221841052
ensuring,0.0001429388221841052
neighbors,0.0002858776443682104
securing,0.0001429388221841052
primary,0.0002858776443682104
goals,0.0001429388221841052
points,0.0001429388221841052
virulent,0.0001429388221841052
tension,0.0002858776443682104
geographically,0.0001429388221841052
cultural,0.0005717552887364208
enjoyed,0.0002858776443682104
improvement,0.0001429388221841052
prior,0.0004288164665523156
killings,0.0001429388221841052
abuses,0.0002858776443682104
isolated,0.0001429388221841052
wider,0.0001429388221841052
severed,0.0001429388221841052
britain,0.0001429388221841052
canada,0.0001429388221841052
italy,0.0004288164665523156
germany,0.0002858776443682104
tunisia,0.0011435105774728416
libya,0.0011435105774728416
belgium,0.0002858776443682104
spain,0.0004288164665523156
continues,0.0004288164665523156
maintain,0.0001429388221841052
yemen,0.0012864493996569467
sudan,0.0008576329331046312
foster,0.0001429388221841052
good,0.0001429388221841052
traditional,0.0005717552887364208
allies,0.0001429388221841052
russia,0.000714694110920526
supported,0.0001429388221841052
considers,0.0001429388221841052
hatay,0.0001429388221841052
unilaterally,0.0001429388221841052
demand,0.0001429388221841052
response,0.0001429388221841052
domestic,0.0001429388221841052
assassination,0.0001429388221841052
lebanese,0.0005717552887364208
rafik,0.0001429388221841052
hariri,0.0001429388221841052
governorates,0.0005717552887364208
districts,0.0005717552887364208
sub,0.0004288164665523156
governorate,0.001429388221841052
raqqah,0.0005717552887364208
hasakah,0.0008576329331046312
tartus,0.0002858776443682104
deir,0.000714694110920526
ez,0.000714694110920526
zor,0.000714694110920526
rif,0.0002858776443682104
dimashq,0.0002858776443682104
daraa,0.0002858776443682104
treemap,0.0001429388221841052
classified,0.0001429388221841052
bank,0.000714694110920526
lower,0.0001429388221841052
middle,0.002144082332761578
income,0.0002858776443682104
remains,0.0002858776443682104
dependent,0.0001429388221841052
sectors,0.0002858776443682104
sector,0.0004288164665523156
provides,0.0001429388221841052
earnings,0.0002858776443682104
contributes,0.0001429388221841052
employment,0.0001429388221841052
reserves,0.0004288164665523156
expected,0.0002858776443682104
decrease,0.0001429388221841052
coming,0.0001429388221841052
net,0.0001429388221841052
importer,0.0001429388221841052
highly,0.0001429388221841052
regulated,0.0001429388221841052
increased,0.0002858776443682104
subsidies,0.0001429388221841052
tightened,0.0001429388221841052
controls,0.0002858776443682104
assuage,0.0001429388221841052
protesters,0.0001429388221841052
protect,0.0001429388221841052
run,0.0001429388221841052
economic,0.001429388221841052
constraints,0.0001429388221841052
barriers,0.0001429388221841052
declining,0.0001429388221841052
production,0.0004288164665523156
unemployment,0.0002858776443682104
rising,0.0002858776443682104
budget,0.0002858776443682104
deficits,0.0002858776443682104
supplies,0.0001429388221841052
heavy,0.0004288164665523156
rapid,0.0002858776443682104
growth,0.0004288164665523156
industrial,0.0001429388221841052
pollution,0.0001429388221841052
undp,0.0001429388221841052
lives,0.0001429388221841052
poverty,0.0002858776443682104
live,0.000714694110920526
subsistence,0.0001429388221841052
level,0.0001429388221841052
exports,0.000714694110920526
crude,0.0001429388221841052
refined,0.0001429388221841052
products,0.0001429388221841052
raw,0.0002858776443682104
cotton,0.0001429388221841052
clothing,0.0002858776443682104
fruits,0.0001429388221841052
grains,0.0001429388221841052
bulk,0.0001429388221841052
imports,0.0002858776443682104
materials,0.0001429388221841052
essential,0.0001429388221841052
vehicles,0.0001429388221841052
machinery,0.0001429388221841052
remittances,0.0001429388221841052
workers,0.0001429388221841052
share,0.0001429388221841052
global,0.0001429388221841052
eroded,0.0001429388221841052
real,0.0001429388221841052
rates,0.0002858776443682104
poses,0.0001429388221841052
future,0.0004288164665523156
development,0.0002858776443682104
investment,0.0002858776443682104
constrained,0.0001429388221841052
restrictions,0.0001429388221841052
sanctions,0.0002858776443682104
isolation,0.0001429388221841052
hobbled,0.0001429388221841052
bureaucracy,0.0001429388221841052
falling,0.0002858776443682104
inflation,0.0001429388221841052
hoped,0.0001429388221841052
attract,0.0001429388221841052
tourism,0.0005717552887364208
diversify,0.0001429388221841052
reduce,0.0001429388221841052
dependence,0.0001429388221841052
institute,0.0002858776443682104
liberalizing,0.0001429388221841052
markets,0.0001429388221841052
slow,0.0001429388221841052
hoc,0.0001429388221841052
completely,0.0001429388221841052
outbreak,0.0001429388221841052
value,0.0001429388221841052
overall,0.0004288164665523156
slashed,0.0001429388221841052
usd,0.0004288164665523156
decline,0.0002858776443682104
imf,0.0001429388221841052
estimated,0.0005717552887364208
experienced,0.0001429388221841052
devaluation,0.0001429388221841052
outset,0.0001429388221841052
industries,0.0001429388221841052
particular,0.0002858776443682104
devastated,0.0001429388221841052
lost,0.0002858776443682104
reconstruction,0.0001429388221841052
cost,0.0002858776443682104
sapped,0.0001429388221841052
finance,0.0001429388221841052
european,0.0001429388221841052
went,0.0001429388221841052
million,0.0005717552887364208
month,0.0001429388221841052
revenues,0.0002858776443682104
dropped,0.0001429388221841052
hotel,0.0001429388221841052
occupancy,0.0001429388221841052
employees,0.0001429388221841052
jobs,0.0001429388221841052
refinery,0.0001429388221841052
produced,0.0004288164665523156
grade,0.0002858776443682104
located,0.0001429388221841052
low,0.0001429388221841052
sulphur,0.0001429388221841052
rate,0.0002858776443682104
peak,0.0001429388221841052
close,0.0002858776443682104
barrels,0.0001429388221841052
m,0.0005717552887364208
bpd,0.0001429388221841052
bbl,0.0002858776443682104
exported,0.0001429388221841052
roughly,0.0001429388221841052
accounts,0.0001429388221841052
produces,0.0001429388221841052
cubic,0.0002858776443682104
meters,0.0001429388221841052
trillion,0.0001429388221841052
feet,0.0001429388221841052
begun,0.0001429388221841052
work,0.0001429388221841052
energy,0.0002858776443682104
companies,0.0002858776443682104
exporter,0.0001429388221841052
consumed,0.0001429388221841052
domestically,0.0001429388221841052
eu,0.0004288164665523156
remainder,0.0002858776443682104
going,0.0001429388221841052
revenue,0.0001429388221841052
airports,0.0001429388221841052
lattakia,0.0001429388221841052
hubs,0.0001429388221841052
air,0.0004288164665523156
served,0.0004288164665523156
variety,0.0001429388221841052
carriers,0.0001429388221841052
cargo,0.0001429388221841052
chemins,0.0001429388221841052
fer,0.0001429388221841052
syriens,0.0001429388221841052
railway,0.0002858776443682104
company,0.0002858776443682104
railways,0.0001429388221841052
counterpart,0.0001429388221841052
relatively,0.0001429388221841052
infrastructure,0.0002858776443682104
maintained,0.0001429388221841052
express,0.0001429388221841052
trains,0.0001429388221841052
historical,0.0004288164665523156
populations,0.0004288164665523156
pop,0.0002858776443682104
p,0.002001143510577473
valley,0.0001429388221841052
coastal,0.0002858776443682104
plain,0.0001429388221841052
strip,0.0002858776443682104
desert,0.0002858776443682104
square,0.0001429388221841052
mile,0.0001429388221841052
refugee,0.0004288164665523156
published,0.0001429388221841052
u,0.0011435105774728416
immigrants,0.0002858776443682104
hosted,0.0001429388221841052
asylum,0.0001429388221841052
seekers,0.0001429388221841052
vast,0.0001429388221841052
sizeable,0.0001429388221841052
palestine,0.0015723270440251573
somalia,0.000714694110920526
bedu,0.0001429388221841052
indigenous,0.0001429388221841052
levantine,0.0002858776443682104
immediate,0.0001429388221841052
neighbours,0.0001429388221841052
like,0.0005717552887364208
palestinians,0.0001429388221841052
jordanians,0.0001429388221841052
unrwa,0.0001429388221841052
addition,0.0001429388221841052
circassians,0.0001429388221841052
hosts,0.0001429388221841052
constitutes,0.0001429388221841052
reside,0.0001429388221841052
corner,0.0001429388221841052
speak,0.0002858776443682104
variant,0.0001429388221841052
turkmen,0.0002858776443682104
syriacs,0.0002858776443682104
retains,0.0001429388221841052
dialects,0.0002858776443682104
numbers,0.0001429388221841052
boosted,0.0001429388221841052
holds,0.0001429388221841052
concentration,0.0001429388221841052
diaspora,0.0002858776443682104
brazil,0.0005717552887364208
millions,0.0001429388221841052
ancestry,0.0001429388221841052
argentines,0.0001429388221841052
background,0.0002858776443682104
mosque,0.0001429388221841052
account,0.0002858776443682104
twelvers,0.0001429388221841052
ismailis,0.0001429388221841052
combined,0.0001429388221841052
antiochian,0.0002858776443682104
rest,0.0001429388221841052
catholic,0.0005717552887364208
assyrian,0.0004288164665523156
protestants,0.0001429388221841052
denominations,0.0004288164665523156
concentrate,0.0001429388221841052
jabal,0.0001429388221841052
dominate,0.0001429388221841052
key,0.0001429388221841052
positions,0.0001429388221841052
chalcedonian,0.0001429388221841052
catholics,0.0001429388221841052
melkite,0.0001429388221841052
chaldean,0.0001429388221841052
latin,0.0001429388221841052
apostolic,0.0001429388221841052
smaller,0.0001429388221841052
monasteries,0.0001429388221841052
exist,0.0001429388221841052
belong,0.0001429388221841052
socio,0.0001429388221841052
class,0.0001429388221841052
everyday,0.0001429388221841052
life,0.0005717552887364208
widely,0.0001429388221841052
regions,0.0002858776443682104
azeri,0.0001429388221841052
dialect,0.0001429388221841052
advent,0.0001429388221841052
lingua,0.0001429388221841052
franca,0.0001429388221841052
classical,0.0002858776443682104
liturgical,0.0001429388221841052
remarkably,0.0001429388221841052
ma,0.0001429388221841052
loula,0.0001429388221841052
neighbouring,0.0001429388221841052
villages,0.0001429388221841052
miles,0.0001429388221841052
educated,0.0001429388221841052
v,0.0017152658662092624
t,0.002144082332761578
census,0.0001429388221841052
rank,0.0001429388221841052
aleppodamascus,0.0001429388221841052
homslatakia,0.0001429388221841052
ar,0.0002858776443682104
sayyidah,0.0001429388221841052
zaynab,0.0001429388221841052
importance,0.0001429388221841052
discipline,0.0001429388221841052
respect,0.0001429388221841052
taste,0.0001429388221841052
expressed,0.0001429388221841052
dances,0.0001429388221841052
samah,0.0001429388221841052
dabkeh,0.0001429388221841052
variations,0.0001429388221841052
sword,0.0001429388221841052
dance,0.0001429388221841052
marriage,0.0001429388221841052
ceremonies,0.0001429388221841052
occasions,0.0002858776443682104
lively,0.0001429388221841052
demonstration,0.0002858776443682104
folk,0.0002858776443682104
customs,0.0001429388221841052
art,0.0001429388221841052
gallery,0.0001429388221841052
literature,0.0004288164665523156
contributed,0.0001429388221841052
proud,0.0001429388221841052
tradition,0.0001429388221841052
oral,0.0001429388221841052
poetry,0.0002858776443682104
writers,0.0002858776443682104
immigrated,0.0001429388221841052
crucial,0.0001429388221841052
nahda,0.0001429388221841052
literary,0.0001429388221841052
revival,0.0001429388221841052
prominent,0.0001429388221841052
contemporary,0.0004288164665523156
adonis,0.0001429388221841052
maghout,0.0001429388221841052
haidar,0.0002858776443682104
ghada,0.0001429388221841052
samman,0.0001429388221841052
nizar,0.0001429388221841052
qabbani,0.0001429388221841052
zakariyya,0.0001429388221841052
tamer,0.0001429388221841052
brought,0.0001429388221841052
renewed,0.0001429388221841052
censorship,0.0001429388221841052
context,0.0001429388221841052
genre,0.0002858776443682104
novel,0.0001429388221841052
spearheaded,0.0001429388221841052
nabil,0.0001429388221841052
sulayman,0.0001429388221841052
fawwaz,0.0001429388221841052
haddad,0.0001429388221841052
khyri,0.0001429388221841052
dhahabi,0.0001429388221841052
nihad,0.0001429388221841052
siris,0.0001429388221841052
means,0.0002858776443682104
expressing,0.0001429388221841052
dissent,0.0002858776443682104
critiquing,0.0001429388221841052
present,0.0004288164665523156
depiction,0.0001429388221841052
past,0.0002858776443682104
narrative,0.0001429388221841052
subgenre,0.0001429388221841052
fiction,0.0002858776443682104
imbued,0.0001429388221841052
magical,0.0001429388221841052
realism,0.0001429388221841052
veiled,0.0001429388221841052
criticism,0.0001429388221841052
salim,0.0001429388221841052
barakat,0.0001429388221841052
migr,0.0001429388221841052
living,0.0001429388221841052
sweden,0.0002858776443682104
science,0.0002858776443682104
futuristic,0.0001429388221841052
utopiae,0.0001429388221841052
nuhad,0.0001429388221841052
sharif,0.0001429388221841052
talib,0.0001429388221841052
media,0.000714694110920526
cinema,0.0002858776443682104
advert,0.0001429388221841052
music,0.0004288164665523156
scene,0.0001429388221841052
especially,0.0001429388221841052
stars,0.0002858776443682104
asmahan,0.0001429388221841052
farid,0.0002858776443682104
singer,0.0001429388221841052
lena,0.0001429388221841052
chamamyan,0.0001429388221841052
muwashshah,0.0001429388221841052
andalous,0.0001429388221841052
sung,0.0001429388221841052
popularized,0.0001429388221841052
sabri,0.0001429388221841052
moudallal,0.0001429388221841052
sabah,0.0001429388221841052
fakhri,0.0001429388221841052
television,0.0004288164665523156
introduced,0.0001429388221841052
broadcast,0.0001429388221841052
white,0.0002858776443682104
soap,0.0001429388221841052
operas,0.0001429388221841052
considerable,0.0001429388221841052
penetration,0.0001429388221841052
nearly,0.0002858776443682104
outlets,0.0001429388221841052
owned,0.0001429388221841052
newspapers,0.0001429388221841052
operate,0.0001429388221841052
intelligence,0.0002858776443682104
agencies,0.0002858776443682104
shu,0.0001429388221841052
bat,0.0001429388221841052
mukhabarat,0.0002858776443682104
askariyya,0.0001429388221841052
employing,0.0001429388221841052
operatives,0.0001429388221841052
football,0.0004288164665523156
basketball,0.0001429388221841052
swimming,0.0001429388221841052
tennis,0.0001429388221841052
fifth,0.0001429388221841052
seventh,0.0001429388221841052
games,0.0001429388221841052
teams,0.0001429388221841052
abbasiyyin,0.0001429388221841052
stadium,0.0001429388221841052
team,0.0005717552887364208
success,0.0001429388221841052
qualified,0.0001429388221841052
asian,0.0004288164665523156
cup,0.0001429388221841052
competitions,0.0001429388221841052
losing,0.0001429388221841052
fifa,0.0001429388221841052
fattoush,0.0002858776443682104
example,0.0001429388221841052
linked,0.0001429388221841052
dish,0.0001429388221841052
originated,0.0001429388221841052
rich,0.0001429388221841052
varied,0.0001429388221841052
ingredients,0.0001429388221841052
food,0.0002858776443682104
dishes,0.0005717552887364208
evolved,0.0001429388221841052
cooking,0.0001429388221841052
shish,0.0001429388221841052
kebab,0.0001429388221841052
stuffed,0.0002858776443682104
zucchini,0.0001429388221841052
yabra,0.0001429388221841052
grape,0.0001429388221841052
leaves,0.0001429388221841052
yapra,0.0001429388221841052
der,0.0001429388221841052
ves,0.0001429388221841052
yaprak,0.0001429388221841052
meaning,0.0001429388221841052
leaf,0.0001429388221841052
kibbeh,0.0001429388221841052
hummus,0.0001429388221841052
tabbouleh,0.0001429388221841052
labneh,0.0001429388221841052
shawarma,0.0001429388221841052
mujaddara,0.0001429388221841052
shanklish,0.0001429388221841052
rma,0.0001429388221841052
sujuk,0.0001429388221841052
baklava,0.0002858776443682104
filo,0.0001429388221841052
pastry,0.0001429388221841052
filled,0.0001429388221841052
chopped,0.0001429388221841052
nuts,0.0001429388221841052
soaked,0.0001429388221841052
honey,0.0001429388221841052
selections,0.0001429388221841052
appetizers,0.0001429388221841052
meze,0.0002858776443682104
course,0.0001429388221841052
atar,0.0001429388221841052
minced,0.0001429388221841052
beef,0.0001429388221841052
cheese,0.0001429388221841052
manakish,0.0001429388221841052
hors,0.0001429388221841052
uvres,0.0001429388221841052
flatbread,0.0001429388221841052
khubz,0.0001429388221841052
eaten,0.0001429388221841052
drinks,0.0001429388221841052
vary,0.0001429388221841052
depending,0.0001429388221841052
occasion,0.0001429388221841052
coffee,0.0004288164665523156
drink,0.0002858776443682104
usually,0.0002858776443682104
prepared,0.0001429388221841052
morning,0.0001429388221841052
breakfast,0.0001429388221841052
evening,0.0001429388221841052
guests,0.0001429388221841052
arak,0.0001429388221841052
alcoholic,0.0001429388221841052
beverage,0.0001429388221841052
special,0.0001429388221841052
examples,0.0001429388221841052
beverages,0.0001429388221841052
ayran,0.0001429388221841052
jallab,0.0001429388221841052
locally,0.0001429388221841052
manufactured,0.0001429388221841052
beer,0.0001429388221841052
shark,0.0001429388221841052
jawdat,0.0001429388221841052
hashimi,0.0001429388221841052
school,0.0001429388221841052
compulsory,0.0002858776443682104
ages,0.0001429388221841052
schooling,0.0001429388221841052
vocational,0.0002858776443682104
academic,0.0005717552887364208
program,0.0001429388221841052
university,0.002715837621497999
admission,0.0001429388221841052
enrollment,0.0001429388221841052
secondary,0.0001429388221841052
schools,0.0002858776443682104
literacy,0.0001429388221841052
aged,0.0001429388221841052
older,0.0001429388221841052
females,0.0002858776443682104
colleges,0.0001429388221841052
universities,0.001429388221841052
supervision,0.0001429388221841052
private,0.0005717552887364208
students,0.0001429388221841052
kalamoon,0.0001429388221841052
higher,0.000714694110920526
institutes,0.0001429388221841052
business,0.0002858776443682104
offer,0.0001429388221841052
undergraduate,0.0001429388221841052
graduate,0.0001429388221841052
programs,0.0001429388221841052
webometrics,0.0001429388221841052
ranking,0.0004288164665523156
worldwide,0.0001429388221841052
tishreen,0.0001429388221841052
healthcare,0.0001429388221841052
accounted,0.0001429388221841052
physicians,0.0001429388221841052
nurses,0.0001429388221841052
expectancy,0.0001429388221841052
book,0.000714694110920526
index,0.0005717552887364208
outline,0.0002858776443682104
covenant,0.0001429388221841052
social,0.0001429388221841052
recognition,0.0004288164665523156
judiciary,0.0002858776443682104
portal,0.000714694110920526
footnotes,0.0001429388221841052
scribd,0.000714694110920526
com,0.002715837621497999
retrieved,0.010863350485991996
monetary,0.0001429388221841052
fund,0.0001429388221841052
data,0.0004288164665523156
worldbank,0.0002858776443682104
org,0.0008576329331046312
report,0.0012864493996569467
directory,0.0002858776443682104
overview,0.0002858776443682104
tell,0.0001429388221841052
ramad,0.0001429388221841052
basin,0.0001429388221841052
web,0.0004288164665523156
archive,0.0001429388221841052
archived,0.0012864493996569467
freedomhouse,0.0001429388221841052
michael,0.0002858776443682104
br,0.0001429388221841052
ning,0.0001429388221841052
sturdy,0.0001429388221841052
affairs,0.0002858776443682104
macfarquhar,0.0001429388221841052
neil,0.0001429388221841052
votes,0.0002858776443682104
suspend,0.0002858776443682104
york,0.0008576329331046312
times,0.000714694110920526
regional,0.0002858776443682104
downing,0.0001429388221841052
cnn,0.0005717552887364208
suspends,0.0001429388221841052
membership,0.0002858776443682104
xinhua,0.0001429388221841052
ian,0.0001429388221841052
takes,0.0002858776443682104
guardian,0.0001429388221841052
uk,0.0005717552887364208
recognises,0.0001429388221841052
says,0.0005717552887364208
william,0.0002858776443682104
hague,0.0001429388221841052
backs,0.0001429388221841052
madhani,0.0001429388221841052
aamer,0.0001429388221841052
obama,0.0001429388221841052
recognize,0.0001429388221841052
usa,0.0001429388221841052
today,0.0001429388221841052
herodotus,0.0002858776443682104
histories,0.0001429388221841052
vii,0.0001429388221841052
joseph,0.0001429388221841052
john,0.0004288164665523156
synonyms,0.0001429388221841052
pdf,0.0004288164665523156
theodor,0.0001429388221841052
ldeke,0.0001429388221841052
cf,0.0001429388221841052
harper,0.0001429388221841052
douglas,0.0001429388221841052
online,0.0004288164665523156
dictionary,0.0002858776443682104
pipes,0.0001429388221841052
daniel,0.0001429388221841052
greater,0.0004288164665523156
ambition,0.0001429388221841052
forum,0.0001429388221841052
isbn,0.00357347055460263
chicago,0.0001429388221841052
britannica,0.0005717552887364208
encyclopedia,0.0004288164665523156
study,0.0005717552887364208
library,0.0005717552887364208
congress,0.0005717552887364208
classification,0.0001429388221841052
journal,0.0008576329331046312
studies,0.0005717552887364208
man,0.0001429388221841052
hurro,0.0001429388221841052
hittite,0.0001429388221841052
song,0.0001429388221841052
release,0.0001429388221841052
mary,0.0001429388221841052
bachvarova,0.0001429388221841052
american,0.0001429388221841052
oriental,0.0001429388221841052
jan,0.0002858776443682104
mar,0.0001429388221841052
saad,0.0001429388221841052
cavendish,0.0002858776443682104
corporation,0.0001429388221841052
marshall,0.0002858776443682104
encyclop,0.0001429388221841052
dia,0.0001429388221841052
timeframe,0.0002858776443682104
pp,0.000714694110920526
metmuseum,0.0001429388221841052
mandat,0.0001429388221841052
syrie,0.0001429388221841052
liban,0.0001429388221841052
peter,0.0001429388221841052
stearns,0.0001429388221841052
leonard,0.0001429388221841052
langer,0.0001429388221841052
houghton,0.0001429388221841052
mifflin,0.0001429388221841052
books,0.0011435105774728416
f,0.0005717552887364208
g,0.0002858776443682104
h,0.0004288164665523156
note,0.0001429388221841052
department,0.0002858776443682104
bureau,0.0002858776443682104
robson,0.0001429388221841052
hasn,0.0001429388221841052
toronto,0.0001429388221841052
author,0.0001429388221841052
specified,0.0001429388221841052
brecher,0.0001429388221841052
jonathan,0.0001429388221841052
wilkenfeld,0.0001429388221841052
michigan,0.0001429388221841052
press,0.001429388221841052
tessler,0.0001429388221841052
indiana,0.0002858776443682104
magazine,0.0008576329331046312
khatib,0.0001429388221841052
revivalism,0.0001429388221841052
rise,0.0001429388221841052
thist,0.0001429388221841052
secularism,0.0001429388221841052
routledge,0.0002858776443682104
asked,0.0001429388221841052
nixon,0.0001429388221841052
declassified,0.0001429388221841052
papers,0.0001429388221841052
edition,0.0001429388221841052
seale,0.0002858776443682104
patrick,0.0002858776443682104
asad,0.0002858776443682104
california,0.0001429388221841052
rabinovich,0.0001429388221841052
abraham,0.0001429388221841052
epic,0.0001429388221841052
encounter,0.0001429388221841052
schocken,0.0001429388221841052
itzchak,0.0001429388221841052
weismann,0.0001429388221841052
sufism,0.0001429388221841052
sufi,0.0001429388221841052
brotherhoods,0.0001429388221841052
oklahoma,0.0001429388221841052
marc,0.0001429388221841052
perelman,0.0001429388221841052
makes,0.0001429388221841052
overture,0.0001429388221841052
forward,0.0008576329331046312
george,0.0001429388221841052
alan,0.0001429388221841052
bread,0.0001429388221841052
london,0.000714694110920526
zed,0.0001429388221841052
ghadry,0.0001429388221841052
beneath,0.0001429388221841052
quarterly,0.0001429388221841052
profile,0.0002858776443682104
bbc,0.000714694110920526
news,0.001429388221841052
updated,0.0001429388221841052
huggler,0.0001429388221841052
justin,0.0001429388221841052
launches,0.0001429388221841052
strikes,0.0001429388221841052
retaliation,0.0001429388221841052
bomb,0.0001429388221841052
naharnet,0.0002858776443682104
newsdesk,0.0001429388221841052
curbs,0.0001429388221841052
riots,0.0001429388221841052
merger,0.0001429388221841052
kurdistan,0.0004288164665523156
guerin,0.0001429388221841052
orla,0.0001429388221841052
sidesteps,0.0001429388221841052
demands,0.0001429388221841052
sanger,0.0001429388221841052
david,0.0001429388221841052
struck,0.0001429388221841052
project,0.0004288164665523156
analysts,0.0001429388221841052
tanks,0.0001429388221841052
moving,0.0001429388221841052
sengupta,0.0001429388221841052
kim,0.0001429388221841052
sectarian,0.0001429388221841052
goes,0.0001429388221841052
pour,0.0001429388221841052
antakya,0.0001429388221841052
lifts,0.0001429388221841052
toll,0.0001429388221841052
truly,0.0001429388221841052
shocking,0.0001429388221841052
reuters,0.0005717552887364208
carsten,0.0001429388221841052
bodies,0.0001429388221841052
victims,0.0001429388221841052
rally,0.0001429388221841052
telegraph,0.0001429388221841052
delegates,0.0001429388221841052
bloodbath,0.0001429388221841052
usatoday,0.0002858776443682104
location,0.0001429388221841052
settings,0.0001429388221841052
brace,0.0001429388221841052
bloodshed,0.0001429388221841052
lara,0.0001429388221841052
jakes,0.0001429388221841052
yahya,0.0001429388221841052
barzanji,0.0001429388221841052
cold,0.0001429388221841052
reception,0.0001429388221841052
yahoo,0.0001429388221841052
welcome,0.0001429388221841052
public,0.0004288164665523156
radio,0.0001429388221841052
economist,0.0001429388221841052
teachers,0.0001429388221841052
schaeffer,0.0002858776443682104
claude,0.0002858776443682104
findings,0.0001429388221841052
ras,0.0001429388221841052
shamra,0.0001429388221841052
trubner,0.0001429388221841052
gov,0.0002858776443682104
carnegie,0.0005717552887364208
endowment,0.0005717552887364208
clamps,0.0001429388221841052
kurd,0.0001429388221841052
decrees,0.0001429388221841052
ending,0.0001429388221841052
abolishing,0.0001429388221841052
regulating,0.0001429388221841052
agency,0.0001429388221841052
peace,0.000714694110920526
emory,0.0001429388221841052
edu,0.0001429388221841052
hrw,0.0001429388221841052
events,0.0001429388221841052
joe,0.0001429388221841052
lauria,0.0001429388221841052
dead,0.0005717552887364208
wall,0.0001429388221841052
street,0.0001429388221841052
commit,0.0001429388221841052
gross,0.0001429388221841052
violations,0.0001429388221841052
pike,0.0001429388221841052
globalsecurity,0.0001429388221841052
reduces,0.0001429388221841052
chinadaily,0.0001429388221841052
cn,0.0001429388221841052
embrace,0.0001429388221841052
wmd,0.0001429388221841052
link,0.000714694110920526
eyal,0.0001429388221841052
globe,0.0001429388221841052
mail,0.0001429388221841052
leads,0.0001429388221841052
abstract,0.0001429388221841052
purchase,0.0001429388221841052
necessary,0.0001429388221841052
strenger,0.0001429388221841052
carlo,0.0001429388221841052
haaretz,0.0002858776443682104
daily,0.0001429388221841052
newspaper,0.0001429388221841052
morris,0.0001429388221841052
chris,0.0001429388221841052
chapter,0.0001429388221841052
crossroads,0.0001429388221841052
granta,0.0001429388221841052
lending,0.0001429388221841052
factbook,0.0002858776443682104
challenges,0.0001429388221841052
options,0.0001429388221841052
diagnostics,0.0001429388221841052
reverts,0.0001429388221841052
policies,0.0001429388221841052
ease,0.0001429388221841052
battling,0.0001429388221841052
friends,0.0001429388221841052
afp,0.0001429388221841052
ailing,0.0001429388221841052
hits,0.0001429388221841052
regime,0.0002858776443682104
shrink,0.0001429388221841052
percent,0.0001429388221841052
struggles,0.0001429388221841052
huffington,0.0001429388221841052
conceal,0.0001429388221841052
shortages,0.0001429388221841052
buckles,0.0001429388221841052
hanging,0.0001429388221841052
thread,0.0001429388221841052
preparing,0.0001429388221841052
finalize,0.0001429388221841052
train,0.0002858776443682104
existed,0.0001429388221841052
censuses,0.0001429388221841052
estimates,0.0001429388221841052
central,0.0005717552887364208
statistics,0.0001429388221841052
mediated,0.0001429388221841052
gene,0.0001429388221841052
flow,0.0001429388221841052
saharan,0.0001429388221841052
africa,0.0002858776443682104
pmc,0.0001429388221841052
ncbi,0.0001429388221841052
dna,0.0001429388221841052
reveals,0.0001429388221841052
phoenician,0.0001429388221841052
maltese,0.0002858776443682104
geographic,0.0002858776443682104
suriye,0.0002858776443682104
rkmenleri,0.0001429388221841052
review,0.0001429388221841052
allows,0.0001429388221841052
cross,0.0001429388221841052
holidays,0.0002858776443682104
todayszaman,0.0001429388221841052
pine,0.0001429388221841052
fear,0.0001429388221841052
face,0.0001429388221841052
eninews,0.0001429388221841052
saudi,0.0011435105774728416
aramco,0.0001429388221841052
inmigracion,0.0001429388221841052
sirio,0.0001429388221841052
libanesa,0.0001429388221841052
en,0.0001429388221841052
argentina,0.0002858776443682104
spanish,0.0001429388221841052
confederaci,0.0001429388221841052
entidades,0.0001429388221841052
argentino,0.0001429388221841052
rabes,0.0001429388221841052
danna,0.0001429388221841052
nissim,0.0001429388221841052
leadership,0.0001429388221841052
identity,0.0001429388221841052
brighton,0.0001429388221841052
sussex,0.0001429388221841052
alawi,0.0001429388221841052
capture,0.0001429388221841052
tomader,0.0001429388221841052
fateh,0.0001429388221841052
patriarch,0.0001429388221841052
judged,0.0001429388221841052
carry,0.0001429388221841052
heart,0.0001429388221841052
hopwood,0.0001429388221841052
derek,0.0001429388221841052
salamandra,0.0001429388221841052
christa,0.0001429388221841052
authenticity,0.0001429388221841052
urban,0.0001429388221841052
salti,0.0001429388221841052
rasha,0.0001429388221841052
insights,0.0001429388221841052
essays,0.0001429388221841052
conversations,0.0001429388221841052
filmmakers,0.0001429388221841052
arteeast,0.0001429388221841052
wright,0.0002858776443682104
robin,0.0002858776443682104
dreams,0.0002858776443682104
shadows,0.0002858776443682104
penguin,0.0002858776443682104
dozen,0.0001429388221841052
hundreds,0.0001429388221841052
dissident,0.0001429388221841052
riad,0.0001429388221841052
seif,0.0001429388221841052
rt,0.0001429388221841052
countrystudies,0.0001429388221841052
ministry,0.0004288164665523156
interview,0.0002858776443682104
getting,0.0001429388221841052
sesric,0.0002858776443682104
demography,0.0001429388221841052
boczek,0.0001429388221841052
boleslaw,0.0001429388221841052
adam,0.0001429388221841052
scarecrow,0.0001429388221841052
finkelstein,0.0001429388221841052
norman,0.0001429388221841052
image,0.0001429388221841052
reality,0.0001429388221841052
verso,0.0001429388221841052
glass,0.0001429388221841052
charles,0.0001429388221841052
tribes,0.0001429388221841052
flags,0.0001429388221841052
dangerous,0.0001429388221841052
passage,0.0001429388221841052
chaos,0.0001429388221841052
atlantic,0.0001429388221841052
monthly,0.0002858776443682104
picador,0.0001429388221841052
karoubi,0.0001429388221841052
taghi,0.0001429388221841052
unjust,0.0001429388221841052
ashgate,0.0001429388221841052
publishing,0.0001429388221841052
editors,0.0001429388221841052
orsam,0.0002858776443682104
rkleri,0.0001429388221841052
raporu,0.0001429388221841052
dawisha,0.0001429388221841052
fred,0.0001429388221841052
lawson,0.0001429388221841052
demystifying,0.0001429388221841052
saqi,0.0001429388221841052
nikolaos,0.0001429388221841052
van,0.0001429388221841052
dam,0.0001429388221841052
tauris,0.0001429388221841052
paton,0.0001429388221841052
l,0.0001429388221841052
maoz,0.0001429388221841052
yaniv,0.0001429388221841052
ed,0.0001429388221841052
alfred,0.0001429388221841052
schlicht,0.0001429388221841052
powers,0.0001429388221841052
ands,0.0001429388221841052
wikipedia,0.0001429388221841052
sister,0.0001429388221841052
projects,0.0001429388221841052
definitions,0.0001429388221841052
translations,0.0001429388221841052
wiktionary,0.0001429388221841052
commons,0.0002858776443682104
learning,0.0001429388221841052
resources,0.0002858776443682104
wikiversity,0.0001429388221841052
stories,0.0001429388221841052
wikinews,0.0001429388221841052
quotations,0.0001429388221841052
wikiquote,0.0001429388221841052
texts,0.0001429388221841052
wikisource,0.0001429388221841052
textbooks,0.0001429388221841052
wikibooks,0.0001429388221841052
wikivoyage,0.0002858776443682104
wikimedia,0.0002858776443682104
entry,0.0001429388221841052
open,0.0001429388221841052
provided,0.0002858776443682104
govpubs,0.0001429388221841052
colorado,0.0001429388221841052
boulder,0.0001429388221841052
libraries,0.0001429388221841052
profiles,0.0001429388221841052
decision,0.0001429388221841052
atlas,0.0001429388221841052
guide,0.0001429388221841052
cyprus,0.0015723270440251573
topics,0.0002858776443682104
timeline,0.0002858776443682104
bilad,0.0001429388221841052
rivers,0.0001429388221841052
volcanoes,0.0001429388221841052
features,0.0001429388221841052
crescent,0.0001429388221841052
hauran,0.0001429388221841052
orontes,0.0001429388221841052
governance,0.0001429388221841052
list,0.0002858776443682104
iskandaron,0.0001429388221841052
ministries,0.0001429388221841052
lgbt,0.0001429388221841052
speakers,0.0001429388221841052
nationalism,0.0001429388221841052
command,0.0001429388221841052
terrorism,0.0001429388221841052
navy,0.0001429388221841052
weapons,0.0001429388221841052
destruction,0.0001429388221841052
rankings,0.0001429388221841052
securities,0.0001429388221841052
stock,0.0001429388221841052
telecommunications,0.0001429388221841052
waste,0.0001429388221841052
management,0.0001429388221841052
supply,0.0001429388221841052
sanitation,0.0001429388221841052
scouting,0.0001429388221841052
films,0.0001429388221841052
smoking,0.0001429388221841052
category,0.0001429388221841052
wikiproject,0.0001429388221841052
locale,0.0001429388221841052
sovereign,0.0002858776443682104
albania,0.0004288164665523156
algeria,0.0010005717552887365
bosnia,0.0005717552887364208
herzegovina,0.0005717552887364208
croatia,0.0004288164665523156
greece,0.0002858776443682104
malta,0.0004288164665523156
monaco,0.0002858776443682104
montenegro,0.0004288164665523156
slovenia,0.0002858776443682104
dependencies,0.0005717552887364208
akrotiri,0.0002858776443682104
dhekelia,0.0002858776443682104
gibraltar,0.0001429388221841052
italics,0.0001429388221841052
indicate,0.0001429388221841052
unrecognized,0.0001429388221841052
bahrain,0.0010005717552887365
kuwait,0.0010005717552887365
oman,0.0011435105774728416
qatar,0.0010005717552887365
emirates,0.0008576329331046312
afghanistan,0.0005717552887364208
armenia,0.0005717552887364208
azerbaijan,0.000714694110920526
djibouti,0.0005717552887364208
eritrea,0.0005717552887364208
georgia,0.0004288164665523156
pakistan,0.0005717552887364208
sahara,0.0002858776443682104
sadr,0.0001429388221841052
conflicts,0.0001429388221841052
etiquette,0.0001429388221841052
bangladesh,0.0002858776443682104
bhutan,0.0002858776443682104
brunei,0.0004288164665523156
burma,0.0001429388221841052
myanmar,0.0002858776443682104
cambodia,0.0002858776443682104
india,0.0004288164665523156
indonesia,0.0002858776443682104
japan,0.0001429388221841052
kazakhstan,0.0004288164665523156
kyrgyzstan,0.0004288164665523156
laos,0.0002858776443682104
malaysia,0.0002858776443682104
maldives,0.0004288164665523156
mongolia,0.0002858776443682104
nepal,0.0002858776443682104
philippines,0.0002858776443682104
singapore,0.0002858776443682104
sri,0.0002858776443682104
lanka,0.0002858776443682104
tajikistan,0.0004288164665523156
thailand,0.0004288164665523156
timor,0.0004288164665523156
leste,0.0002858776443682104
turkmenistan,0.0004288164665523156
uzbekistan,0.0004288164665523156
vietnam,0.0002858776443682104
abkhazia,0.0001429388221841052
nagorno,0.0001429388221841052
karabakh,0.0001429388221841052
ossetia,0.0001429388221841052
taiwan,0.0001429388221841052
andspecial,0.0001429388221841052
australia,0.0001429388221841052
christmas,0.0001429388221841052
island,0.0001429388221841052
cocos,0.0001429388221841052
keeling,0.0001429388221841052
islands,0.0001429388221841052
hong,0.0001429388221841052
kong,0.0001429388221841052
macau,0.0001429388221841052
indian,0.0001429388221841052
ocean,0.0001429388221841052
comoros,0.0004288164665523156
mauritania,0.000714694110920526
observers,0.0005717552887364208
venezuela,0.0002858776443682104
diplomacy,0.0001429388221841052
initiative,0.0001429388221841052
monitors,0.0001429388221841052
austria,0.0001429388221841052
bulgaria,0.0001429388221841052
czech,0.0001429388221841052
denmark,0.0001429388221841052
estonia,0.0001429388221841052
finland,0.0001429388221841052
hungary,0.0001429388221841052
ireland,0.0001429388221841052
latvia,0.0001429388221841052
lithuania,0.0001429388221841052
luxembourg,0.0001429388221841052
netherlands,0.0001429388221841052
authority,0.0001429388221841052
poland,0.0001429388221841052
portugal,0.0001429388221841052
romania,0.0001429388221841052
slovakia,0.0001429388221841052
euro,0.0001429388221841052
partnership,0.0001429388221841052
euromed,0.0001429388221841052
fta,0.0001429388221841052
bold,0.0001429388221841052
italic,0.0001429388221841052
overseas,0.0001429388221841052
candidate,0.0001429388221841052
observer,0.0001429388221841052
oic,0.0001429388221841052
benin,0.0002858776443682104
burkina,0.0002858776443682104
faso,0.0002858776443682104
cameroon,0.0002858776443682104
chad,0.0002858776443682104
gabon,0.0002858776443682104
gambia,0.0002858776443682104
guinea,0.0008576329331046312
bissau,0.0002858776443682104
guyana,0.0002858776443682104
ivory,0.0001429388221841052
mali,0.0002858776443682104
mozambique,0.0002858776443682104
niger,0.0002858776443682104
nigeria,0.0002858776443682104
sierra,0.0002858776443682104
leone,0.0002858776443682104
suriname,0.0002858776443682104
togo,0.0002858776443682104
uganda,0.0002858776443682104
african,0.0005717552887364208
communities,0.0001429388221841052
moro,0.0001429388221841052
cypriot,0.0001429388221841052
angola,0.0001429388221841052
antigua,0.0001429388221841052
barbuda,0.0001429388221841052
bahamas,0.0001429388221841052
barbados,0.0001429388221841052
belarus,0.0001429388221841052
belize,0.0001429388221841052
bolivia,0.0001429388221841052
botswana,0.0001429388221841052
burundi,0.0001429388221841052
cape,0.0001429388221841052
verde,0.0001429388221841052
chile,0.0001429388221841052
colombia,0.0001429388221841052
congo,0.0002858776443682104
dr,0.0001429388221841052
te,0.0001429388221841052
ivoire,0.0001429388221841052
cuba,0.0001429388221841052
dominica,0.0001429388221841052
dominican,0.0001429388221841052
ecuador,0.0001429388221841052
equatorial,0.0001429388221841052
ethiopia,0.0002858776443682104
fiji,0.0001429388221841052
ghana,0.0001429388221841052
grenada,0.0001429388221841052
guatemala,0.0001429388221841052
haiti,0.0001429388221841052
honduras,0.0001429388221841052
jamaica,0.0001429388221841052
kenya,0.0001429388221841052
lesotho,0.0001429388221841052
liberia,0.0001429388221841052
madagascar,0.0001429388221841052
malawi,0.0001429388221841052
mauritius,0.0001429388221841052
namibia,0.0001429388221841052
nicaragua,0.0001429388221841052
panama,0.0001429388221841052
papua,0.0001429388221841052
peru,0.0001429388221841052
rwanda,0.0001429388221841052
saint,0.0004288164665523156
kitts,0.0001429388221841052
nevis,0.0001429388221841052
lucia,0.0001429388221841052
vincent,0.0001429388221841052
grenadines,0.0001429388221841052
o,0.0001429388221841052
tom,0.0001429388221841052
pr,0.0001429388221841052
ncipe,0.0001429388221841052
seychelles,0.0001429388221841052
swaziland,0.0001429388221841052
tanzania,0.0001429388221841052
trinidad,0.0001429388221841052
tobago,0.0001429388221841052
vanuatu,0.0001429388221841052
zambia,0.0001429388221841052
zimbabwe,0.0001429388221841052
costa,0.0001429388221841052
rica,0.0001429388221841052
salvador,0.0001429388221841052
mexico,0.0001429388221841052
paraguay,0.0001429388221841052
serbia,0.0001429388221841052
ukraine,0.0001429388221841052
uruguay,0.0001429388221841052
commonwealth,0.0001429388221841052
secretariat,0.0001429388221841052
centre,0.0001429388221841052
speaking,0.0001429388221841052
hebrew,0.0001429388221841052
gaza,0.0001429388221841052
uae,0.0001429388221841052
journey,0.0001429388221841052
cilicia,0.0001429388221841052
derbe,0.0001429388221841052
lystra,0.0001429388221841052
phrygia,0.0001429388221841052
galatia,0.0001429388221841052
mysia,0.0001429388221841052
alexandria,0.0001429388221841052
troas,0.0001429388221841052
samothrace,0.0001429388221841052
neapolis,0.0001429388221841052
philippi,0.0001429388221841052
amphipolis,0.0001429388221841052
apollonia,0.0001429388221841052
thessalonica,0.0001429388221841052
beroea,0.0001429388221841052
athens,0.0001429388221841052
corinth,0.0001429388221841052
cenchreae,0.0001429388221841052
ephesus,0.0001429388221841052
caesarea,0.0001429388221841052
jerusalem,0.0001429388221841052
