terrorist,0.016965742251223492
redirects,0.0003262642740619902
uses,0.0004893964110929853
disambiguation,0.0001631321370309951
organization,0.001957585644371941
list,0.0013050570962479609
designated,0.0006525285481239804
organizations,0.0022838499184339315
united,0.005383360522022838
airlines,0.0001631321370309951
flight,0.0006525285481239804
hits,0.0001631321370309951
south,0.0011419249592169657
tower,0.0001631321370309951
world,0.002446982055464927
trade,0.0003262642740619902
center,0.0009787928221859706
september,0.0021207177814029365
new,0.004404567699836868
york,0.0027732463295269166
city,0.0003262642740619902
states,0.003915171288743882
emergency,0.0006525285481239804
services,0.0001631321370309951
outside,0.0003262642740619902
russell,0.0003262642740619902
square,0.0003262642740619902
underground,0.0006525285481239804
station,0.0006525285481239804
th,0.0008156606851549756
july,0.0013050570962479609
bombings,0.0008156606851549756
london,0.0016313213703099511
kingdom,0.0008156606851549756
terrorism,0.04567699836867863
definitions,0.001468189233278956
history,0.0017944535073409463
incidents,0.0006525285481239804
types,0.0011419249592169657
anarchist,0.0003262642740619902
nationalist,0.0004893964110929853
communist,0.0003262642740619902
conservative,0.0003262642740619902
left,0.0006525285481239804
wing,0.0009787928221859706
right,0.0006525285481239804
saffron,0.0001631321370309951
terror,0.00636215334420881
militia,0.0001631321370309951
movement,0.0004893964110929853
resistance,0.0006525285481239804
religious,0.002936378466557912
christian,0.0006525285481239804
islamic,0.0009787928221859706
jewish,0.0008156606851549756
single,0.0006525285481239804
issue,0.0004893964110929853
eco,0.0004893964110929853
anti,0.0016313213703099511
abortion,0.0003262642740619902
ethnic,0.0004893964110929853
narcoterrorism,0.0003262642740619902
tactics,0.001468189233278956
agro,0.0001631321370309951
aircraft,0.0003262642740619902
hijacking,0.0003262642740619902
animal,0.0008156606851549756
borne,0.0001631321370309951
bomb,0.0011419249592169657
attacks,0.004404567699836868
bioterrorism,0.0001631321370309951
car,0.0004893964110929853
bombing,0.0016313213703099511
cyberterrorism,0.0003262642740619902
dirty,0.0001631321370309951
dry,0.0001631321370309951
run,0.0001631321370309951
explosive,0.0003262642740619902
hostage,0.0004893964110929853
taking,0.0003262642740619902
improvised,0.0001631321370309951
device,0.0001631321370309951
individual,0.0009787928221859706
insurgency,0.0016313213703099511
kidnapping,0.0003262642740619902
letter,0.0004893964110929853
nuclear,0.0004893964110929853
paper,0.0004893964110929853
piracy,0.0001631321370309951
propaganda,0.0004893964110929853
deed,0.0003262642740619902
proxy,0.0001631321370309951
school,0.0006525285481239804
shooting,0.0001631321370309951
suicide,0.002936378466557912
attack,0.001468189233278956
rockets,0.0001631321370309951
mortars,0.0001631321370309951
groups,0.004404567699836868
charities,0.0001631321370309951
accused,0.0004893964110929853
ties,0.0001631321370309951
state,0.011419249592169658
sponsored,0.0009787928221859706
iran,0.0003262642740619902
pakistan,0.0013050570962479609
russia,0.0003262642740619902
saudi,0.0004893964110929853
arabia,0.0004893964110929853
sri,0.0001631321370309951
lanka,0.0001631321370309951
financing,0.0008156606851549756
fronting,0.0001631321370309951
training,0.0001631321370309951
camp,0.0003262642740619902
lone,0.0004893964110929853
wolf,0.0004893964110929853
clandestine,0.0006525285481239804
cell,0.0003262642740619902
leaderless,0.0001631321370309951
fighting,0.0003262642740619902
counter,0.0017944535073409463
international,0.006035889070146819
conventions,0.0013050570962479609
legislation,0.0003262642740619902
insurance,0.0003262642740619902
v,0.0008156606851549756
t,0.0008156606851549756
e,0.001468189233278956
systematic,0.0001631321370309951
use,0.003915171288743882
violent,0.0022838499184339315
especially,0.0003262642740619902
means,0.0006525285481239804
coercion,0.0003262642740619902
community,0.0013050570962479609
legally,0.0004893964110929853
binding,0.0004893964110929853
criminal,0.001468189233278956
law,0.001957585644371941
definition,0.002936378466557912
common,0.0011419249592169657
refer,0.0003262642740619902
acts,0.004404567699836868
intended,0.0006525285481239804
create,0.0004893964110929853
fear,0.0022838499184339315
perpetrated,0.0004893964110929853
political,0.00864600326264274
ideological,0.0008156606851549756
goal,0.0008156606851549756
deliberately,0.0003262642740619902
target,0.0008156606851549756
disregard,0.0001631321370309951
safety,0.0003262642740619902
non,0.002446982055464927
combatants,0.0008156606851549756
civilians,0.0021207177814029365
include,0.0011419249592169657
unlawful,0.0006525285481239804
violence,0.004567699836867863
war,0.004567699836867863
similar,0.0013050570962479609
protection,0.0003262642740619902
rackets,0.0001631321370309951
enforce,0.0003262642740619902
code,0.0001631321370309951
silence,0.0001631321370309951
usually,0.0013050570962479609
labeled,0.0004893964110929853
actions,0.0013050570962479609
politically,0.0004893964110929853
motivated,0.0004893964110929853
group,0.0035889070146818925
writer,0.0003262642740619902
heinrich,0.0003262642740619902
b,0.0027732463295269166
ll,0.0003262642740619902
scholars,0.0003262642740619902
raj,0.0003262642740619902
desai,0.0004893964110929853
harry,0.0003262642740619902
eckstein,0.0003262642740619902
suggested,0.0001631321370309951
attempts,0.0004893964110929853
protect,0.0003262642740619902
lead,0.0001631321370309951
kind,0.0006525285481239804
social,0.001468189233278956
oppression,0.0003262642740619902
word,0.0021207177814029365
emotionally,0.0003262642740619902
charged,0.0003262642740619902
greatly,0.0003262642740619902
compounds,0.0001631321370309951
difficulty,0.0001631321370309951
providing,0.0001631321370309951
precise,0.0001631321370309951
studies,0.0013050570962479609
concept,0.0008156606851549756
controversial,0.0004893964110929853
used,0.0027732463295269166
authorities,0.0001631321370309951
individuals,0.0011419249592169657
access,0.0001631321370309951
support,0.0004893964110929853
delegitimize,0.0003262642740619902
opponents,0.0008156606851549756
potentially,0.0001631321370309951
legitimize,0.0001631321370309951
s,0.008809135399673736
armed,0.0004893964110929853
force,0.0017944535073409463
described,0.0017944535073409463
practiced,0.0004893964110929853
broad,0.0003262642740619902
array,0.0001631321370309951
objectives,0.0008156606851549756
parties,0.0003262642740619902
nationalistic,0.0001631321370309951
revolutionaries,0.0001631321370309951
ruling,0.0001631321370309951
governments,0.0011419249592169657
abiding,0.0001631321370309951
characteristic,0.0003262642740619902
indiscriminate,0.0004893964110929853
noncombatants,0.0001631321370309951
purpose,0.0011419249592169657
gaining,0.0001631321370309951
publicity,0.0004893964110929853
cause,0.0016313213703099511
symbolism,0.0001631321370309951
leverage,0.0001631321370309951
human,0.0006525285481239804
help,0.0001631321370309951
achieve,0.0006525285481239804
goals,0.0009787928221859706
contents,0.0001631321370309951
origin,0.0004893964110929853
term,0.0032626427406199023
pejorative,0.0006525285481239804
motivation,0.0004893964110929853
terrorists,0.005383360522022838
democracy,0.0006525285481239804
domestic,0.001468189233278956
perpetrators,0.0006525285481239804
sponsors,0.0004893964110929853
funding,0.001468189233278956
responses,0.0006525285481239804
mass,0.0011419249592169657
media,0.002936378466557912
databases,0.0006525285481239804
references,0.0003262642740619902
reading,0.0003262642740619902
external,0.0003262642740619902
links,0.0004893964110929853
comes,0.0001631321370309951
french,0.0013050570962479609
terrorisme,0.0003262642740619902
originally,0.0004893964110929853
referred,0.0006525285481239804
specifically,0.0001631321370309951
government,0.0037520391517128875
reign,0.0006525285481239804
turn,0.0001631321370309951
derives,0.0001631321370309951
latin,0.0003262642740619902
verb,0.0001631321370309951
terre,0.0001631321370309951
meaning,0.0008156606851549756
frighten,0.0003262642740619902
cimbricus,0.0001631321370309951
panic,0.0001631321370309951
rome,0.0001631321370309951
response,0.0004893964110929853
approach,0.0003262642740619902
warriors,0.0001631321370309951
cimbri,0.0001631321370309951
tribe,0.0001631321370309951
bc,0.0001631321370309951
jacobins,0.0006525285481239804
cited,0.0003262642740619902
precedent,0.0001631321370309951
imposing,0.0001631321370309951
revolution,0.0004893964110929853
lost,0.0001631321370309951
power,0.0011419249592169657
abuse,0.0022838499184339315
committed,0.0006525285481239804
currently,0.0001631321370309951
refers,0.0003262642740619902
killing,0.0008156606851549756
innocent,0.0008156606851549756
people,0.0026101141924959217
way,0.0009787928221859706
spectacle,0.0003262642740619902
traced,0.0003262642740619902
sergey,0.0003262642740619902
nechayev,0.0006525285481239804
founded,0.0003262642740619902
russian,0.0004893964110929853
retribution,0.0003262642740619902
november,0.0008156606851549756
nations,0.0026101141924959217
secretary,0.0004893964110929853
general,0.0013050570962479609
report,0.001468189233278956
act,0.0037520391517128875
death,0.0011419249592169657
bodily,0.0003262642740619902
harm,0.0004893964110929853
intimidating,0.0004893964110929853
population,0.001468189233278956
compelling,0.0003262642740619902
abstain,0.0003262642740619902
doing,0.0004893964110929853
main,0.001468189233278956
article,0.001468189233278956
stamp,0.0001631321370309951
azerbaijan,0.0001631321370309951
stop,0.0001631321370309951
description,0.0004893964110929853
proved,0.0003262642740619902
various,0.0008156606851549756
legal,0.0006525285481239804
systems,0.0001631321370309951
agencies,0.0003262642740619902
different,0.0008156606851549756
national,0.001957585644371941
slow,0.0001631321370309951
formulate,0.0001631321370309951
universally,0.0003262642740619902
agreed,0.0003262642740619902
crime,0.0013050570962479609
difficulties,0.0001631321370309951
arise,0.0001631321370309951
fact,0.0001631321370309951
regard,0.0003262642740619902
angus,0.0003262642740619902
martyn,0.0003262642740619902
briefing,0.0001631321370309951
australian,0.0003262642740619902
parliament,0.0003262642740619902
stated,0.0004893964110929853
succeeded,0.0001631321370309951
developing,0.0001631321370309951
accepted,0.0008156606851549756
comprehensive,0.0004893964110929853
define,0.0006525285481239804
floundered,0.0001631321370309951
mainly,0.0001631321370309951
differences,0.0003262642740619902
opinion,0.0003262642740619902
members,0.0013050570962479609
context,0.0009787928221859706
conflicts,0.0003262642740619902
liberation,0.001468189233278956
self,0.0004893964110929853
determination,0.0001631321370309951
divergences,0.0001631321370309951
impossible,0.0001631321370309951
conclude,0.0003262642740619902
convention,0.0003262642740619902
incorporates,0.0001631321370309951
encompassing,0.0001631321370309951
adopted,0.0001631321370309951
series,0.0004893964110929853
sectoral,0.0001631321370309951
criminalize,0.0001631321370309951
activities,0.0009787928221859706
assembly,0.0003262642740619902
repeatedly,0.0001631321370309951
condemned,0.0001631321370309951
using,0.0013050570962479609
following,0.0009787928221859706
calculated,0.0001631321370309951
provoke,0.0001631321370309951
public,0.0004893964110929853
persons,0.0006525285481239804
particular,0.0011419249592169657
purposes,0.0011419249592169657
circumstance,0.0003262642740619902
unjustifiable,0.0001631321370309951
considerations,0.0001631321370309951
philosophical,0.0001631321370309951
racial,0.0001631321370309951
nature,0.0001631321370309951
invoked,0.0001631321370309951
justify,0.0001631321370309951
bruce,0.001957585644371941
hoffman,0.0022838499184339315
scholar,0.0003262642740619902
noted,0.0003262642740619902
governmental,0.0008156606851549756
apparatus,0.0001631321370309951
agree,0.0003262642740619902
experts,0.0001631321370309951
long,0.0006525285481239804
established,0.0001631321370309951
field,0.0001631321370309951
equally,0.0003262642740619902
incapable,0.0001631321370309951
reaching,0.0003262642740619902
consensus,0.0001631321370309951
edition,0.0003262642740619902
magisterial,0.0001631321370309951
survey,0.0003262642740619902
research,0.0016313213703099511
guide,0.0004893964110929853
alex,0.0004893964110929853
schmid,0.0003262642740619902
devoted,0.0001631321370309951
pages,0.0003262642740619902
examining,0.0001631321370309951
effort,0.0001631321370309951
discover,0.0001631321370309951
broadly,0.0003262642740619902
acceptable,0.0001631321370309951
reasonably,0.0001631321370309951
explication,0.0001631321370309951
years,0.0013050570962479609
second,0.0003262642740619902
later,0.0006525285481239804
schimd,0.0001631321370309951
closer,0.0001631321370309951
quest,0.0001631321370309951
conceding,0.0001631321370309951
sentence,0.0001631321370309951
revised,0.0001631321370309951
volume,0.0001631321370309951
search,0.0003262642740619902
adequate,0.0001631321370309951
walter,0.0003262642740619902
laqueur,0.0003262642740619902
despaired,0.0001631321370309951
defining,0.0001631321370309951
editions,0.0001631321370309951
monumental,0.0001631321370309951
work,0.0004893964110929853
subject,0.0004893964110929853
maintaining,0.0001631321370309951
possible,0.0003262642740619902
worthwhile,0.0001631321370309951
make,0.0001631321370309951
attempt,0.0006525285481239804
believes,0.0001631321370309951
identify,0.0003262642740619902
key,0.0001631321370309951
characteristics,0.0001631321370309951
proposes,0.0001631321370309951
baghdad,0.0001631321370309951
bus,0.0001631321370309951
scene,0.0001631321370309951
triple,0.0001631321370309951
august,0.0009787928221859706
killed,0.0011419249592169657
distinguishing,0.0001631321370309951
criminals,0.0001631321370309951
forms,0.0003262642740619902
come,0.0004893964110929853
appreciate,0.0001631321370309951
ineluctably,0.0001631321370309951
aims,0.0003262642740619902
motives,0.0004893964110929853
important,0.0003262642740619902
threatens,0.0001631321370309951
designed,0.0008156606851549756
far,0.0003262642740619902
psychological,0.0011419249592169657
repercussions,0.0001631321370309951
immediate,0.0004893964110929853
victim,0.0008156606851549756
conducted,0.0001631321370309951
identifiable,0.0001631321370309951
chain,0.0001631321370309951
command,0.0003262642740619902
conspiratorial,0.0001631321370309951
structure,0.0001631321370309951
wear,0.0001631321370309951
uniform,0.0001631321370309951
identifying,0.0001631321370309951
insignia,0.0001631321370309951
subnational,0.0001631321370309951
entity,0.0001631321370309951
proposed,0.0001631321370309951
carsten,0.0003262642740619902
bockstette,0.0003262642740619902
george,0.0006525285481239804
c,0.0009787928221859706
marshall,0.0003262642740619902
european,0.0004893964110929853
security,0.0021207177814029365
underlines,0.0001631321370309951
tactical,0.0003262642740619902
aspects,0.0001631321370309951
defined,0.0006525285481239804
asymmetrical,0.0001631321370309951
conflict,0.0011419249592169657
induce,0.0003262642740619902
psychic,0.0001631321370309951
victimization,0.0001631321370309951
destruction,0.0013050570962479609
noncombatant,0.0001631321370309951
targets,0.0004893964110929853
iconic,0.0003262642740619902
symbols,0.0004893964110929853
meant,0.0003262642740619902
send,0.0001631321370309951
message,0.0003262642740619902
illicit,0.0001631321370309951
exploit,0.0001631321370309951
order,0.0009787928221859706
maximum,0.0001631321370309951
attainable,0.0001631321370309951
amplifying,0.0001631321370309951
multiplier,0.0001631321370309951
influence,0.0001631321370309951
targeted,0.0011419249592169657
audience,0.0003262642740619902
reach,0.0004893964110929853
short,0.0001631321370309951
midterm,0.0001631321370309951
desired,0.0003262642740619902
end,0.0004893964110929853
oslo,0.0001631321370309951
norway,0.0003262642740619902
immediately,0.0001631321370309951
anders,0.0001631321370309951
behring,0.0001631321370309951
breivik,0.0001631321370309951
strategic,0.0009787928221859706
generally,0.0003262642740619902
involves,0.0003262642740619902
threat,0.0016313213703099511
citation,0.001468189233278956
needed,0.0017944535073409463
criterion,0.0008156606851549756
does,0.0006525285481239804
produce,0.0003262642740619902
useful,0.0003262642740619902
includes,0.0004893964110929853
considered,0.0009787928221859706
riot,0.0001631321370309951
organized,0.0003262642740619902
simple,0.0001631321370309951
assault,0.0001631321370309951
property,0.0004893964110929853
endanger,0.0001631321370309951
life,0.0004893964110929853
according,0.001468189233278956
earth,0.0003262642740619902
carried,0.0009787928221859706
maximize,0.0003262642740619902
severity,0.0001631321370309951
length,0.0001631321370309951
impact,0.0003262642740619902
performance,0.0001631321370309951
devised,0.0001631321370309951
large,0.0003262642740619902
audiences,0.0001631321370309951
shake,0.0001631321370309951
foundation,0.0003262642740619902
country,0.0003262642740619902
society,0.0006525285481239804
opposed,0.0001631321370309951
negatively,0.0001631321370309951
affect,0.0003262642740619902
increasing,0.0001631321370309951
prestige,0.0001631321370309951
given,0.0001631321370309951
ideology,0.0001631321370309951
frequently,0.0003262642740619902
tactic,0.0001631321370309951
like,0.0016313213703099511
writing,0.0001631321370309951
protesting,0.0001631321370309951
activists,0.0001631321370309951
believe,0.0001631321370309951
effect,0.0001631321370309951
change,0.0004893964110929853
desire,0.0003262642740619902
badly,0.0001631321370309951
failure,0.0003262642740619902
seen,0.0004893964110929853
worse,0.0003262642740619902
outcome,0.0001631321370309951
deaths,0.0003262642740619902
inter,0.0004893964110929853
relationship,0.0006525285481239804
religion,0.0004893964110929853
occurs,0.0001631321370309951
struggle,0.0008156606851549756
integrated,0.0001631321370309951
framework,0.0003262642740619902
cosmic,0.0001631321370309951
control,0.0008156606851549756
ancestral,0.0001631321370309951
homeland,0.0006525285481239804
holy,0.0001631321370309951
site,0.0008156606851549756
israel,0.0004893964110929853
jerusalem,0.0003262642740619902
failing,0.0001631321370309951
nationalism,0.0004893964110929853
equated,0.0001631321370309951
spiritual,0.0001631321370309951
highly,0.0003262642740619902
victims,0.0008156606851549756
threats,0.0001631321370309951
specific,0.0013050570962479609
tools,0.0001631321370309951
animals,0.0003262642740619902
corrupt,0.0001631321370309951
beings,0.0001631321370309951
tie,0.0001631321370309951
view,0.0011419249592169657
possess,0.0001631321370309951
suffering,0.0001631321370309951
accomplishes,0.0001631321370309951
instilling,0.0001631321370309951
getting,0.0003262642740619902
satisfying,0.0001631321370309951
demands,0.0001631321370309951
radical,0.0001631321370309951
agendas,0.0001631321370309951
collection,0.0003262642740619902
photographs,0.0001631321370309951
official,0.0006525285481239804
illegitimacy,0.0001631321370309951
unlawfulness,0.0001631321370309951
better,0.0001631321370309951
source,0.0003262642740619902
distinguish,0.0001631321370309951
authorized,0.0003262642740619902
lawful,0.0003262642740619902
actors,0.0011419249592169657
including,0.0006525285481239804
small,0.0006525285481239804
qualify,0.0001631321370309951
sanctioned,0.0001631321370309951
example,0.0013050570962479609
firebombing,0.0001631321370309951
civilian,0.0008156606851549756
original,0.0011419249592169657
inherently,0.0001631321370309951
problematic,0.0001631321370309951
attribution,0.0001631321370309951
denies,0.0001631321370309951
existence,0.0001631321370309951
classed,0.0001631321370309951
depending,0.0004893964110929853
sponsorship,0.0001631321370309951
legitimate,0.0006525285481239804
legitimacy,0.0001631321370309951
lawfulness,0.0001631321370309951
subjective,0.0004893964110929853
perspective,0.0001631321370309951
diverges,0.0001631321370309951
historically,0.0001631321370309951
recognize,0.0001631321370309951
possibility,0.0001631321370309951
invader,0.0003262642740619902
occupied,0.0001631321370309951
label,0.0006525285481239804
movements,0.0003262642740619902
oppose,0.0001631321370309951
undiscriminately,0.0001631321370309951
kill,0.0003262642740619902
making,0.0004893964110929853
distinction,0.0003262642740619902
ali,0.0003262642740619902
khan,0.0003262642740619902
lies,0.0003262642740619902
ultimatedly,0.0001631321370309951
judgment,0.0003262642740619902
associated,0.0001631321370309951
arguably,0.0001631321370309951
easily,0.0001631321370309951
definable,0.0001631321370309951
equivalent,0.0003262642740619902
actor,0.0003262642740619902
semantic,0.0001631321370309951
scope,0.0003262642740619902
excluding,0.0001631321370309951
previously,0.0001631321370309951
explicitly,0.0001631321370309951
excludes,0.0001631321370309951
fbi,0.0001631321370309951
intimidate,0.0003262642740619902
coerce,0.0001631321370309951
segment,0.0004893964110929853
thereof,0.0001631321370309951
furtherance,0.0001631321370309951
barack,0.0001631321370309951
obama,0.0004893964110929853
commenting,0.0001631321370309951
boston,0.0003262642740619902
marathon,0.0003262642740619902
april,0.0008156606851549756
declared,0.0001631321370309951
anytime,0.0001631321370309951
bombs,0.0004893964110929853
terms,0.0009787928221859706
engages,0.0001631321370309951
carry,0.0003262642740619902
strong,0.0003262642740619902
negative,0.0004893964110929853
connotations,0.0006525285481239804
labels,0.0001631321370309951
condemn,0.0003262642740619902
certain,0.0003262642740619902
immoral,0.0001631321370309951
unjustified,0.0001631321370309951
entire,0.0001631321370309951
rarely,0.0003262642740619902
typically,0.0004893964110929853
situation,0.0006525285481239804
separatist,0.0004893964110929853
freedom,0.0026101141924959217
fighter,0.0006525285481239804
liberator,0.0001631321370309951
revolutionary,0.0008156606851549756
vigilante,0.0001631321370309951
militant,0.0001631321370309951
paramilitary,0.0001631321370309951
guerrilla,0.0001631321370309951
rebel,0.0001631321370309951
patriot,0.0004893964110929853
languages,0.0001631321370309951
cultures,0.0001631321370309951
jihadi,0.0003262642740619902
mujaheddin,0.0001631321370309951
fedayeen,0.0001631321370309951
arabic,0.0001631321370309951
words,0.0003262642740619902
entered,0.0001631321370309951
english,0.0003262642740619902
lexicon,0.0001631321370309951
question,0.0003262642740619902
justified,0.0003262642740619902
lesser,0.0001631321370309951
evil,0.0006525285481239804
philosophers,0.0004893964110929853
expressed,0.0003262642740619902
views,0.0003262642740619902
david,0.0006525285481239804
rodin,0.0003262642740619902
utilitarian,0.0003262642740619902
theory,0.0004893964110929853
conceive,0.0001631321370309951
cases,0.0001631321370309951
outweighed,0.0001631321370309951
good,0.0003262642740619902
achieved,0.0003262642740619902
morally,0.0004893964110929853
costly,0.0001631321370309951
practice,0.0001631321370309951
harmful,0.0001631321370309951
effects,0.0003262642740619902
undermining,0.0001631321370309951
combatant,0.0004893964110929853
immunity,0.0001631321370309951
thought,0.0003262642740619902
outweigh,0.0001631321370309951
goods,0.0001631321370309951
michael,0.0011419249592169657
walzer,0.0003262642740619902
argued,0.0003262642740619902
case,0.0006525285481239804
nation,0.0004893964110929853
faces,0.0001631321370309951
extreme,0.0004893964110929853
complete,0.0001631321370309951
preserve,0.0003262642740619902
intentionally,0.0001631321370309951
targeting,0.0001631321370309951
entitled,0.0004893964110929853
book,0.0003262642740619902
inside,0.001957585644371941
offered,0.0003262642740619902
explanation,0.0001631321370309951
distorted,0.0001631321370309951
point,0.0006525285481239804
agrees,0.0001631321370309951
intrinsically,0.0001631321370309951
applied,0.0001631321370309951
enemies,0.0003262642740619902
disagrees,0.0001631321370309951
prefer,0.0006525285481239804
ignore,0.0001631321370309951
called,0.001468189233278956
brian,0.0001631321370309951
jenkins,0.0001631321370309951
written,0.0001631321370309951
depend,0.0001631321370309951
implies,0.0001631321370309951
moral,0.0004893964110929853
party,0.0004893964110929853
successfully,0.0001631321370309951
attach,0.0001631321370309951
opponent,0.0001631321370309951
indirectly,0.0001631321370309951
persuaded,0.0001631321370309951
adopt,0.0001631321370309951
viewpoint,0.0003262642740619902
decision,0.0001631321370309951
unavoidably,0.0001631321370309951
largely,0.0001631321370309951
sympathizes,0.0001631321370309951
opposes,0.0001631321370309951
person,0.0004893964110929853
concerned,0.0001631321370309951
identifies,0.0003262642740619902
perpetrator,0.0001631321370309951
regarded,0.0004893964110929853
sympathetic,0.0001631321370309951
positive,0.0001631321370309951
worst,0.0001631321370309951
ambivalent,0.0001631321370309951
light,0.0001631321370309951
summed,0.0001631321370309951
aphorism,0.0001631321370309951
man,0.0009787928221859706
exemplified,0.0001631321370309951
irregular,0.0001631321370309951
military,0.0011419249592169657
methods,0.0008156606851549756
ally,0.0003262642740619902
mutual,0.0001631321370309951
enemy,0.0001631321370309951
falls,0.0004893964110929853
starts,0.0001631321370309951
ii,0.0006525285481239804
malayan,0.0008156606851549756
japanese,0.0004893964110929853
army,0.0011419249592169657
allied,0.0001631321370309951
british,0.0006525285481239804
successor,0.0001631321370309951
races,0.0001631321370309951
branded,0.0003262642740619902
recently,0.0001631321370309951
ronald,0.0004893964110929853
reagan,0.0003262642740619902
american,0.0004893964110929853
administration,0.0004893964110929853
afghan,0.0004893964110929853
mujahideen,0.0003262642740619902
fighters,0.0004893964110929853
soviet,0.0004893964110929853
union,0.0011419249592169657
generation,0.0001631321370309951
men,0.0003262642740619902
perceive,0.0001631321370309951
regime,0.0003262642740619902
installed,0.0001631321370309951
foreign,0.0008156606851549756
powers,0.0003262642740619902
labelled,0.0001631321370309951
w,0.0001631321370309951
bush,0.0003262642740619902
understandably,0.0001631321370309951
reflecting,0.0001631321370309951
action,0.0009787928221859706
leading,0.0003262642740619902
researcher,0.0001631321370309951
professor,0.0004893964110929853
martin,0.0003262642740619902
rudner,0.0001631321370309951
director,0.0004893964110929853
canadian,0.0001631321370309951
centre,0.0001631321370309951
intelligence,0.0006525285481239804
ottawa,0.0001631321370309951
carleton,0.0001631321370309951
university,0.0037520391517128875
defines,0.0004893964110929853
said,0.0011419249592169657
famous,0.0001631321370309951
statement,0.0001631321370309951
grossly,0.0001631321370309951
misleading,0.0001631321370309951
assesses,0.0001631321370309951
validity,0.0001631321370309951
perfectly,0.0001631321370309951
beautiful,0.0001631321370309951
commits,0.0001631321370309951
regardless,0.0004893964110929853
involved,0.0003262642740619902
western,0.0003262642740619902
leaders,0.0008156606851549756
liberated,0.0001631321370309951
statesmen,0.0001631321370309951
examples,0.0008156606851549756
phenomenon,0.0001631321370309951
nobel,0.0001631321370309951
peace,0.0006525285481239804
prize,0.0003262642740619902
laureates,0.0001631321370309951
menachem,0.0008156606851549756
begin,0.0011419249592169657
nelson,0.0009787928221859706
mandela,0.0008156606851549756
wikileaks,0.0003262642740619902
whistleblower,0.0001631321370309951
julian,0.0003262642740619902
assange,0.0003262642740619902
sarah,0.0001631321370309951
palin,0.0001631321370309951
joe,0.0001631321370309951
biden,0.0001631321370309951
close,0.0004893964110929853
allies,0.0003262642740619902
reasons,0.0003262642740619902
culture,0.0001631321370309951
politics,0.0006525285481239804
disagree,0.0001631321370309951
instance,0.0001631321370309951
branches,0.0001631321370309951
refused,0.0001631321370309951
irish,0.0004893964110929853
republican,0.0001631321370309951
ira,0.0003262642740619902
closest,0.0001631321370309951
uk,0.0006525285481239804
highlighted,0.0001631321370309951
quinn,0.0003262642740619902
robinson,0.0003262642740619902
outlets,0.0001631321370309951
wishing,0.0001631321370309951
reputation,0.0001631321370309951
impartiality,0.0001631321370309951
try,0.0001631321370309951
careful,0.0001631321370309951
king,0.0001631321370309951
hotel,0.0003262642740619902
bombed,0.0001631321370309951
zionist,0.0001631321370309951
irgun,0.0004893964110929853
damages,0.0001631321370309951
u,0.001468189233278956
embassy,0.0001631321370309951
beirut,0.0003262642740619902
caused,0.0001631321370309951
sbarro,0.0001631321370309951
pizza,0.0001631321370309951
restaurant,0.0001631321370309951
israeli,0.0001631321370309951
wounded,0.0001631321370309951
hamas,0.0003262642740619902
bomber,0.0001631321370309951
early,0.0004893964110929853
enforcement,0.0001631321370309951
assistant,0.0001631321370309951
formed,0.0003262642740619902
advisory,0.0003262642740619902
committee,0.0013050570962479609
justice,0.0004893964110929853
standards,0.0003262642740619902
volumes,0.0001631321370309951
wrote,0.0003262642740619902
disorders,0.0006525285481239804
produced,0.0001631321370309951
task,0.0008156606851549756
direction,0.0001631321370309951
h,0.0003262642740619902
cooper,0.0001631321370309951
staff,0.0001631321370309951
classified,0.0001631321370309951
categories,0.0001631321370309951
civil,0.0008156606851549756
disorder,0.0003262642740619902
form,0.001957585644371941
collective,0.0003262642740619902
interfering,0.0001631321370309951
normal,0.0003262642740619902
functioning,0.0001631321370309951
behaviour,0.0003262642740619902
primarily,0.0001631321370309951
generate,0.0001631321370309951
substantial,0.0001631321370309951
aimed,0.0001631321370309951
exhibits,0.0001631321370309951
conscious,0.0003262642740619902
design,0.0001631321370309951
maintain,0.0003262642740619902
high,0.0008156606851549756
degree,0.0003262642740619902
coercive,0.0003262642740619902
gain,0.0001631321370309951
achievement,0.0001631321370309951
objective,0.0001631321370309951
quasi,0.0008156606851549756
incidental,0.0001631321370309951
commission,0.0001631321370309951
crimes,0.0006525285481239804
method,0.0003262642740619902
genuine,0.0008156606851549756
lack,0.0001631321370309951
essential,0.0001631321370309951
ingredient,0.0001631321370309951
modalities,0.0001631321370309951
techniques,0.0004893964110929853
produces,0.0001631321370309951
consequences,0.0001631321370309951
reaction,0.0001631321370309951
fleeing,0.0001631321370309951
felon,0.0001631321370309951
takes,0.0001631321370309951
hostages,0.0003262642740619902
quite,0.0001631321370309951
limited,0.0003262642740619902
characterized,0.0001631321370309951
concerted,0.0001631321370309951
campaign,0.0003262642740619902
capture,0.0001631321370309951
referring,0.0001631321370309951
rule,0.0004893964110929853
based,0.0006525285481239804
proportions,0.0001631321370309951
structural,0.0003262642740619902
pursuit,0.0001631321370309951
policy,0.0009787928221859706
number,0.0004893964110929853
failed,0.0004893964110929853
foiled,0.0001631321370309951
successful,0.0003262642740619902
year,0.0001631321370309951
type,0.0004893964110929853
europol,0.0006525285481239804
died,0.0003262642740619902
sources,0.0003262642740619902
typology,0.0001631321370309951
sub,0.0001631321370309951
extremist,0.0003262642740619902
fundamentalist,0.0001631321370309951
religions,0.0001631321370309951
pathological,0.0001631321370309951
collaborators,0.0004893964110929853
cooperating,0.0001631321370309951
undermine,0.0003262642740619902
strategy,0.0009787928221859706
usa,0.0008156606851549756
independence,0.0003262642740619902
ireland,0.0003262642740619902
kenya,0.0001631321370309951
algeria,0.0001631321370309951
cyprus,0.0001631321370309951
struggles,0.0003262642740619902
profile,0.0006525285481239804
symbolic,0.0001631321370309951
incite,0.0003262642740619902
polarise,0.0001631321370309951
al,0.0021207177814029365
qaeda,0.0016313213703099511
draw,0.0001631321370309951
attention,0.0003262642740619902
unreported,0.0001631321370309951
palestinian,0.0004893964110929853
airplane,0.0001631321370309951
hijackings,0.0001631321370309951
moluccan,0.0001631321370309951
crises,0.0001631321370309951
netherlands,0.0001631321370309951
abrahm,0.0001631321370309951
suggests,0.0006525285481239804
select,0.0001631321370309951
effectiveness,0.0001631321370309951
tend,0.0001631321370309951
solidarity,0.0001631321370309951
platforms,0.0001631321370309951
murky,0.0001631321370309951
undefined,0.0001631321370309951
demonstration,0.0001631321370309951
madrid,0.0001631321370309951
eta,0.0004893964110929853
january,0.001468189233278956
roughly,0.0001631321370309951
million,0.0001631321370309951
met,0.0001631321370309951
complex,0.0004893964110929853
intermediate,0.0001631321370309951
democratic,0.0006525285481239804
study,0.0006525285481239804
exception,0.0001631321370309951
evidence,0.0003262642740619902
regarding,0.0001631321370309951
reveals,0.0003262642740619902
modern,0.0004893964110929853
considerable,0.0001631321370309951
concessions,0.0001631321370309951
awarded,0.0001631321370309951
increased,0.0004893964110929853
frequency,0.0001631321370309951
democracies,0.0004893964110929853
spain,0.0003262642740619902
francisco,0.0006525285481239804
franco,0.0003262642740619902
sharply,0.0001631321370309951
shining,0.0004893964110929853
path,0.0004893964110929853
peru,0.0001631321370309951
alberto,0.0001631321370309951
fujimori,0.0001631321370309951
kurdistan,0.0001631321370309951
workers,0.0001631321370309951
turkey,0.0001631321370309951
ruled,0.0001631321370309951
anc,0.0003262642740619902
africa,0.0011419249592169657
indonesia,0.0001631321370309951
india,0.0003262642740619902
philippines,0.0006525285481239804
experienced,0.0001631321370309951
espousing,0.0001631321370309951
liberties,0.0006525285481239804
claim,0.0004893964110929853
sense,0.0003262642740619902
higher,0.0004893964110929853
ground,0.0001631321370309951
regimes,0.0001631321370309951
dilemma,0.0004893964110929853
risk,0.0003262642740619902
perceived,0.0001631321370309951
ineffective,0.0001631321370309951
dealing,0.0003262642740619902
problem,0.0003262642740619902
alternatively,0.0001631321370309951
restrict,0.0001631321370309951
delegitimizing,0.0001631321370309951
supporting,0.0001631321370309951
reason,0.0006525285481239804
homegrown,0.0003262642740619902
started,0.0004893964110929853
greater,0.0001631321370309951
cia,0.0001631321370309951
hayden,0.0001631321370309951
theorists,0.0003262642740619902
play,0.0003262642740619902
initial,0.0001631321370309951
plans,0.0001631321370309951
acting,0.0001631321370309951
trapped,0.0001631321370309951
train,0.0006525285481239804
exploded,0.0001631321370309951
tube,0.0001631321370309951
islamabad,0.0001631321370309951
marriott,0.0001631321370309951
pakistanis,0.0001631321370309951
recent,0.0004893964110929853
performed,0.0003262642740619902
rooted,0.0001631321370309951
faith,0.0003262642740619902
tenets,0.0001631321370309951
centuries,0.0001631321370309951
grounds,0.0001631321370309951
hope,0.0001631321370309951
spread,0.0004893964110929853
belief,0.0003262642740619902
necessarily,0.0003262642740619902
standpoint,0.0001631321370309951
instead,0.0001631321370309951
interpretation,0.0001631321370309951
teachings,0.0001631321370309951
semi,0.0001631321370309951
image,0.0001631321370309951
secretive,0.0001631321370309951
cells,0.0001631321370309951
serve,0.0001631321370309951
deadly,0.0001631321370309951
operations,0.0001631321370309951
times,0.0026101141924959217
bali,0.0001631321370309951
planned,0.0001631321370309951
clique,0.0001631321370309951
composed,0.0001631321370309951
friends,0.0003262642740619902
family,0.0001631321370309951
networks,0.0003262642740619902
benefited,0.0001631321370309951
free,0.0001631321370309951
flow,0.0001631321370309951
information,0.0001631321370309951
efficient,0.0001631321370309951
telecommunications,0.0003262642740619902
succeed,0.0001631321370309951
attempted,0.0001631321370309951
explain,0.0001631321370309951
psychology,0.0003262642740619902
circumstances,0.0001631321370309951
roderick,0.0001631321370309951
hindery,0.0001631321370309951
sought,0.0001631321370309951
discern,0.0001631321370309951
profiles,0.0003262642740619902
designate,0.0001631321370309951
economist,0.0001631321370309951
alan,0.0003262642740619902
krueger,0.0004893964110929853
likely,0.0004893964110929853
impoverished,0.0003262642740619902
background,0.0001631321370309951
vs,0.0006525285481239804
education,0.0004893964110929853
analysis,0.0006525285481239804
came,0.0003262642740619902
families,0.0001631321370309951
male,0.0001631321370309951
palestinians,0.0004893964110929853
gone,0.0001631321370309951
populace,0.0001631321370309951
avoid,0.0001631321370309951
detection,0.0003262642740619902
look,0.0006525285481239804
dress,0.0001631321370309951
behave,0.0001631321370309951
normally,0.0001631321370309951
executing,0.0003262642740619902
assigned,0.0001631321370309951
mission,0.0001631321370309951
personality,0.0003262642740619902
physical,0.0004893964110929853
sociological,0.0001631321370309951
traits,0.0001631321370309951
behavioral,0.0001631321370309951
majority,0.0001631321370309951
age,0.0001631321370309951
aged,0.0001631321370309951
speculation,0.0001631321370309951
anthrax,0.0001631321370309951
mailed,0.0001631321370309951
letters,0.0001631321370309951
politicians,0.0001631321370309951
articles,0.0003262642740619902
sponsor,0.0001631321370309951
harboring,0.0001631321370309951
opinions,0.0001631321370309951
consist,0.0001631321370309951
vary,0.0003262642740619902
widely,0.0006525285481239804
provide,0.0001631321370309951
acknowledge,0.0001631321370309951
civilization,0.0001631321370309951
clearly,0.0001631321370309951
unarticulated,0.0001631321370309951
hierarchy,0.0004893964110929853
lower,0.0003262642740619902
nearly,0.0003262642740619902
invisible,0.0001631321370309951
unnoticed,0.0001631321370309951
noticed,0.0001631321370309951
fully,0.0001631321370309951
rationalized,0.0001631321370309951
unthinkable,0.0003262642740619902
occur,0.0003262642740619902
shock,0.0001631321370309951
horror,0.0001631321370309951
fetishization,0.0001631321370309951
derrick,0.0003262642740619902
jensen,0.0003262642740619902
terrified,0.0001631321370309951
baby,0.0001631321370309951
alive,0.0001631321370309951
shanghai,0.0001631321370309951
brutal,0.0001631321370309951
chairman,0.0003262642740619902
abused,0.0001631321370309951
judged,0.0001631321370309951
rights,0.0003262642740619902
humanitarian,0.0006525285481239804
kofi,0.0003262642740619902
annan,0.0003262642740619902
time,0.0004893964110929853
set,0.0001631321370309951
aside,0.0001631321370309951
debates,0.0001631321370309951
thoroughly,0.0001631321370309951
regulated,0.0001631321370309951
clear,0.0003262642740619902
deliberate,0.0003262642740619902
unacceptable,0.0001631321370309951
fits,0.0001631321370309951
agents,0.0004893964110929853
forces,0.0006525285481239804
resources,0.0004893964110929853
employed,0.0003262642740619902
policies,0.0003262642740619902
directly,0.0001631321370309951
perform,0.0003262642740619902
science,0.0009787928221859706
stohl,0.0004893964110929853
cites,0.0001631321370309951
germany,0.0001631321370309951
atomic,0.0001631321370309951
hiroshima,0.0001631321370309951
argues,0.0001631321370309951
relations,0.0004893964110929853
remains,0.0003262642740619902
employer,0.0001631321370309951
insurgents,0.0001631321370309951
cite,0.0001631321370309951
strike,0.0001631321370309951
option,0.0001631321370309951
diplomacy,0.0001631321370309951
holds,0.0001631321370309951
implied,0.0001631321370309951
weapons,0.0004893964110929853
crisis,0.0001631321370309951
management,0.0003262642740619902
argue,0.0001631321370309951
institutionalized,0.0001631321370309951
occurred,0.0001631321370309951
result,0.0001631321370309951
changes,0.0001631321370309951
took,0.0003262642740619902
place,0.0001631321370309951
exhibited,0.0001631321370309951
shaped,0.0001631321370309951
presence,0.0001631321370309951
legitimizing,0.0001631321370309951
behavior,0.0003262642740619902
led,0.0003262642740619902
increasingly,0.0001631321370309951
suggest,0.0001631321370309951
genocide,0.0003262642740619902
adolf,0.0001631321370309951
hitler,0.0001631321370309951
peacetime,0.0001631321370309951
pan,0.0001631321370309951
charles,0.0003262642740619902
stewart,0.0001631321370309951
parnell,0.0001631321370309951
william,0.0011419249592169657
ewart,0.0001631321370309951
gladstone,0.0001631321370309951
rent,0.0003262642740619902
manifesto,0.0003262642740619902
land,0.0003262642740619902
repressions,0.0001631321370309951
extrajudicial,0.0003262642740619902
elimination,0.0001631321370309951
campaigns,0.0001631321370309951
commonly,0.0001631321370309951
red,0.0003262642740619902
great,0.0001631321370309951
democide,0.0003262642740619902
empirical,0.0001631321370309951
little,0.0001631321370309951
constituted,0.0001631321370309951
major,0.0008156606851549756
palestine,0.0006525285481239804
funded,0.0001631321370309951
stern,0.0006525285481239804
gang,0.0001631321370309951
received,0.0001631321370309951
italian,0.0003262642740619902
fascist,0.0001631321370309951
officers,0.0001631321370309951
mandate,0.0003262642740619902
created,0.0006525285481239804
nurtured,0.0001631321370309951
achieving,0.0001631321370309951
neighbours,0.0001631321370309951
tax,0.0001631321370309951
essentially,0.0001631321370309951
euphemism,0.0001631321370309951
money,0.0004893964110929853
taxes,0.0001631321370309951
extorted,0.0001631321370309951
businesses,0.0001631321370309951
secondary,0.0001631321370309951
role,0.0006525285481239804
ransoms,0.0001631321370309951
smuggling,0.0001631321370309951
fraud,0.0001631321370309951
robbery,0.0001631321370309951
financial,0.0003262642740619902
body,0.0001631321370309951
october,0.0008156606851549756
included,0.0001631321370309951
combatting,0.0003262642740619902
wall,0.0001631321370309951
street,0.0003262642740619902
noon,0.0001631321370309951
thirty,0.0001631321370309951
injured,0.0003262642740619902
caught,0.0001631321370309951
asymmetric,0.0003262642740619902
warfare,0.0006525285481239804
direct,0.0001631321370309951
conventional,0.0001631321370309951
effective,0.0003262642740619902
scale,0.0001631321370309951
unresolved,0.0001631321370309951
varies,0.0001631321370309951
historical,0.0004893964110929853
secession,0.0001631321370309951
territory,0.0003262642740619902
sovereign,0.0001631321370309951
dominance,0.0001631321370309951
imposition,0.0001631321370309951
economic,0.0003262642740619902
deprivation,0.0001631321370309951
opposition,0.0003262642740619902
occupying,0.0001631321370309951
fanaticism,0.0001631321370309951
explosives,0.0001631321370309951
poison,0.0001631321370309951
concern,0.0001631321370309951
employing,0.0001631321370309951
methodically,0.0001631321370309951
plan,0.0001631321370309951
advance,0.0001631321370309951
participants,0.0004893964110929853
plant,0.0001631321370309951
undercover,0.0001631321370309951
raise,0.0001631321370309951
supporters,0.0001631321370309951
communications,0.0001631321370309951
old,0.0001631321370309951
fashioned,0.0001631321370309951
couriers,0.0001631321370309951
x,0.0003262642740619902
ray,0.0001631321370309951
backscatter,0.0001631321370309951
technology,0.0001631321370309951
ait,0.0001631321370309951
machine,0.0001631321370309951
tsa,0.0004893964110929853
screen,0.0003262642740619902
passengers,0.0001631321370309951
remote,0.0003262642740619902
agent,0.0001631321370309951
alignments,0.0001631321370309951
spectrum,0.0001631321370309951
reassessments,0.0001631321370309951
fundamental,0.0001631321370309951
values,0.0001631321370309951
laws,0.0001631321370309951
procedures,0.0001631321370309951
deportations,0.0001631321370309951
enhanced,0.0003262642740619902
police,0.0001631321370309951
hardening,0.0001631321370309951
locking,0.0001631321370309951
doors,0.0001631321370309951
adding,0.0001631321370309951
traffic,0.0001631321370309951
barriers,0.0001631321370309951
preemptive,0.0003262642740619902
reactive,0.0001631321370309951
surveillance,0.0004893964110929853
permissive,0.0001631321370309951
interrogation,0.0003262642740619902
detention,0.0003262642740619902
narrower,0.0001631321370309951
connotation,0.0001631321370309951
implying,0.0001631321370309951
directed,0.0003262642740619902
dana,0.0003262642740619902
priest,0.0003262642740619902
m,0.0001631321370309951
arkin,0.0003262642740619902
washington,0.0009787928221859706
post,0.0011419249592169657
private,0.0001631321370309951
companies,0.0001631321370309951
programs,0.0001631321370309951
related,0.0009787928221859706
counterterrorism,0.0003262642740619902
locations,0.0001631321370309951
exposure,0.0001631321370309951
primary,0.0001631321370309951
carrying,0.0001631321370309951
expose,0.0001631321370309951
issues,0.0001631321370309951
ignored,0.0001631321370309951
consider,0.0001631321370309951
manipulation,0.0003262642740619902
exploitation,0.0001631321370309951
internet,0.0001631321370309951
channel,0.0001631321370309951
messages,0.0001631321370309951
cycle,0.0001631321370309951
measures,0.0006525285481239804
online,0.0004893964110929853
resource,0.0003262642740619902
occasion,0.0001631321370309951
censor,0.0001631321370309951
restraint,0.0001631321370309951
regulation,0.0001631321370309951
discourage,0.0001631321370309951
encourage,0.0001631321370309951
shown,0.0001631321370309951
conversely,0.0001631321370309951
james,0.0003262642740619902
f,0.0006525285481239804
pastor,0.0003262642740619902
explains,0.0001631321370309951
significant,0.0001631321370309951
underlying,0.0001631321370309951
benefit,0.0001631321370309951
receives,0.0001631321370309951
ceases,0.0001631321370309951
manipulate,0.0001631321370309951
gestalt,0.0003262642740619902
escalate,0.0001631321370309951
symptomatic,0.0001631321370309951
ordinarily,0.0001631321370309951
understand,0.0003262642740619902
innately,0.0001631321370309951
novelist,0.0001631321370309951
gibson,0.0003262642740619902
goes,0.0001631321370309951
sicarii,0.0003262642740619902
zealots,0.0003262642740619902
active,0.0003262642740619902
judaea,0.0001631321370309951
province,0.0001631321370309951
beginning,0.0001631321370309951
st,0.0006525285481239804
century,0.0003262642740619902
ad,0.0004893964110929853
zealotry,0.0001631321370309951
rebellion,0.0003262642740619902
prominent,0.0001631321370309951
roman,0.0001631321370309951
contemporary,0.0001631321370309951
historian,0.0001631321370309951
josephus,0.0001631321370309951
judas,0.0001631321370309951
galilee,0.0001631321370309951
offshoot,0.0001631321370309951
temple,0.0001631321370309951
priests,0.0001631321370309951
sadducees,0.0001631321370309951
herodians,0.0001631321370309951
wealthy,0.0001631321370309951
elites,0.0001631321370309951
jacobin,0.0003262642740619902
club,0.0001631321370309951
prompt,0.0001631321370309951
severe,0.0001631321370309951
inflexible,0.0001631321370309951
leader,0.0001631321370309951
maximilien,0.0001631321370309951
robespierre,0.0004893964110929853
edmund,0.0003262642740619902
burke,0.0003262642740619902
denounced,0.0003262642740619902
letting,0.0001631321370309951
thousands,0.0003262642740619902
hell,0.0003262642740619902
hounds,0.0003262642740619902
loose,0.0004893964110929853
france,0.0003262642740619902
felice,0.0001631321370309951
orsini,0.0001631321370309951
threw,0.0001631321370309951
assassinate,0.0001631321370309951
emperor,0.0001631321370309951
napoleon,0.0001631321370309951
iii,0.0001631321370309951
bystanders,0.0001631321370309951
incident,0.0003262642740619902
played,0.0001631321370309951
crucial,0.0001631321370309951
inspiration,0.0001631321370309951
development,0.0003262642740619902
story,0.0001631321370309951
told,0.0001631321370309951
fictionalized,0.0001631321370309951
fyodor,0.0001631321370309951
dostoevsky,0.0001631321370309951
novel,0.0001631321370309951
possessed,0.0001631321370309951
german,0.0001631321370309951
johann,0.0001631321370309951
dispensed,0.0001631321370309951
advice,0.0001631321370309951
publicly,0.0003262642740619902
available,0.0003262642740619902
track,0.0001631321370309951
mipt,0.0001631321370309951
knowledge,0.0001631321370309951
base,0.0003262642740619902
worldwide,0.0001631321370309951
tracking,0.0001631321370309951
tocsearch,0.0001631321370309951
dynamic,0.0001631321370309951
database,0.0003262642740619902
indexes,0.0001631321370309951
electronic,0.0003262642740619902
bibliographic,0.0001631321370309951
gateway,0.0001631321370309951
maintained,0.0001631321370309951
secrecy,0.0001631321370309951
identities,0.0001631321370309951
datamart,0.0001631321370309951
environment,0.0001631321370309951
screening,0.0001631321370309951
airport,0.0001631321370309951
casualty,0.0001631321370309951
ratio,0.0001631321370309951
humanity,0.0001631321370309951
disposition,0.0001631321370309951
matrix,0.0001631321370309951
extremism,0.0001631321370309951
global,0.0006525285481239804
initiative,0.0001631321370309951
combat,0.0001631321370309951
index,0.0001631321370309951
house,0.0004893964110929853
interpol,0.0001631321370309951
intimidation,0.0003262642740619902
tourism,0.0001631321370309951
projection,0.0003262642740619902
special,0.0001631321370309951
tension,0.0001631321370309951
unconventional,0.0001631321370309951
memorial,0.0001631321370309951
defence,0.0003262642740619902
bills,0.0001631321370309951
digest,0.0001631321370309951
australia,0.0001631321370309951
web,0.0006525285481239804
february,0.0006525285481239804
thalif,0.0001631321370309951
deen,0.0001631321370309951
n,0.0004893964110929853
member,0.0003262642740619902
press,0.0037520391517128875
service,0.0001631321370309951
rsorgliche,0.0001631321370309951
belagerung,0.0001631321370309951
cologne,0.0001631321370309951
kiepenhauer,0.0001631321370309951
witsch,0.0001631321370309951
transformation,0.0001631321370309951
peasant,0.0001631321370309951
pp,0.0017944535073409463
doi,0.0003262642740619902
columbia,0.0009787928221859706
isbn,0.0021207177814029365
p,0.003915171288743882
review,0.0009787928221859706
record,0.0001631321370309951
jeffrey,0.0001631321370309951
december,0.0006525285481239804
bounding,0.0001631321370309951
institute,0.0003262642740619902
ssi,0.0001631321370309951
retrieved,0.010440456769983687
author,0.0001631321370309951
reflect,0.0001631321370309951
position,0.0001631321370309951
department,0.0003262642740619902
defense,0.0003262642740619902
cleared,0.0001631321370309951
release,0.0001631321370309951
distribution,0.0001631321370309951
unlimited,0.0003262642740619902
jongman,0.0001631321370309951
albert,0.0001631321370309951
authors,0.0001631321370309951
concepts,0.0003262642740619902
data,0.0001631321370309951
bases,0.0001631321370309951
theories,0.0001631321370309951
literature,0.0001631321370309951
amsterdam,0.0001631321370309951
north,0.0003262642740619902
holland,0.0001631321370309951
brunswick,0.0003262642740619902
transaction,0.0003262642740619902
books,0.0003262642740619902
geoffrey,0.0003262642740619902
nunberg,0.0003262642740619902
head,0.0006525285481239804
games,0.0003262642740619902
frightening,0.0003262642740619902
san,0.0003262642740619902
chronicle,0.0003262642740619902
double,0.0001631321370309951
justifiable,0.0001631321370309951
abomination,0.0001631321370309951
elysa,0.0001631321370309951
gardner,0.0001631321370309951
harold,0.0001631321370309951
pinter,0.0003262642740619902
theater,0.0001631321370309951
singular,0.0001631321370309951
voice,0.0001631321370309951
silent,0.0001631321370309951
today,0.0003262642740619902
earned,0.0001631321370309951
prestigious,0.0001631321370309951
wilfred,0.0001631321370309951
owen,0.0001631321370309951
poems,0.0001631321370309951
opposing,0.0001631321370309951
iraq,0.0011419249592169657
acceptance,0.0001631321370309951
speech,0.0003262642740619902
bandit,0.0001631321370309951
blatant,0.0001631321370309951
demonstrating,0.0001631321370309951
absolute,0.0001631321370309951
contempt,0.0001631321370309951
encyclop,0.0001631321370309951
dia,0.0001631321370309951
britannica,0.0003262642740619902
ruby,0.0001631321370309951
l,0.0001631321370309951
pdf,0.001468189233278956
etymology,0.0001631321370309951
dictionary,0.0008156606851549756
etymonline,0.0001631321370309951
com,0.0006525285481239804
kim,0.0001631321370309951
campbell,0.0001631321370309951
monitor,0.0004893964110929853
columnist,0.0001631321370309951
safire,0.0001631321370309951
roots,0.0003262642740619902
terrere,0.0001631321370309951
quote,0.0001631321370309951
coin,0.0001631321370309951
says,0.0001631321370309951
initiated,0.0001631321370309951
simply,0.0001631321370309951
la,0.0001631321370309951
terreur,0.0001631321370309951
robert,0.0004893964110929853
mackey,0.0001631321370309951
soldiers,0.0001631321370309951
random,0.0001631321370309951
hand,0.0001631321370309951
jeremy,0.0003262642740619902
lott,0.0003262642740619902
blunderers,0.0001631321370309951
selves,0.0001631321370309951
blame,0.0001631321370309951
jews,0.0001631321370309951
magazine,0.0008156606851549756
pentagon,0.0001631321370309951
masterstroke,0.0001631321370309951
producing,0.0001631321370309951
rocked,0.0001631321370309951
crenshaw,0.0006525285481239804
martha,0.0004893964110929853
arnold,0.0001631321370309951
kathleen,0.0001631321370309951
r,0.0004893964110929853
ed,0.001468189233278956
immigration,0.0001631321370309951
encyclopedia,0.0003262642740619902
abc,0.0001631321370309951
clio,0.0001631321370309951
llc,0.0001631321370309951
reform,0.0003262642740619902
archived,0.0009787928221859706
backs,0.0001631321370309951
divisive,0.0001631321370309951
agreement,0.0001631321370309951
eluded,0.0001631321370309951
diaz,0.0001631321370309951
paniagua,0.0001631321370309951
negotiating,0.0001631321370309951
negotiation,0.0001631321370309951
dynamics,0.0001631321370309951
treaties,0.0001631321370309951
declaration,0.0001631321370309951
eliminate,0.0003262642740619902
annex,0.0001631321370309951
resolution,0.0004893964110929853
doc,0.0001631321370309951
res,0.0001631321370309951
jihadist,0.0001631321370309951
communication,0.0001631321370309951
occasional,0.0001631321370309951
issn,0.0003262642740619902
bailey,0.0001631321370309951
gets,0.0003262642740619902
prison,0.0003262642740619902
biotech,0.0001631321370309951
arson,0.0001631321370309951
marie,0.0001631321370309951
mason,0.0003262642740619902
decided,0.0001631321370309951
elevate,0.0001631321370309951
grievances,0.0001631321370309951
norms,0.0001631321370309951
civilized,0.0001631321370309951
district,0.0001631321370309951
judge,0.0001631321370309951
paul,0.0004893964110929853
maloney,0.0001631321370309951
prosecuted,0.0001631321370309951
daniel,0.0001631321370309951
schorn,0.0001631321370309951
june,0.0011419249592169657
bradley,0.0001631321370309951
reports,0.0001631321370309951
extremists,0.0001631321370309951
deemed,0.0001631321370309951
biggest,0.0004893964110929853
minutes,0.0001631321370309951
masked,0.0001631321370309951
known,0.0001631321370309951
videotape,0.0001631321370309951
breaking,0.0001631321370309951
labs,0.0001631321370309951
logic,0.0008156606851549756
atlantic,0.0004893964110929853
rick,0.0003262642740619902
hampson,0.0001631321370309951
statue,0.0003262642740619902
liberty,0.0003262642740619902
saturday,0.0001631321370309951
closed,0.0001631321370309951
reopen,0.0001631321370309951
visitors,0.0001631321370309951
relative,0.0001631321370309951
specially,0.0001631321370309951
ticketed,0.0001631321370309951
carefully,0.0001631321370309951
screened,0.0001631321370309951
escorted,0.0001631321370309951
park,0.0003262642740619902
ranger,0.0001631321370309951
juergensmeyer,0.0004893964110929853
mark,0.0006525285481239804
mind,0.0004893964110929853
god,0.0006525285481239804
california,0.0008156606851549756
style,0.0003262642740619902
fatalities,0.0001631321370309951
deadliest,0.0001631321370309951
alexander,0.0001631321370309951
stille,0.0001631321370309951
historians,0.0001631321370309951
trace,0.0001631321370309951
unholy,0.0001631321370309951
alliance,0.0003262642740619902
root,0.0001631321370309951
feeling,0.0001631321370309951
completely,0.0001631321370309951
changed,0.0001631321370309951
faced,0.0001631321370309951
fundamentalism,0.0001631321370309951
west,0.0003262642740619902
open,0.0001631321370309951
looking,0.0001631321370309951
formation,0.0001631321370309951
federal,0.0004893964110929853
bureau,0.0001631321370309951
investigation,0.0001631321370309951
accuses,0.0001631321370309951
bbc,0.0022838499184339315
news,0.0016313213703099511
amid,0.0001631321370309951
signs,0.0001631321370309951
countries,0.0003262642740619902
heating,0.0001631321370309951
askoxford,0.0004893964110929853
results,0.0001631321370309951
cambridge,0.0008156606851549756
org,0.0004893964110929853
reference,0.0001631321370309951
network,0.0004893964110929853
barak,0.0001631321370309951
mendelsohn,0.0001631321370309951
sovereignty,0.0003262642740619902
meets,0.0003262642740619902
abstract,0.0001631321370309951
journals,0.0001631321370309951
examines,0.0001631321370309951
poses,0.0001631321370309951
challenge,0.0001631321370309951
challenges,0.0001631321370309951
president,0.0008156606851549756
calls,0.0003262642740619902
daily,0.0003262642740619902
website,0.0006525285481239804
viewed,0.0001631321370309951
bob,0.0001631321370309951
thompson,0.0001631321370309951
hollywood,0.0001631321370309951
crusade,0.0001631321370309951
chastised,0.0001631321370309951
carries,0.0001631321370309951
tselem,0.0001631321370309951
isa,0.0001631321370309951
reynolds,0.0001631321370309951
quoting,0.0001631321370309951
hannay,0.0001631321370309951
ambassador,0.0001631321370309951
staggers,0.0001631321370309951
road,0.0001631321370309951
argument,0.0001631321370309951
craig,0.0001631321370309951
routledge,0.0003262642740619902
philosophy,0.0001631321370309951
peter,0.0003262642740619902
steinfels,0.0001631321370309951
march,0.0008156606851549756
beliefs,0.0001631321370309951
just,0.0006525285481239804
tradition,0.0003262642740619902
resort,0.0001631321370309951
debate,0.0003262642740619902
invasion,0.0001631321370309951
value,0.0001631321370309951
disciplined,0.0001631321370309951
think,0.0001631321370309951
morality,0.0003262642740619902
google,0.0001631321370309951
cached,0.0001631321370309951
copy,0.0001631321370309951
raymond,0.0001631321370309951
bonner,0.0001631321370309951
finds,0.0001631321370309951
works,0.0003262642740619902
category,0.0001631321370309951
read,0.0001631321370309951
wants,0.0001631321370309951
respond,0.0001631321370309951
concise,0.0001631321370309951
dr,0.0001631321370309951
chris,0.0001631321370309951
clark,0.0001631321370309951
conference,0.0003262642740619902
spartacus,0.0001631321370309951
educational,0.0001631321370309951
interim,0.0001631321370309951
authority,0.0001631321370309951
georgewbush,0.0001631321370309951
whitehouse,0.0001631321370309951
archives,0.0006525285481239804
gov,0.0001631321370309951
discusses,0.0001631321370309951
progress,0.0003262642740619902
guard,0.0001631321370309951
white,0.0001631321370309951
unbiased,0.0001631321370309951
afghanistan,0.0004893964110929853
struggling,0.0001631321370309951
soviets,0.0001631321370309951
chouvy,0.0001631321370309951
pierre,0.0001631321370309951
arnaud,0.0001631321370309951
opium,0.0001631321370309951
uncovering,0.0001631321370309951
poppy,0.0001631321370309951
illustrated,0.0001631321370309951
reprint,0.0003262642740619902
harvard,0.0009787928221859706
sudha,0.0001631321370309951
ramachandran,0.0001631321370309951
wheel,0.0001631321370309951
asian,0.0001631321370309951
insurgent,0.0001631321370309951
martyrdom,0.0001631321370309951
perry,0.0001631321370309951
tip,0.0001631321370309951
tamil,0.0001631321370309951
tigers,0.0001631321370309951
dispute,0.0001631321370309951
tag,0.0001631321370309951
course,0.0001631321370309951
guerrillas,0.0001631321370309951
bombers,0.0003262642740619902
causes,0.0001631321370309951
printed,0.0001631321370309951
reduction,0.0001631321370309951
agency,0.0001631321370309951
fort,0.0001631321370309951
belvoir,0.0001631321370309951
virginia,0.0001631321370309951
humphreys,0.0001631321370309951
adrian,0.0001631321370309951
refugee,0.0001631321370309951
theodore,0.0001631321370309951
seto,0.0001631321370309951
published,0.0003262642740619902
launched,0.0001631321370309951
numerous,0.0001631321370309951
eqbal,0.0001631321370309951
ahmad,0.0001631321370309951
straight,0.0001631321370309951
talk,0.0001631321370309951
monthly,0.0003262642740619902
appearing,0.0001631321370309951
wanted,0.0001631321370309951
posters,0.0001631321370309951
saying,0.0001631321370309951
reward,0.0003262642740619902
highest,0.0001631321370309951
pounds,0.0001631321370309951
lord,0.0001631321370309951
hansard,0.0001631321370309951
lords,0.0001631321370309951
column,0.0001631321370309951
jomo,0.0001631321370309951
kenyatta,0.0001631321370309951
americas,0.0001631321370309951
reforms,0.0001631321370309951
receive,0.0001631321370309951
mixed,0.0001631321370309951
represents,0.0001631321370309951
best,0.0001631321370309951
traditional,0.0001631321370309951
dichotomous,0.0001631321370309951
elected,0.0001631321370309951
genuinely,0.0001631321370309951
figures,0.0001631321370309951
revered,0.0001631321370309951
statesman,0.0001631321370309951
beckford,0.0001631321370309951
hunt,0.0001631321370309951
founder,0.0001631321370309951
taliban,0.0003262642740619902
telegraph,0.0003262642740619902
macaskill,0.0001631321370309951
ewen,0.0001631321370309951
hi,0.0001631321370309951
tech,0.0001631321370309951
guardian,0.0004893964110929853
d,0.0006525285481239804
cir,0.0001631321370309951
settlement,0.0001631321370309951
zachary,0.0001631321370309951
mccabe,0.0001631321370309951
northern,0.0003262642740619902
paramilitaries,0.0001631321370309951
queen,0.0001631321370309951
belfast,0.0001631321370309951
waybackmachine,0.0001631321370309951
dec,0.0001631321370309951
editorial,0.0001631321370309951
guidelines,0.0001631321370309951
language,0.0003262642740619902
reporting,0.0001631321370309951
beagles,0.0003262642740619902
stolen,0.0001631321370309951
researchers,0.0001631321370309951
proponents,0.0001631321370309951
removed,0.0001631321370309951
medical,0.0001631321370309951
campus,0.0001631321370309951
spokeswoman,0.0001631321370309951
kathy,0.0001631321370309951
jones,0.0001631321370309951
theft,0.0001631321370309951
te,0.0004893964110929853
sat,0.0004893964110929853
eu,0.0004893964110929853
trend,0.0004893964110929853
hudson,0.0001631321370309951
rex,0.0001631321370309951
profiling,0.0001631321370309951
division,0.0003262642740619902
lyons,0.0001631321370309951
barry,0.0001631321370309951
scheider,0.0001631321370309951
jim,0.0001631321370309951
davis,0.0001631321370309951
avoiding,0.0001631321370309951
abyss,0.0001631321370309951
shortfalls,0.0001631321370309951
ahaed,0.0001631321370309951
wmd,0.0001631321370309951
greenwood,0.0001631321370309951
publishing,0.0001631321370309951
introduction,0.0001631321370309951
applications,0.0001631321370309951
philip,0.0001631321370309951
purpura,0.0001631321370309951
butterworth,0.0001631321370309951
heinemann,0.0001631321370309951
abrahms,0.0001631321370309951
max,0.0001631321370309951
really,0.0001631321370309951
want,0.0003262642740619902
kb,0.0001631321370309951
ma,0.0001631321370309951
mit,0.0001631321370309951
squelches,0.0003262642740619902
gazette,0.0003262642740619902
poverty,0.0004893964110929853
unemployment,0.0001631321370309951
inequality,0.0001631321370309951
economics,0.0004893964110929853
appear,0.0001631321370309951
homing,0.0001631321370309951
remaining,0.0001631321370309951
places,0.0001631321370309951
israelis,0.0001631321370309951
socialize,0.0001631321370309951
pape,0.0003262642740619902
basque,0.0004893964110929853
marks,0.0001631321370309951
anniversary,0.0001631321370309951
europe,0.0001631321370309951
longest,0.0001631321370309951
enduring,0.0003262642740619902
week,0.0001631321370309951
initials,0.0001631321370309951
stand,0.0001631321370309951
euskera,0.0001631321370309951
romero,0.0001631321370309951
simon,0.0001631321370309951
faction,0.0001631321370309951
peruvian,0.0001631321370309951
militants,0.0001631321370309951
resurfaced,0.0001631321370309951
corners,0.0001631321370309951
andes,0.0001631321370309951
lives,0.0001631321370309951
supposedly,0.0001631321370309951
ended,0.0001631321370309951
rebels,0.0001631321370309951
infamous,0.0001631321370309951
atrocities,0.0001631321370309951
planting,0.0001631321370309951
donkeys,0.0001631321370309951
crowded,0.0001631321370309951
markets,0.0001631321370309951
assassinations,0.0001631321370309951
kills,0.0001631321370309951
outlawed,0.0001631321370309951
apartheid,0.0001631321370309951
african,0.0001631321370309951
congress,0.0003262642740619902
blamed,0.0001631321370309951
explosion,0.0001631321370309951
ugliest,0.0001631321370309951
began,0.0001631321370309951
ago,0.0001631321370309951
young,0.0001631321370309951
pbs,0.0003262642740619902
frontline,0.0004893964110929853
spying,0.0001631321370309951
home,0.0001631321370309951
felt,0.0001631321370309951
comprehensively,0.0001631321370309951
shift,0.0001631321370309951
prevention,0.0003262642740619902
face,0.0001631321370309951
balancing,0.0001631321370309951
privacy,0.0001631321370309951
yager,0.0001631321370309951
jordy,0.0001631321370309951
intel,0.0001631321370309951
chief,0.0001631321370309951
devil,0.0001631321370309951
thehill,0.0001631321370309951
shabad,0.0001631321370309951
goldie,0.0001631321370309951
jose,0.0001631321370309951
llera,0.0001631321370309951
ramo,0.0001631321370309951
pennsylvania,0.0003262642740619902
clever,0.0001631321370309951
gambler,0.0001631321370309951
rose,0.0001631321370309951
disciples,0.0001631321370309951
share,0.0001631321370309951
interviewed,0.0001631321370309951
defending,0.0001631321370309951
faithful,0.0001631321370309951
deeds,0.0001631321370309951
testimonials,0.0001631321370309951
mask,0.0001631321370309951
deeper,0.0003262642740619902
angst,0.0001631321370309951
godless,0.0001631321370309951
universe,0.0001631321370309951
chaos,0.0001631321370309951
rules,0.0001631321370309951
loneliness,0.0001631321370309951
sageman,0.0001631321370309951
understanding,0.0003262642740619902
philadelphia,0.0001631321370309951
pa,0.0001631321370309951
williams,0.0001631321370309951
phil,0.0001631321370309951
dead,0.0003262642740619902
link,0.0004893964110929853
steven,0.0001631321370309951
levitt,0.0001631321370309951
stephen,0.0001631321370309951
j,0.0004893964110929853
dubner,0.0001631321370309951
superfreakonomics,0.0001631321370309951
cooling,0.0001631321370309951
patriotic,0.0001631321370309951
prostitutes,0.0001631321370309951
buy,0.0001631321370309951
morrow,0.0001631321370309951
citing,0.0001631321370309951
makes,0.0001631321370309951
princeton,0.0003262642740619902
claude,0.0001631321370309951
berrebi,0.0001631321370309951
industrial,0.0001631321370309951
section,0.0001631321370309951
working,0.0001631321370309951
jita,0.0001631321370309951
maleckova,0.0001631321370309951
causal,0.0001631321370309951
connection,0.0001631321370309951
journal,0.0001631321370309951
perspectives,0.0001631321370309951
fall,0.0001631321370309951
sean,0.0001631321370309951
coughlan,0.0001631321370309951
unknown,0.0001631321370309951
passenger,0.0001631321370309951
heath,0.0001631321370309951
schofield,0.0001631321370309951
explained,0.0001631321370309951
suspicions,0.0001631321370309951
return,0.0001631321370309951
holiday,0.0001631321370309951
flip,0.0001631321370309951
flops,0.0001631321370309951
shorts,0.0001631321370309951
crowd,0.0001631321370309951
looked,0.0001631321370309951
didn,0.0001631321370309951
belong,0.0001631321370309951
library,0.0003262642740619902
sociology,0.0001631321370309951
endgame,0.0001631321370309951
seven,0.0001631321370309951
stories,0.0001631321370309951
ix,0.0001631321370309951
pds,0.0001631321370309951
sso,0.0001631321370309951
eprints,0.0001631321370309951
unimelb,0.0001631321370309951
edu,0.0001631321370309951
au,0.0001631321370309951
addressing,0.0001631321370309951
council,0.0003262642740619902
develop,0.0001631321370309951
defeat,0.0001631321370309951
lind,0.0001631321370309951
america,0.0003262642740619902
newamerica,0.0001631321370309951
net,0.0001631321370309951
fm,0.0001631321370309951
kamal,0.0001631321370309951
kharrazi,0.0001631321370309951
superpowers,0.0001631321370309951
association,0.0003262642740619902
atlanta,0.0003262642740619902
terrible,0.0001631321370309951
endurance,0.0001631321370309951
slackman,0.0001631321370309951
status,0.0003262642740619902
empowers,0.0001631321370309951
eccentric,0.0001631321370309951
qaddafi,0.0003262642740619902
vilified,0.0001631321370309951
promoting,0.0001631321370309951
colonel,0.0001631321370309951
courted,0.0001631321370309951
text,0.0001631321370309951
document,0.0001631321370309951
issued,0.0001631321370309951
leag,0.0001631321370309951
preview,0.0001631321370309951
nicolas,0.0001631321370309951
werth,0.0001631321370309951
karel,0.0001631321370309951
barto,0.0001631321370309951
ek,0.0001631321370309951
jean,0.0003262642740619902
louis,0.0003262642740619902
pann,0.0001631321370309951
margolin,0.0001631321370309951
andrzej,0.0001631321370309951
paczkowski,0.0001631321370309951
phane,0.0001631321370309951
courtois,0.0001631321370309951
black,0.0003262642740619902
communism,0.0001631321370309951
repression,0.0001631321370309951
hardcover,0.0001631321370309951
kisangani,0.0001631321370309951
nafziger,0.0001631321370309951
wayne,0.0001631321370309951
economy,0.0001631321370309951
rummel,0.0001631321370309951
publishers,0.0001631321370309951
lessons,0.0001631321370309951
learned,0.0001631321370309951
holocaust,0.0001631321370309951
barbara,0.0001631321370309951
harff,0.0001631321370309951
credit,0.0001631321370309951
ncua,0.0001631321370309951
tripped,0.0001631321370309951
fell,0.0001631321370309951
subsidies,0.0001631321370309951
branch,0.0001631321370309951
dean,0.0001631321370309951
pakistani,0.0001631321370309951
asif,0.0001631321370309951
zardari,0.0001631321370309951
admits,0.0001631321370309951
creating,0.0001631321370309951
hackers,0.0001631321370309951
warn,0.0001631321370309951
chains,0.0001631321370309951
beauty,0.0001631321370309951
don,0.0001631321370309951
need,0.0001631321370309951
lot,0.0001631321370309951
ricolfi,0.0001631321370309951
luca,0.0001631321370309951
gambetta,0.0001631321370309951
diego,0.0001631321370309951
missions,0.0001631321370309951
oxford,0.0003262642740619902
richardson,0.0001631321370309951
louise,0.0001631321370309951
john,0.0001631321370309951
murray,0.0001631321370309951
hidden,0.0001631321370309951
growing,0.0001631321370309951
reassessment,0.0001631321370309951
wilkinson,0.0001631321370309951
vol,0.0001631321370309951
summer,0.0001631321370309951
frank,0.0001631321370309951
cass,0.0001631321370309951
policing,0.0001631321370309951
implications,0.0001631321370309951
presidency,0.0001631321370309951
ny,0.0001631321370309951
taylor,0.0001631321370309951
francis,0.0001631321370309951
blog,0.0004893964110929853
chaliand,0.0003262642740619902
gerard,0.0003262642740619902
antiquity,0.0003262642740619902
berkeley,0.0003262642740619902
iv,0.0001631321370309951
earl,0.0001631321370309951
fitzwilliam,0.0001631321370309951
shut,0.0001631321370309951
satellites,0.0001631321370309951
tyranny,0.0001631321370309951
let,0.0001631321370309951
jessica,0.0001631321370309951
ultimate,0.0001631321370309951
pbk,0.0001631321370309951
cop,0.0001631321370309951
wikiquote,0.0001631321370309951
quotations,0.0001631321370309951
wikimedia,0.0001631321370309951
commons,0.0001631321370309951
office,0.0003262642740619902
drugs,0.0003262642740619902
multilateral,0.0001631321370309951
protocols,0.0001631321370309951
responsibilities,0.0001631321370309951
combating,0.0003262642740619902
instruments,0.0001631321370309951
implementing,0.0001631321370309951
unodc,0.0001631321370309951
cross,0.0001631321370309951
monitoring,0.0001631321370309951
websites,0.0001631321370309951
specializing,0.0001631321370309951
multi,0.0001631321370309951
expert,0.0001631321370309951
dedicated,0.0001631321370309951
jihad,0.0003262642740619902
westpoint,0.0001631321370309951
operational,0.0001631321370309951
isaf,0.0001631321370309951
operation,0.0006525285481239804
iraqi,0.0003262642740619902
nato,0.0001631321370309951
ethiopia,0.0001631321370309951
osama,0.0003262642740619902
bin,0.0003262642740619902
laden,0.0003262642740619902
arabian,0.0001631321370309951
peninsula,0.0001631321370309951
abu,0.0003262642740619902
sayyaf,0.0001631321370309951
anwar,0.0001631321370309951
awlaki,0.0001631321370309951
shabaab,0.0001631321370309951
harkat,0.0001631321370309951
ul,0.0001631321370309951
islami,0.0001631321370309951
hafiz,0.0001631321370309951
muhammad,0.0001631321370309951
saeed,0.0001631321370309951
hezbollah,0.0001631321370309951
hizbul,0.0001631321370309951
courts,0.0001631321370309951
jaish,0.0001631321370309951
mohammed,0.0001631321370309951
jemaah,0.0001631321370309951
islamiyah,0.0001631321370309951
lashkar,0.0001631321370309951
taiba,0.0001631321370309951
uzbekistan,0.0001631321370309951
operationenduring,0.0001631321370309951
oef,0.0004893964110929853
georgia,0.0003262642740619902
equip,0.0001631321370309951
program,0.0004893964110929853
sustainment,0.0001631321370309951
stability,0.0001631321370309951
horn,0.0001631321370309951
trans,0.0001631321370309951
sahara,0.0001631321370309951
drone,0.0001631321370309951
maghreb,0.0001631321370309951
present,0.0001631321370309951
linda,0.0001631321370309951
nchi,0.0001631321370309951
somalia,0.0001631321370309951
lebanon,0.0001631321370309951
yemeni,0.0001631321370309951
crackdown,0.0001631321370309951
sinai,0.0001631321370309951
ghraib,0.0001631321370309951
torture,0.0003262642740619902
prisoner,0.0001631321370309951
enterprise,0.0001631321370309951
axis,0.0001631321370309951
sites,0.0001631321370309951
doctrine,0.0001631321370309951
clash,0.0001631321370309951
civilizations,0.0001631321370309951
tribunal,0.0001631321370309951
criticism,0.0001631321370309951
memos,0.0001631321370309951
prisoners,0.0001631321370309951
extraordinary,0.0001631321370309951
rendition,0.0001631321370309951
guantanamo,0.0001631321370309951
bay,0.0001631321370309951
commissions,0.0001631321370309951
nsa,0.0001631321370309951
noble,0.0001631321370309951
eagle,0.0003262642740619902
assist,0.0001631321370309951
unitary,0.0001631321370309951
executive,0.0001631321370309951
bullying,0.0001631321370309951
child,0.0003262642740619902
neglect,0.0003262642740619902
sexual,0.0003262642740619902
cruelty,0.0001631321370309951
elder,0.0001631321370309951
harassment,0.0001631321370309951
humiliation,0.0001631321370309951
incivility,0.0001631321370309951
institutional,0.0001631321370309951
persecution,0.0001631321370309951
personal,0.0001631321370309951
professional,0.0001631321370309951
stalking,0.0001631321370309951
verbal,0.0001631321370309951
topics,0.0001631321370309951
grooming,0.0001631321370309951
traumatic,0.0001631321370309951
stress,0.0001631321370309951
dehumanization,0.0001631321370309951
denial,0.0001631321370309951
destabilisation,0.0001631321370309951
exaggeration,0.0001631321370309951
lying,0.0001631321370309951
minimisation,0.0001631321370309951
trauma,0.0001631321370309951
psychopathy,0.0001631321370309951
rationalization,0.0001631321370309951
excuses,0.0001631321370309951
blaming,0.0001631321370309951
playing,0.0001631321370309951
victimisation,0.0001631321370309951
